Date,Daily_Max_Load,Max_Temperature,Avg_Humidity,Month,Year,IsWeekend,YearMonth,Peak_Day
2012-10-01,15094.0,288.961047606,56.416666666666664,10,2012,0,2012-10,0
2012-10-02,15921.0,294.85,50.5,10,2012,0,2012-10,0
2012-10-03,15553.0,292.88,68.54166666666667,10,2012,0,2012-10,0
2012-10-04,15569.0,295.27,95.0,10,2012,0,2012-10,0
2012-10-05,15189.0,296.27,93.04166666666667,10,2012,0,2012-10,0
2012-10-06,13409.0,299.78,71.04166666666667,10,2012,1,2012-10,0
2012-10-07,14246.0,297.84,66.45833333333333,10,2012,1,2012-10,0
2012-10-08,16080.0,286.81,62.25,10,2012,0,2012-10,0
2012-10-09,15842.0,285.78,69.91666666666667,10,2012,0,2012-10,0
2012-10-10,15772.0,288.6,76.70833333333333,10,2012,0,2012-10,0
2012-10-11,16641.0,291.3,85.04166666666667,10,2012,0,2012-10,0
2012-10-12,15368.0,288.76,46.958333333333336,10,2012,0,2012-10,0
2012-10-13,14295.0,287.1,59.208333333333336,10,2012,1,2012-10,0
2012-10-14,14147.0,285.09,46.041666666666664,10,2012,1,2012-10,0
2012-10-15,15512.0,294.95,62.0,10,2012,0,2012-10,0
2012-10-16,15879.0,295.05,73.33333333333333,10,2012,0,2012-10,0
2012-10-17,15566.0,289.4,61.125,10,2012,0,2012-10,0
2012-10-18,15244.0,290.16,57.125,10,2012,0,2012-10,0
2012-10-19,15494.0,291.98,70.25,10,2012,0,2012-10,0
2012-10-20,13789.0,292.94,88.16666666666667,10,2012,1,2012-10,0
2012-10-21,13580.0,291.47,85.625,10,2012,1,2012-10,0
2012-10-22,15685.0,291.46,53.041666666666664,10,2012,0,2012-10,0
2012-10-23,15520.0,293.34,50.125,10,2012,0,2012-10,0
2012-10-24,15554.0,290.52,61.75,10,2012,0,2012-10,0
2012-10-25,15527.0,288.99,86.16666666666667,10,2012,0,2012-10,0
2012-10-26,14734.0,289.77,76.625,10,2012,0,2012-10,0
2012-10-27,13764.0,291.88,73.66666666666667,10,2012,1,2012-10,0
2012-10-28,15314.0,291.36,75.5,10,2012,1,2012-10,0
2012-10-29,18437.0,288.68,71.91666666666667,10,2012,0,2012-10,1
2012-10-30,17439.0,289.97,79.33333333333333,10,2012,0,2012-10,0
2012-10-31,17245.0,289.3,74.83333333333333,10,2012,0,2012-10,0
2012-11-01,16524.0,284.27,62.25,11,2012,0,2012-11,0
2012-11-02,16567.0,284.44,64.95833333333333,11,2012,0,2012-11,0
2012-11-03,15418.0,284.6,61.416666666666664,11,2012,1,2012-11,0
2012-11-04,15537.0,283.58,62.0,11,2012,1,2012-11,0
2012-11-05,17724.0,283.85,64.58333333333333,11,2012,0,2012-11,0
2012-11-06,18017.0,281.53,60.083333333333336,11,2012,0,2012-11,0
2012-11-07,17085.0,279.78,47.041666666666664,11,2012,0,2012-11,0
2012-11-08,17952.0,277.58,69.125,11,2012,0,2012-11,0
2012-11-09,17615.0,281.63,68.04166666666667,11,2012,0,2012-11,0
2012-11-10,14531.0,285.46,50.125,11,2012,1,2012-11,0
2012-11-11,13876.0,286.03,62.75,11,2012,1,2012-11,0
2012-11-12,16459.0,290.94,72.0,11,2012,0,2012-11,0
2012-11-13,17703.0,292.31,87.5,11,2012,0,2012-11,0
2012-11-14,18652.0,289.05,84.125,11,2012,0,2012-11,0
2012-11-15,18677.0,282.6,54.833333333333336,11,2012,0,2012-11,0
2012-11-16,18489.0,280.5,64.70833333333333,11,2012,0,2012-11,0
2012-11-17,16267.0,281.87,59.333333333333336,11,2012,1,2012-11,0
2012-11-18,15235.0,285.25,53.708333333333336,11,2012,1,2012-11,0
2012-11-19,17318.0,282.93,63.875,11,2012,0,2012-11,0
2012-11-20,16658.0,282.36,72.08333333333333,11,2012,0,2012-11,0
2012-11-21,16828.0,283.31,67.33333333333333,11,2012,0,2012-11,0
2012-11-22,14745.0,285.66,58.958333333333336,11,2012,0,2012-11,0
2012-11-23,15077.0,286.69,66.79166666666667,11,2012,0,2012-11,0
2012-11-24,16555.0,288.14,80.5,11,2012,1,2012-11,0
2012-11-25,16173.0,282.92,51.875,11,2012,1,2012-11,0
2012-11-26,17912.0,278.16,45.208333333333336,11,2012,0,2012-11,0
2012-11-27,18319.0,283.27,43.5,11,2012,0,2012-11,0
2012-11-28,18640.0,276.47,67.04166666666667,11,2012,0,2012-11,0
2012-11-29,19504.0,278.41,69.70833333333333,11,2012,0,2012-11,1
2012-11-30,18493.0,279.93,64.04166666666667,11,2012,0,2012-11,0
2012-12-01,15698.0,280.7,54.583333333333336,12,2012,1,2012-12,0
2012-12-02,14996.0,281.75,81.83333333333333,12,2012,1,2012-12,0
2012-12-03,16013.0,282.93,91.58333333333333,12,2012,0,2012-12,0
2012-12-04,16265.0,290.07,76.125,12,2012,0,2012-12,0
2012-12-05,17530.0,289.33,88.70833333333333,12,2012,0,2012-12,0
2012-12-06,18526.0,285.73,70.78260869565217,12,2012,0,2012-12,0
2012-12-07,16678.0,278.63,49.291666666666664,12,2012,0,2012-12,0
2012-12-08,15641.0,278.58,64.58333333333333,12,2012,1,2012-12,0
2012-12-09,16086.0,284.85,88.66666666666667,12,2012,1,2012-12,0
2012-12-10,17667.0,282.05,79.95833333333333,12,2012,0,2012-12,0
2012-12-11,18917.0,286.99,93.79166666666667,12,2012,0,2012-12,0
2012-12-12,18927.0,286.67,72.16666666666667,12,2012,0,2012-12,0
2012-12-13,19425.0,279.73,48.708333333333336,12,2012,0,2012-12,0
2012-12-14,19331.0,281.36,49.5,12,2012,0,2012-12,0
2012-12-15,16284.0,283.5,51.875,12,2012,1,2012-12,0
2012-12-16,15388.0,281.91,55.083333333333336,12,2012,1,2012-12,0
2012-12-17,17198.0,280.95,73.625,12,2012,0,2012-12,0
2012-12-18,18077.0,279.48,87.95833333333333,12,2012,0,2012-12,0
2012-12-19,17437.0,285.57,84.45833333333333,12,2012,0,2012-12,0
2012-12-20,18124.0,283.03,54.291666666666664,12,2012,0,2012-12,0
2012-12-21,19584.0,278.95,55.791666666666664,12,2012,0,2012-12,1
2012-12-22,17570.0,286.39,73.5,12,2012,1,2012-12,0
2012-12-23,16924.0,277.12,57.166666666666664,12,2012,1,2012-12,0
2012-12-24,15641.0,279.34,45.541666666666664,12,2012,0,2012-12,0
2012-12-25,14573.0,277.35,46.875,12,2012,0,2012-12,0
2012-12-26,18143.0,278.42,79.83333333333333,12,2012,0,2012-12,0
2012-12-27,18538.0,275.55,71.0,12,2012,0,2012-12,0
2012-12-28,17673.0,277.19,81.20833333333333,12,2012,0,2012-12,0
2012-12-29,17534.0,276.63,58.375,12,2012,1,2012-12,0
2012-12-30,17821.0,273.88,72.54166666666667,12,2012,1,2012-12,0
2012-12-31,17527.0,274.99,59.333333333333336,12,2012,0,2012-12,0
2013-01-01,16936.0,276.61,50.0,1,2013,0,2013-01,0
2013-01-02,19621.0,277.17,53.708333333333336,1,2013,0,2013-01,0
2013-01-03,19818.0,273.95,56.458333333333336,1,2013,0,2013-01,0
2013-01-04,19462.0,274.29,53.666666666666664,1,2013,0,2013-01,0
2013-01-05,17876.0,276.68,51.75,1,2013,1,2013-01,0
2013-01-06,17042.0,280.0,46.125,1,2013,1,2013-01,0
2013-01-07,18777.0,281.54,56.625,1,2013,0,2013-01,0
2013-01-08,19938.0,281.18,51.708333333333336,1,2013,0,2013-01,0
2013-01-09,18056.0,282.48,54.916666666666664,1,2013,0,2013-01,0
2013-01-10,18077.0,281.62,56.916666666666664,1,2013,0,2013-01,0
2013-01-11,16738.0,282.19,47.333333333333336,1,2013,0,2013-01,0
2013-01-12,14237.0,279.0,64.29166666666667,1,2013,1,2013-01,0
2013-01-13,14777.0,281.32,93.70833333333333,1,2013,1,2013-01,0
2013-01-14,18296.0,281.84,92.70833333333333,1,2013,0,2013-01,0
2013-01-15,18772.0,286.27,84.08333333333333,1,2013,0,2013-01,0
2013-01-16,18436.0,282.5,63.791666666666664,1,2013,0,2013-01,0
2013-01-17,18516.0,277.7,77.375,1,2013,0,2013-01,0
2013-01-18,18882.0,279.33,65.29166666666667,1,2013,0,2013-01,0
2013-01-19,16838.0,276.97,46.958333333333336,1,2013,1,2013-01,0
2013-01-20,16902.0,281.15,48.291666666666664,1,2013,1,2013-01,0
2013-01-21,20447.0,285.1,43.875,1,2013,0,2013-01,0
2013-01-22,22097.0,277.615,44.625,1,2013,0,2013-01,0
2013-01-23,22253.0,271.865,50.0,1,2013,0,2013-01,1
2013-01-24,21418.0,265.96,42.958333333333336,1,2013,0,2013-01,0
2013-01-25,21402.0,268.43,43.791666666666664,1,2013,0,2013-01,0
2013-01-26,18402.0,268.807333333,58.958333333333336,1,2013,1,2013-01,0
2013-01-27,18329.0,270.69,69.41666666666667,1,2013,1,2013-01,0
2013-01-28,18424.0,274.5,52.208333333333336,1,2013,0,2013-01,0
2013-01-29,16355.0,280.097333333,84.20833333333333,1,2013,0,2013-01,0
2013-01-30,16471.0,281.46,85.83333333333333,1,2013,0,2013-01,0
2013-01-31,19965.0,285.82,95.95833333333333,1,2013,0,2013-01,0
2013-02-01,21318.0,285.15,69.125,2,2013,0,2013-02,1
2013-02-02,19747.0,274.27,43.291666666666664,2,2013,1,2013-02,0
2013-02-03,18672.0,271.44,45.583333333333336,2,2013,1,2013-02,0
2013-02-04,20404.0,272.74,69.375,2,2013,0,2013-02,0
2013-02-05,18757.0,272.2,48.625,2,2013,0,2013-02,0
2013-02-06,18545.0,272.24,69.0,2,2013,0,2013-02,0
2013-02-07,18818.0,277.41,63.416666666666664,2,2013,0,2013-02,0
2013-02-08,18118.0,273.99,36.833333333333336,2,2013,0,2013-02,0
2013-02-09,17364.0,274.38,72.16666666666667,2,2013,1,2013-02,0
2013-02-10,16286.0,274.17,67.0,2,2013,1,2013-02,0
2013-02-11,17194.0,275.64,48.583333333333336,2,2013,0,2013-02,0
2013-02-12,18105.0,277.98,80.29166666666667,2,2013,0,2013-02,0
2013-02-13,18402.0,279.15,64.375,2,2013,0,2013-02,0
2013-02-14,18794.0,279.42,51.666666666666664,2,2013,0,2013-02,0
2013-02-15,18413.0,281.17,63.958333333333336,2,2013,0,2013-02,0
2013-02-16,18224.0,285.78,63.625,2,2013,1,2013-02,0
2013-02-17,18714.0,279.97,64.20833333333333,2,2013,1,2013-02,0
2013-02-18,20505.0,274.35,41.666666666666664,2,2013,0,2013-02,0
2013-02-19,19283.0,275.52,40.375,2,2013,0,2013-02,0
2013-02-20,20022.0,280.76,52.166666666666664,2,2013,0,2013-02,0
2013-02-21,20419.0,279.6,51.0,2,2013,0,2013-02,0
2013-02-22,18598.0,274.79,45.333333333333336,2,2013,0,2013-02,0
2013-02-23,15922.0,277.94,59.541666666666664,2,2013,1,2013-02,0
2013-02-24,16496.0,277.97,85.125,2,2013,1,2013-02,0
2013-02-25,19163.0,281.14,79.04166666666667,2,2013,0,2013-02,0
2013-02-26,18710.0,279.8,55.5,2,2013,0,2013-02,0
2013-02-27,18350.0,279.58,68.20833333333333,2,2013,0,2013-02,0
2013-02-28,18750.0,281.39,85.875,2,2013,0,2013-02,0
2013-03-01,18282.0,282.99,62.583333333333336,3,2013,0,2013-03,0
2013-03-02,17748.0,280.24,59.833333333333336,3,2013,1,2013-03,0
2013-03-03,18029.0,277.17,56.166666666666664,3,2013,1,2013-03,0
2013-03-04,19942.0,277.01,57.333333333333336,3,2013,0,2013-03,0
2013-03-05,18311.0,278.16,51.541666666666664,3,2013,0,2013-03,0
2013-03-06,18731.0,281.87,57.833333333333336,3,2013,0,2013-03,0
2013-03-07,18540.0,278.96,57.291666666666664,3,2013,0,2013-03,0
2013-03-08,18575.0,277.71,68.66666666666667,3,2013,0,2013-03,0
2013-03-09,16492.0,277.13,77.04166666666667,3,2013,1,2013-03,0
2013-03-10,14059.0,285.58,46.69565217391305,3,2013,1,2013-03,0
2013-03-11,16174.0,281.77,70.95833333333333,3,2013,0,2013-03,0
2013-03-12,17440.0,284.47,78.29166666666667,3,2013,0,2013-03,0
2013-03-13,18869.0,285.08,89.375,3,2013,0,2013-03,0
2013-03-14,19702.0,283.97,58.083333333333336,3,2013,0,2013-03,0
2013-03-15,18787.0,279.2,45.083333333333336,3,2013,0,2013-03,0
2013-03-16,14836.0,280.74,35.541666666666664,3,2013,1,2013-03,0
2013-03-17,16556.0,280.85,50.0,3,2013,1,2013-03,0
2013-03-18,18249.0,276.15,53.208333333333336,3,2013,0,2013-03,0
2013-03-19,18211.0,276.488,45.791666666666664,3,2013,0,2013-03,0
2013-03-20,18792.0,279.58,82.58333333333333,3,2013,0,2013-03,0
2013-03-21,19548.0,280.1,43.75,3,2013,0,2013-03,0
2013-03-22,20356.0,278.22,39.875,3,2013,0,2013-03,1
2013-03-23,16583.0,277.85,41.333333333333336,3,2013,1,2013-03,0
2013-03-24,17140.0,280.38,39.958333333333336,3,2013,1,2013-03,0
2013-03-25,18840.0,281.08,49.958333333333336,3,2013,0,2013-03,0
2013-03-26,18736.0,278.79,68.125,3,2013,0,2013-03,0
2013-03-27,18397.0,283.44,62.916666666666664,3,2013,0,2013-03,0
2013-03-28,18538.0,284.28,49.75,3,2013,0,2013-03,0
2013-03-29,17061.0,282.45,60.208333333333336,3,2013,0,2013-03,0
2013-03-30,15159.0,285.15,53.166666666666664,3,2013,1,2013-03,0
2013-03-31,13674.0,287.33,53.125,3,2013,1,2013-03,0
2013-04-01,16399.0,285.4445,63.208333333333336,4,2013,0,2013-04,0
2013-04-02,18182.0,289.42,75.91666666666667,4,2013,0,2013-04,0
2013-04-03,18374.0,281.23,34.666666666666664,4,2013,0,2013-04,1
2013-04-04,17917.0,281.06,29.916666666666668,4,2013,0,2013-04,0
2013-04-05,16907.0,283.95,38.458333333333336,4,2013,0,2013-04,0
2013-04-06,15124.0,289.98,40.875,4,2013,1,2013-04,0
2013-04-07,13316.0,284.89,30.708333333333332,4,2013,1,2013-04,0
2013-04-08,14945.0,286.5,54.458333333333336,4,2013,0,2013-04,0
2013-04-09,15367.0,295.56,62.625,4,2013,0,2013-04,0
2013-04-10,15938.0,301.06,53.208333333333336,4,2013,0,2013-04,0
2013-04-11,15888.0,296.35,52.333333333333336,4,2013,0,2013-04,0
2013-04-12,15052.0,288.97,77.79166666666667,4,2013,0,2013-04,0
2013-04-13,13871.0,282.46,78.29166666666667,4,2013,1,2013-04,0
2013-04-14,13615.0,286.89,68.04166666666667,4,2013,1,2013-04,0
2013-04-15,14632.0,287.03,51.708333333333336,4,2013,0,2013-04,0
2013-04-16,15223.0,286.54,44.75,4,2013,0,2013-04,0
2013-04-17,15014.0,290.74,66.125,4,2013,0,2013-04,0
2013-04-18,15521.0,293.94,58.708333333333336,4,2013,0,2013-04,0
2013-04-19,14535.0,290.44,55.208333333333336,4,2013,0,2013-04,0
2013-04-20,13912.0,294.9,82.20833333333333,4,2013,1,2013-04,0
2013-04-21,13803.0,291.98,54.833333333333336,4,2013,1,2013-04,0
2013-04-22,15708.0,285.41,35.541666666666664,4,2013,0,2013-04,0
2013-04-23,14941.0,284.61,51.208333333333336,4,2013,0,2013-04,0
2013-04-24,15270.0,283.82,61.916666666666664,4,2013,0,2013-04,0
2013-04-25,15742.0,293.14,63.416666666666664,4,2013,0,2013-04,0
2013-04-26,15994.0,291.18,48.375,4,2013,0,2013-04,0
2013-04-27,13207.0,291.77,36.375,4,2013,1,2013-04,0
2013-04-28,13553.0,293.09,32.916666666666664,4,2013,1,2013-04,0
2013-04-29,14842.0,292.86,37.041666666666664,4,2013,0,2013-04,0
2013-04-30,15084.0,287.89,63.208333333333336,4,2013,0,2013-04,0
2013-05-01,15640.0,291.55,56.791666666666664,5,2013,0,2013-05,0
2013-05-02,15774.0,291.81,44.0,5,2013,0,2013-05,0
2013-05-03,15197.0,294.48,55.333333333333336,5,2013,0,2013-05,0
2013-05-04,13295.0,290.45,49.083333333333336,5,2013,1,2013-05,0
2013-05-05,13468.0,292.57,59.583333333333336,5,2013,1,2013-05,0
2013-05-06,14968.0,289.14,58.333333333333336,5,2013,0,2013-05,0
2013-05-07,15158.0,292.32,67.125,5,2013,0,2013-05,0
2013-05-08,14869.0,294.67,69.875,5,2013,0,2013-05,0
2013-05-09,15501.0,291.66,84.375,5,2013,0,2013-05,0
2013-05-10,15396.0,292.31,83.16666666666667,5,2013,0,2013-05,0
2013-05-11,12995.0,299.42,60.583333333333336,5,2013,1,2013-05,0
2013-05-12,13242.0,294.04,80.91666666666667,5,2013,1,2013-05,0
2013-05-13,15039.0,292.9,52.666666666666664,5,2013,0,2013-05,0
2013-05-14,15400.0,287.81,33.0,5,2013,0,2013-05,0
2013-05-15,16786.0,289.36,40.541666666666664,5,2013,0,2013-05,0
2013-05-16,16341.0,293.37,50.416666666666664,5,2013,0,2013-05,0
2013-05-17,16331.0,299.55,69.41666666666667,5,2013,0,2013-05,0
2013-05-18,14663.0,297.41,42.291666666666664,5,2013,1,2013-05,0
2013-05-19,15353.0,294.48,72.45833333333333,5,2013,1,2013-05,0
2013-05-20,18549.0,288.52,88.04166666666667,5,2013,0,2013-05,0
2013-05-21,19424.0,298.97,84.66666666666667,5,2013,0,2013-05,0
2013-05-22,18112.0,302.99,77.04166666666667,5,2013,0,2013-05,0
2013-05-23,16290.0,300.03,79.33333333333333,5,2013,0,2013-05,0
2013-05-24,14510.0,297.83,80.04166666666667,5,2013,0,2013-05,0
2013-05-25,12573.0,293.06,86.79166666666667,5,2013,1,2013-05,0
2013-05-26,12392.0,285.13,79.79166666666667,5,2013,1,2013-05,0
2013-05-27,13333.0,292.38,68.33333333333333,5,2013,0,2013-05,0
2013-05-28,17375.0,296.35,55.416666666666664,5,2013,0,2013-05,0
2013-05-29,19543.0,293.85,67.75,5,2013,0,2013-05,0
2013-05-30,20359.0,302.1,85.58333333333333,5,2013,0,2013-05,1
2013-05-31,19554.0,305.99,71.375,5,2013,0,2013-05,0
2013-06-01,17355.0,306.11,68.33333333333333,6,2013,1,2013-06,0
2013-06-02,14600.0,304.94,75.125,6,2013,1,2013-06,0
2013-06-03,15981.0,303.4,73.58333333333333,6,2013,0,2013-06,0
2013-06-04,16225.0,299.82,81.45833333333333,6,2013,0,2013-06,0
2013-06-05,17102.0,297.15,52.375,6,2013,0,2013-06,0
2013-06-06,16087.0,295.78,41.458333333333336,6,2013,0,2013-06,0
2013-06-07,15211.0,294.22,79.41666666666667,6,2013,0,2013-06,0
2013-06-08,14759.0,290.63,94.625,6,2013,1,2013-06,0
2013-06-09,15875.0,297.66,83.25,6,2013,1,2013-06,0
2013-06-10,17016.0,300.15,72.875,6,2013,0,2013-06,0
2013-06-11,18473.0,297.15,87.20833333333333,6,2013,0,2013-06,0
2013-06-12,20896.0,300.03,82.58333333333333,6,2013,0,2013-06,0
2013-06-13,17114.0,297.88,58.833333333333336,6,2013,0,2013-06,0
2013-06-14,16531.0,295.52,78.5,6,2013,0,2013-06,0
2013-06-15,15376.0,295.61,81.125,6,2013,1,2013-06,0
2013-06-16,15535.0,300.27,70.20833333333333,6,2013,1,2013-06,0
2013-06-17,19743.0,300.8,71.16666666666667,6,2013,0,2013-06,0
2013-06-18,17550.0,302.96,73.125,6,2013,0,2013-06,0
2013-06-19,17450.0,300.63,70.16666666666667,6,2013,0,2013-06,0
2013-06-20,18666.0,297.81,72.91666666666667,6,2013,0,2013-06,0
2013-06-21,19681.0,299.2,65.16666666666667,6,2013,0,2013-06,0
2013-06-22,19017.0,300.25,67.625,6,2013,1,2013-06,0
2013-06-23,19349.0,302.61,67.875,6,2013,1,2013-06,0
2013-06-24,21047.0,304.2,68.08333333333333,6,2013,0,2013-06,0
2013-06-25,21428.0,306.71,75.04166666666667,6,2013,0,2013-06,1
2013-06-26,19901.0,307.03,73.58333333333333,6,2013,0,2013-06,0
2013-06-27,19178.0,304.15,71.20833333333333,6,2013,0,2013-06,0
2013-06-28,19144.0,304.95,87.20833333333333,6,2013,0,2013-06,0
2013-06-29,16389.0,303.63,80.66666666666667,6,2013,1,2013-06,0
2013-06-30,16145.0,302.54,71.375,6,2013,1,2013-06,0
2013-07-01,17485.0,302.6,84.83333333333333,7,2013,0,2013-07,0
2013-07-02,17578.0,297.75,88.875,7,2013,0,2013-07,0
2013-07-03,18405.0,301.15,83.08333333333333,7,2013,0,2013-07,0
2013-07-04,16007.0,301.67,82.41666666666667,7,2013,0,2013-07,0
2013-07-05,17254.0,305.06,80.66666666666667,7,2013,0,2013-07,0
2013-07-06,17536.0,306.65,74.16666666666667,7,2013,1,2013-07,0
2013-07-07,16629.0,307.7,70.125,7,2013,1,2013-07,0
2013-07-08,19556.0,307.71,71.95833333333333,7,2013,0,2013-07,0
2013-07-09,21287.0,305.32,71.79166666666667,7,2013,0,2013-07,0
2013-07-10,20991.0,304.44,74.91666666666667,7,2013,0,2013-07,0
2013-07-11,18437.0,304.13,78.875,7,2013,0,2013-07,0
2013-07-12,17883.0,302.67,78.54166666666667,7,2013,0,2013-07,0
2013-07-13,18079.0,299.53,77.79166666666667,7,2013,1,2013-07,0
2013-07-14,19854.0,301.94,90.95833333333333,7,2013,1,2013-07,0
2013-07-15,22351.0,304.87,79.33333333333333,7,2013,0,2013-07,0
2013-07-16,22839.0,308.29,77.08333333333333,7,2013,0,2013-07,0
2013-07-17,22793.0,307.78,72.25,7,2013,0,2013-07,0
2013-07-18,22858.0,309.05,70.33333333333333,7,2013,0,2013-07,1
2013-07-19,22479.0,310.24,69.0,7,2013,0,2013-07,0
2013-07-20,18879.0,309.82,73.95833333333333,7,2013,1,2013-07,0
2013-07-21,18393.0,307.04,68.375,7,2013,1,2013-07,0
2013-07-22,19190.0,304.25,72.5,7,2013,0,2013-07,0
2013-07-23,20884.0,303.46,85.33333333333333,7,2013,0,2013-07,0
2013-07-24,17774.0,304.11,82.5,7,2013,0,2013-07,0
2013-07-25,17701.0,302.01,79.0,7,2013,0,2013-07,0
2013-07-26,18116.0,297.78,69.0,7,2013,0,2013-07,0
2013-07-27,15080.0,301.08,71.79166666666667,7,2013,1,2013-07,0
2013-07-28,14850.0,302.75,76.16666666666667,7,2013,1,2013-07,0
2013-07-29,16779.0,299.69,83.45833333333333,7,2013,0,2013-07,0
2013-07-30,17869.0,303.25,79.91666666666667,7,2013,0,2013-07,0
2013-07-31,16627.0,300.75,66.79166666666667,7,2013,0,2013-07,0
2013-08-01,18718.0,302.2,75.08333333333333,8,2013,0,2013-08,0
2013-08-02,17339.0,298.832,83.95833333333333,8,2013,0,2013-08,0
2013-08-03,16188.0,303.34,78.70833333333333,8,2013,1,2013-08,0
2013-08-04,15576.0,299.3,82.66666666666667,8,2013,1,2013-08,0
2013-08-05,17361.0,300.53,73.66666666666667,8,2013,0,2013-08,0
2013-08-06,18685.0,298.68,61.625,8,2013,0,2013-08,0
2013-08-07,19239.0,301.16,71.29166666666667,8,2013,0,2013-08,0
2013-08-08,19040.0,299.58,77.41666666666667,8,2013,0,2013-08,0
2013-08-09,19078.0,300.09,88.0,8,2013,0,2013-08,0
2013-08-10,17754.0,302.67,92.375,8,2013,1,2013-08,0
2013-08-11,17581.0,301.39,76.33333333333333,8,2013,1,2013-08,0
2013-08-12,20179.0,300.48,63.166666666666664,8,2013,0,2013-08,0
2013-08-13,17910.0,300.5,74.41666666666667,8,2013,0,2013-08,0
2013-08-14,15415.0,298.26,87.79166666666667,8,2013,0,2013-08,0
2013-08-15,15747.0,295.21,72.04166666666667,8,2013,0,2013-08,0
2013-08-16,16263.0,296.95,58.708333333333336,8,2013,0,2013-08,0
2013-08-17,14959.0,298.65,64.54166666666667,8,2013,1,2013-08,0
2013-08-18,14867.0,300.76,62.375,8,2013,1,2013-08,0
2013-08-19,18494.0,299.0,68.25,8,2013,0,2013-08,0
2013-08-20,19795.0,300.21,73.58333333333333,8,2013,0,2013-08,0
2013-08-21,19268.0,303.51,73.58333333333333,8,2013,0,2013-08,0
2013-08-22,19214.0,304.72,63.041666666666664,8,2013,0,2013-08,0
2013-08-23,19080.0,298.32,73.25,8,2013,0,2013-08,0
2013-08-24,17297.0,299.94,62.5,8,2013,1,2013-08,0
2013-08-25,17645.0,298.17,49.958333333333336,8,2013,1,2013-08,0
2013-08-26,20398.0,300.44,51.875,8,2013,0,2013-08,0
2013-08-27,20380.0,300.97,65.41666666666667,8,2013,0,2013-08,0
2013-08-28,20643.0,302.9,69.45833333333333,8,2013,0,2013-08,0
2013-08-29,20928.0,301.05,76.75,8,2013,0,2013-08,0
2013-08-30,21119.0,299.13,75.25,8,2013,0,2013-08,1
2013-08-31,17894.0,302.094666667,74.25,8,2013,1,2013-08,0
2013-09-01,17279.0,301.482666667,74.29166666666667,9,2013,1,2013-09,0
2013-09-02,17807.0,301.56,84.25,9,2013,0,2013-09,0
2013-09-03,17132.0,297.08,91.45833333333333,9,2013,0,2013-09,0
2013-09-04,17620.0,300.18,63.041666666666664,9,2013,0,2013-09,0
2013-09-05,17742.0,298.15,52.958333333333336,9,2013,0,2013-09,0
2013-09-06,16743.0,293.85,57.416666666666664,9,2013,0,2013-09,0
2013-09-07,16370.0,296.412,70.20833333333333,9,2013,1,2013-09,0
2013-09-08,17019.0,299.04,73.125,9,2013,1,2013-09,0
2013-09-09,20693.0,294.91,71.83333333333333,9,2013,0,2013-09,0
2013-09-10,22781.0,302.74,77.58333333333333,9,2013,0,2013-09,1
2013-09-11,20403.0,306.95,70.66666666666667,9,2013,0,2013-09,0
2013-09-12,18450.0,302.8,72.16666666666667,9,2013,0,2013-09,0
2013-09-13,15286.0,298.864,80.75,9,2013,0,2013-09,0
2013-09-14,13043.0,291.15,67.41666666666667,9,2013,1,2013-09,0
2013-09-15,13966.0,295.15,63.208333333333336,9,2013,1,2013-09,0
2013-09-16,15287.0,293.35,72.66666666666667,9,2013,0,2013-09,0
2013-09-17,15225.0,291.15,58.833333333333336,9,2013,0,2013-09,0
2013-09-18,15723.0,296.25,61.333333333333336,9,2013,0,2013-09,0
2013-09-19,16132.0,297.05,67.375,9,2013,0,2013-09,0
2013-09-20,17639.0,298.35,75.66666666666667,9,2013,0,2013-09,0
2013-09-21,13997.0,297.25,82.91666666666667,9,2013,1,2013-09,0
2013-09-22,13531.0,294.75175,79.66666666666667,9,2013,1,2013-09,0
2013-09-23,14861.0,291.1,75.33333333333333,9,2013,0,2013-09,0
2013-09-24,15092.0,295.39,84.58333333333333,9,2013,0,2013-09,0
2013-09-25,15109.0,294.74,84.41666666666667,9,2013,0,2013-09,0
2013-09-26,15526.0,293.11,82.95833333333333,9,2013,0,2013-09,0
2013-09-27,15245.0,292.26,78.5,9,2013,0,2013-09,0
2013-09-28,13775.0,296.35,67.95833333333333,9,2013,1,2013-09,0
2013-09-29,13708.0,294.0,77.125,9,2013,1,2013-09,0
2013-09-30,15278.0,294.68,81.5,9,2013,0,2013-09,0
2013-10-01,15489.0,299.01,68.95833333333333,10,2013,0,2013-10,0
2013-10-02,16777.0,301.35,64.29166666666667,10,2013,0,2013-10,0
2013-10-03,16488.0,298.38,59.625,10,2013,0,2013-10,0
2013-10-04,17211.0,301.73,61.083333333333336,10,2013,0,2013-10,1
2013-10-05,15319.0,296.85,81.33333333333333,10,2013,1,2013-10,0
2013-10-06,14937.0,293.43,92.25,10,2013,1,2013-10,0
2013-10-07,14526.0,296.09,92.45833333333333,10,2013,0,2013-10,0
2013-10-08,14556.0,291.177,79.875,10,2013,0,2013-10,0
2013-10-09,14640.0,289.52,68.54166666666667,10,2013,0,2013-10,0
2013-10-10,14646.0,290.0,79.41666666666667,10,2013,0,2013-10,0
2013-10-11,14495.0,292.14,81.125,10,2013,0,2013-10,0
2013-10-12,13347.0,294.74,74.125,10,2013,1,2013-10,0
2013-10-13,13430.0,291.0925,79.95833333333333,10,2013,1,2013-10,0
2013-10-14,14963.0,291.28,86.625,10,2013,0,2013-10,0
2013-10-15,15113.0,293.68,88.54166666666667,10,2013,0,2013-10,0
2013-10-16,14798.0,291.79,98.54166666666667,10,2013,0,2013-10,0
2013-10-17,14891.0,295.61,90.08333333333333,10,2013,0,2013-10,0
2013-10-18,14517.0,292.57,90.25,10,2013,0,2013-10,0
2013-10-19,13528.0,290.41,89.125,10,2013,1,2013-10,0
2013-10-20,13641.0,288.0,81.875,10,2013,1,2013-10,0
2013-10-21,15670.0,292.25,69.41666666666667,10,2013,0,2013-10,0
2013-10-22,15617.0,290.75,71.29166666666667,10,2013,0,2013-10,0
2013-10-23,16496.0,288.0065,73.25,10,2013,0,2013-10,0
2013-10-24,16719.0,283.814,68.29166666666667,10,2013,0,2013-10,0
2013-10-25,17051.0,284.793,61.583333333333336,10,2013,0,2013-10,0
2013-10-26,15804.0,285.35,59.291666666666664,10,2013,1,2013-10,0
2013-10-27,14021.0,286.427,66.95833333333333,10,2013,1,2013-10,0
2013-10-28,16212.0,288.105,83.54166666666667,10,2013,0,2013-10,0
2013-10-29,15788.0,285.007,80.04166666666667,10,2013,0,2013-10,0
2013-10-30,15144.0,289.035333333,88.25,10,2013,0,2013-10,0
2013-10-31,14769.0,292.695,86.625,10,2013,0,2013-10,0
2013-11-01,14219.0,293.852666667,70.58333333333333,11,2013,0,2013-11,0
2013-11-02,13670.0,290.433,78.04166666666667,11,2013,1,2013-11,0
2013-11-03,15070.0,287.6565,81.0,11,2013,1,2013-11,0
2013-11-04,16919.0,279.8575,94.54166666666667,11,2013,0,2013-11,0
2013-11-05,15842.0,285.993333333,89.125,11,2013,0,2013-11,0
2013-11-06,15250.0,289.16,80.20833333333333,11,2013,0,2013-11,0
2013-11-07,16438.0,290.16,76.75,11,2013,0,2013-11,0
2013-11-08,16880.0,282.48,49.708333333333336,11,2013,0,2013-11,0
2013-11-09,15300.0,282.87,45.791666666666664,11,2013,1,2013-11,0
2013-11-10,14786.0,288.37,53.375,11,2013,1,2013-11,0
2013-11-11,16974.0,284.56,40.125,11,2013,0,2013-11,0
2013-11-12,18508.0,283.93,52.0,11,2013,0,2013-11,0
2013-11-13,18976.0,277.02,45.875,11,2013,0,2013-11,0
2013-11-14,18960.0,284.47,38.708333333333336,11,2013,0,2013-11,0
2013-11-15,17493.0,286.47,33.875,11,2013,0,2013-11,0
2013-11-16,13969.0,287.29,60.125,11,2013,1,2013-11,0
2013-11-17,13652.0,289.15,86.45833333333333,11,2013,1,2013-11,0
2013-11-18,16057.0,291.47,63.875,11,2013,0,2013-11,0
2013-11-19,17061.0,287.96,40.708333333333336,11,2013,0,2013-11,0
2013-11-20,17540.0,280.85,47.25,11,2013,0,2013-11,0
2013-11-21,16856.0,284.35,61.125,11,2013,0,2013-11,0
2013-11-22,15393.0,286.35,78.70833333333333,11,2013,0,2013-11,0
2013-11-23,16538.0,285.49,60.166666666666664,11,2013,1,2013-11,0
2013-11-24,18352.0,276.75,46.291666666666664,11,2013,1,2013-11,0
2013-11-25,19663.0,279.08,45.541666666666664,11,2013,0,2013-11,1
2013-11-26,18218.0,281.14,45.708333333333336,11,2013,0,2013-11,0
2013-11-27,18987.0,288.58,88.70833333333333,11,2013,0,2013-11,0
2013-11-28,17104.0,281.21,49.625,11,2013,0,2013-11,0
2013-11-29,16493.0,281.54,45.5,11,2013,0,2013-11,0
2013-11-30,16232.0,279.58,50.166666666666664,11,2013,1,2013-11,0
2013-12-01,15616.0,282.11,62.083333333333336,12,2013,1,2013-12,0
2013-12-02,17174.0,282.43,65.54166666666667,12,2013,0,2013-12,0
2013-12-03,17258.0,284.45,73.25,12,2013,0,2013-12,0
2013-12-04,16120.0,283.22,69.58333333333333,12,2013,0,2013-12,0
2013-12-05,16486.0,286.68,86.875,12,2013,0,2013-12,0
2013-12-06,17741.0,287.05,86.75,12,2013,0,2013-12,0
2013-12-07,17477.0,280.83,71.70833333333333,12,2013,1,2013-12,0
2013-12-08,18134.0,281.74,60.458333333333336,12,2013,1,2013-12,0
2013-12-09,18799.0,283.26,89.58333333333333,12,2013,0,2013-12,0
2013-12-10,19807.0,281.56,80.66666666666667,12,2013,0,2013-12,0
2013-12-11,20390.0,273.52,62.958333333333336,12,2013,0,2013-12,0
2013-12-12,20528.0,271.2,67.41666666666667,12,2013,0,2013-12,1
2013-12-13,20482.0,284.793,58.666666666666664,12,2013,0,2013-12,0
2013-12-14,17672.0,271.65,77.58333333333333,12,2013,1,2013-12,0
2013-12-15,18685.0,277.1605,87.54166666666667,12,2013,1,2013-12,0
2013-12-16,19615.0,274.85,72.20833333333333,12,2013,0,2013-12,0
2013-12-17,18897.0,271.09,78.41666666666667,12,2013,0,2013-12,0
2013-12-18,19278.0,275.53,78.83333333333333,12,2013,0,2013-12,0
2013-12-19,18991.0,284.793,79.16666666666667,12,2013,0,2013-12,0
2013-12-20,16942.0,282.88,78.875,12,2013,0,2013-12,0
2013-12-21,14587.0,287.78,79.54166666666667,12,2013,1,2013-12,0
2013-12-22,14508.0,292.87,80.875,12,2013,1,2013-12,0
2013-12-23,16917.0,290.09,83.625,12,2013,0,2013-12,0
2013-12-24,17224.0,282.89,76.0,12,2013,0,2013-12,0
2013-12-25,17158.0,273.355,78.625,12,2013,0,2013-12,0
2013-12-26,17357.0,274.8,77.79166666666667,12,2013,0,2013-12,0
2013-12-27,17464.0,277.25,78.29166666666667,12,2013,0,2013-12,0
2013-12-28,16139.0,285.08,79.20833333333333,12,2013,1,2013-12,0
2013-12-29,15572.0,280.925,73.58333333333333,12,2013,1,2013-12,0
2013-12-30,18039.0,279.07,78.75,12,2013,0,2013-12,0
2013-12-31,17837.0,272.23,78.66666666666667,12,2013,0,2013-12,0
2014-01-01,16485.0,273.32,77.08333333333333,1,2014,0,2014-01,0
2014-01-02,20115.0,284.793,80.54166666666667,1,2014,0,2014-01,0
2014-01-03,21460.0,267.515,78.375,1,2014,0,2014-01,0
2014-01-04,19853.0,269.25,71.91666666666667,1,2014,1,2014-01,0
2014-01-05,16886.0,274.13,79.33333333333333,1,2014,1,2014-01,0
2014-01-06,23473.0,285.26,83.25,1,2014,0,2014-01,0
2014-01-07,23590.0,274.55,59.416666666666664,1,2014,0,2014-01,0
2014-01-08,22273.0,267.1,60.833333333333336,1,2014,0,2014-01,0
2014-01-09,20262.0,273.04,70.16666666666667,1,2014,0,2014-01,0
2014-01-10,18195.0,274.35,78.91666666666667,1,2014,0,2014-01,0
2014-01-11,16071.0,286.71,84.08333333333333,1,2014,1,2014-01,0
2014-01-12,16609.0,285.635,78.45833333333333,1,2014,1,2014-01,0
2014-01-13,18354.0,282.72,78.29166666666667,1,2014,0,2014-01,0
2014-01-14,17524.0,281.41,86.41666666666667,1,2014,0,2014-01,0
2014-01-15,18998.0,284.793,83.58333333333333,1,2014,0,2014-01,0
2014-01-16,20083.0,277.25,81.04166666666667,1,2014,0,2014-01,0
2014-01-17,18972.0,284.793,78.33333333333333,1,2014,0,2014-01,0
2014-01-18,19315.0,284.793,80.0,1,2014,1,2014-01,0
2014-01-19,17508.0,284.793,72.58333333333333,1,2014,1,2014-01,0
2014-01-20,18229.0,279.86,70.91666666666667,1,2014,0,2014-01,0
2014-01-21,21545.0,277.515,76.41666666666667,1,2014,0,2014-01,0
2014-01-22,23347.0,264.44,77.41666666666667,1,2014,0,2014-01,0
2014-01-23,23071.0,266.38,67.83333333333333,1,2014,0,2014-01,0
2014-01-24,24231.0,266.12,71.91666666666667,1,2014,0,2014-01,0
2014-01-25,20228.0,269.72,74.125,1,2014,1,2014-01,0
2014-01-26,19633.0,268.53,66.58333333333333,1,2014,1,2014-01,0
2014-01-27,21868.0,278.23,60.0,1,2014,0,2014-01,0
2014-01-28,23264.0,269.73,37.083333333333336,1,2014,0,2014-01,0
2014-01-29,24123.0,267.8,48.666666666666664,1,2014,0,2014-01,0
2014-01-30,24421.0,270.94,45.458333333333336,1,2014,0,2014-01,1
2014-01-31,20060.0,276.77,54.0,1,2014,0,2014-01,0
2014-02-01,17185.0,279.86,48.833333333333336,2,2014,1,2014-02,0
2014-02-02,16723.0,284.33,74.625,2,2014,1,2014-02,0
2014-02-03,19195.0,280.05,84.04166666666667,2,2014,0,2014-02,0
2014-02-04,19842.0,274.35,74.41666666666667,2,2014,0,2014-02,0
2014-02-05,19553.0,273.79,81.25,2,2014,0,2014-02,0
2014-02-06,20197.0,273.18,67.66666666666667,2,2014,0,2014-02,0
2014-02-07,21090.0,273.33,64.375,2,2014,0,2014-02,0
2014-02-08,19137.0,271.21,48.041666666666664,2,2014,1,2014-02,0
2014-02-09,18326.0,271.54,52.291666666666664,2,2014,1,2014-02,0
2014-02-10,20647.0,271.06,63.75,2,2014,0,2014-02,0
2014-02-11,22070.0,269.29,47.958333333333336,2,2014,0,2014-02,0
2014-02-12,22110.0,268.83,52.625,2,2014,0,2014-02,1
2014-02-13,20187.0,273.79,83.66666666666667,2,2014,0,2014-02,0
2014-02-14,19079.0,277.29,73.45833333333333,2,2014,0,2014-02,0
2014-02-15,18548.0,275.32,69.54166666666667,2,2014,1,2014-02,0
2014-02-16,18167.0,272.56,57.083333333333336,2,2014,1,2014-02,0
2014-02-17,20570.0,272.76,46.041666666666664,2,2014,0,2014-02,0
2014-02-18,18666.0,276.73,66.91666666666667,2,2014,0,2014-02,0
2014-02-19,17120.0,278.17,74.875,2,2014,0,2014-02,0
2014-02-20,17969.0,281.79,62.458333333333336,2,2014,0,2014-02,0
2014-02-21,16556.0,279.64,92.66666666666667,2,2014,0,2014-02,0
2014-02-22,16006.0,284.64,67.04166666666667,2,2014,1,2014-02,0
2014-02-23,16159.0,284.47,51.833333333333336,2,2014,1,2014-02,0
2014-02-24,18938.0,280.67,45.75,2,2014,0,2014-02,0
2014-02-25,19376.0,273.2,47.375,2,2014,0,2014-02,0
2014-02-26,20213.0,271.85,54.375,2,2014,0,2014-02,0
2014-02-27,21056.0,272.11,38.333333333333336,2,2014,0,2014-02,0
2014-02-28,21966.0,269.29,32.833333333333336,2,2014,0,2014-02,0
2014-03-01,17341.0,275.25,42.583333333333336,3,2014,1,2014-03,0
2014-03-02,17718.0,277.21,50.708333333333336,3,2014,1,2014-03,0
2014-03-03,20826.0,275.02,48.0,3,2014,0,2014-03,0
2014-03-04,21436.0,271.05,44.541666666666664,3,2014,0,2014-03,1
2014-03-05,20097.0,275.51,35.75,3,2014,0,2014-03,0
2014-03-06,19795.0,272.47,43.375,3,2014,0,2014-03,0
2014-03-07,18760.0,275.73,59.791666666666664,3,2014,0,2014-03,0
2014-03-08,16046.0,285.51,58.083333333333336,3,2014,1,2014-03,0
2014-03-09,15747.0,282.03,42.869565217391305,3,2014,1,2014-03,0
2014-03-10,17920.0,282.77,39.375,3,2014,0,2014-03,0
2014-03-11,16541.0,290.87,49.608695652173914,3,2014,0,2014-03,0
2014-03-12,18350.0,284.79,64.04166666666667,3,2014,0,2014-03,0
2014-03-13,19985.0,282.78,52.0,3,2014,0,2014-03,0
2014-03-14,18922.0,280.2,31.916666666666668,3,2014,0,2014-03,0
2014-03-15,14396.0,287.0,39.708333333333336,3,2014,1,2014-03,0
2014-03-16,17595.0,284.02,33.916666666666664,3,2014,1,2014-03,0
2014-03-17,19129.0,273.4,31.833333333333332,3,2014,0,2014-03,0
2014-03-18,18559.0,278.25,38.041666666666664,3,2014,0,2014-03,0
2014-03-19,16870.0,278.48,71.20833333333333,3,2014,0,2014-03,0
2014-03-20,17104.0,284.41,68.83333333333333,3,2014,0,2014-03,0
2014-03-21,17433.0,283.45,36.25,3,2014,0,2014-03,0
2014-03-22,14262.0,290.05,42.916666666666664,3,2014,1,2014-03,0
2014-03-23,16202.0,285.97,40.333333333333336,3,2014,1,2014-03,0
2014-03-24,19567.0,274.24,32.75,3,2014,0,2014-03,0
2014-03-25,18604.0,276.5,36.458333333333336,3,2014,0,2014-03,0
2014-03-26,19654.0,274.45,39.833333333333336,3,2014,0,2014-03,0
2014-03-27,19181.0,279.1,34.041666666666664,3,2014,0,2014-03,0
2014-03-28,15600.0,285.88,60.541666666666664,3,2014,0,2014-03,0
2014-03-29,15327.0,284.91,80.79166666666667,3,2014,1,2014-03,0
2014-03-30,15596.0,280.64,89.70833333333333,3,2014,1,2014-03,0
2014-03-31,17697.0,285.07,68.66666666666667,3,2014,0,2014-03,0
2014-04-01,15849.0,288.05,50.541666666666664,4,2014,0,2014-04,0
2014-04-02,14924.0,284.72,74.75,4,2014,0,2014-04,0
2014-04-03,15409.0,290.71,58.541666666666664,4,2014,0,2014-04,0
2014-04-04,14985.0,285.66,70.08333333333333,4,2014,0,2014-04,0
2014-04-05,14496.0,284.83,66.79166666666667,4,2014,1,2014-04,0
2014-04-06,14222.0,288.35,39.083333333333336,4,2014,1,2014-04,0
2014-04-07,15494.0,283.43,61.375,4,2014,0,2014-04,0
2014-04-08,15419.0,290.92,78.58333333333333,4,2014,0,2014-04,0
2014-04-09,15504.0,288.59,44.083333333333336,4,2014,0,2014-04,0
2014-04-10,15897.0,289.06,32.083333333333336,4,2014,0,2014-04,0
2014-04-11,14372.0,295.5,40.75,4,2014,0,2014-04,0
2014-04-12,13075.0,294.7,53.333333333333336,4,2014,1,2014-04,0
2014-04-13,13873.0,298.22,49.833333333333336,4,2014,1,2014-04,0
2014-04-14,14970.0,297.15,58.708333333333336,4,2014,0,2014-04,0
2014-04-15,17152.0,292.38,81.95833333333333,4,2014,0,2014-04,0
2014-04-16,18100.0,281.23,55.333333333333336,4,2014,0,2014-04,1
2014-04-17,16680.0,281.45,47.25,4,2014,0,2014-04,0
2014-04-18,14269.0,282.23,59.375,4,2014,0,2014-04,0
2014-04-19,12773.0,291.96,52.25,4,2014,1,2014-04,0
2014-04-20,12374.0,288.42,36.333333333333336,4,2014,1,2014-04,0
2014-04-21,14642.0,292.13,46.208333333333336,4,2014,0,2014-04,0
2014-04-22,14453.0,294.73,63.458333333333336,4,2014,0,2014-04,0
2014-04-23,14719.0,289.6,53.0,4,2014,0,2014-04,0
2014-04-24,15175.0,289.15,31.75,4,2014,0,2014-04,0
2014-04-25,15055.0,289.27,28.416666666666668,4,2014,0,2014-04,0
2014-04-26,12946.0,291.46,68.66666666666667,4,2014,1,2014-04,0
2014-04-27,13287.0,286.89,55.916666666666664,4,2014,1,2014-04,0
2014-04-28,14745.0,290.85,46.625,4,2014,0,2014-04,0
2014-04-29,14774.0,287.71,65.5,4,2014,0,2014-04,0
2014-04-30,14754.0,284.317,95.125,4,2014,0,2014-04,0
2014-05-01,14442.0,291.268333333,93.25,5,2014,0,2014-05,0
2014-05-02,14490.0,289.811333333,81.125,5,2014,0,2014-05,0
2014-05-03,12782.0,290.507666667,56.708333333333336,5,2014,1,2014-05,0
2014-05-04,13016.0,290.19,50.958333333333336,5,2014,1,2014-05,0
2014-05-05,14449.0,293.0,43.083333333333336,5,2014,0,2014-05,0
2014-05-06,14590.0,293.07,38.541666666666664,5,2014,0,2014-05,0
2014-05-07,15467.0,293.08,39.375,5,2014,0,2014-05,0
2014-05-08,16924.0,288.17,84.70833333333333,5,2014,0,2014-05,0
2014-05-09,15703.0,289.01,94.33333333333333,5,2014,0,2014-05,0
2014-05-10,12964.0,299.62,88.08333333333333,5,2014,1,2014-05,0
2014-05-11,14163.0,299.93,62.125,5,2014,1,2014-05,0
2014-05-12,17726.0,303.05,48.958333333333336,5,2014,0,2014-05,0
2014-05-13,18487.0,297.88,67.20833333333333,5,2014,0,2014-05,0
2014-05-14,16870.0,292.76,73.66666666666667,5,2014,0,2014-05,0
2014-05-15,15076.0,294.02,92.91666666666667,5,2014,0,2014-05,0
2014-05-16,14302.0,293.01,95.375,5,2014,0,2014-05,0
2014-05-17,13155.0,293.31,78.70833333333333,5,2014,1,2014-05,0
2014-05-18,12943.0,291.28,60.0,5,2014,1,2014-05,0
2014-05-19,14505.0,294.52,48.625,5,2014,0,2014-05,0
2014-05-20,15337.0,298.53,45.5,5,2014,0,2014-05,0
2014-05-21,16495.0,296.26,45.791666666666664,5,2014,0,2014-05,0
2014-05-22,16375.0,294.94,81.375,5,2014,0,2014-05,0
2014-05-23,14678.0,292.95,88.70833333333333,5,2014,0,2014-05,0
2014-05-24,13320.0,293.1,84.375,5,2014,1,2014-05,0
2014-05-25,14018.0,299.67,66.95833333333333,5,2014,1,2014-05,0
2014-05-26,15963.0,303.24,42.75,5,2014,0,2014-05,0
2014-05-27,18684.0,302.78,44.833333333333336,5,2014,0,2014-05,1
2014-05-28,18602.0,298.93,75.29166666666667,5,2014,0,2014-05,0
2014-05-29,17394.0,291.02,63.125,5,2014,0,2014-05,0
2014-05-30,17242.0,297.0,54.458333333333336,5,2014,0,2014-05,0
2014-05-31,16352.0,294.78,53.833333333333336,5,2014,1,2014-05,0
2014-06-01,16837.0,297.63,58.458333333333336,6,2014,1,2014-06,0
2014-06-02,18267.0,300.33,51.791666666666664,6,2014,0,2014-06,0
2014-06-03,18872.0,303.0,64.875,6,2014,0,2014-06,0
2014-06-04,16663.0,300.39,80.33333333333333,6,2014,0,2014-06,0
2014-06-05,16109.0,297.46,83.41666666666667,6,2014,0,2014-06,0
2014-06-06,16565.0,297.18,62.208333333333336,6,2014,0,2014-06,0
2014-06-07,16066.0,300.77,58.0,6,2014,1,2014-06,0
2014-06-08,14619.0,302.37,62.0,6,2014,1,2014-06,0
2014-06-09,16571.0,297.62,77.16666666666667,6,2014,0,2014-06,0
2014-06-10,17297.0,297.96,92.04166666666667,6,2014,0,2014-06,0
2014-06-11,17211.0,297.2,90.25,6,2014,0,2014-06,0
2014-06-12,17151.0,293.68,92.25,6,2014,0,2014-06,0
2014-06-13,16423.0,298.97,93.25,6,2014,0,2014-06,0
2014-06-14,14606.0,296.36,80.375,6,2014,1,2014-06,0
2014-06-15,16032.0,299.73,61.625,6,2014,1,2014-06,0
2014-06-16,19825.0,300.44,63.0,6,2014,0,2014-06,0
2014-06-17,21212.0,304.82,66.58333333333333,6,2014,0,2014-06,1
2014-06-18,21089.0,304.64,58.958333333333336,6,2014,0,2014-06,0
2014-06-19,19235.0,303.04,72.45833333333333,6,2014,0,2014-06,0
2014-06-20,18986.0,299.73,60.166666666666664,6,2014,0,2014-06,0
2014-06-21,16742.0,297.61,51.375,6,2014,1,2014-06,0
2014-06-22,17444.0,298.54,67.25,6,2014,1,2014-06,0
2014-06-23,20489.0,300.63,63.708333333333336,6,2014,0,2014-06,0
2014-06-24,20000.0,300.69,64.58333333333333,6,2014,0,2014-06,0
2014-06-25,19255.0,302.38,77.54166666666667,6,2014,0,2014-06,0
2014-06-26,19818.0,302.48,84.41666666666667,6,2014,0,2014-06,0
2014-06-27,20279.0,301.06,66.08333333333333,6,2014,0,2014-06,0
2014-06-28,18035.0,303.58,53.333333333333336,6,2014,1,2014-06,0
2014-06-29,18055.0,301.3,58.166666666666664,6,2014,1,2014-06,0
2014-06-30,20198.0,302.32,61.166666666666664,6,2014,0,2014-06,0
2014-07-01,20899.0,305.39,69.41666666666667,7,2014,0,2014-07,0
2014-07-02,20069.0,306.42,71.0,7,2014,0,2014-07,0
2014-07-03,16776.0,304.56,82.45833333333333,7,2014,0,2014-07,0
2014-07-04,14195.0,299.88,87.08333333333333,7,2014,0,2014-07,0
2014-07-05,14860.0,301.15,48.291666666666664,7,2014,1,2014-07,0
2014-07-06,15575.0,303.1,54.541666666666664,7,2014,1,2014-07,0
2014-07-07,19368.0,306.14,53.5,7,2014,0,2014-07,0
2014-07-08,19331.0,306.82,56.75,7,2014,0,2014-07,0
2014-07-09,18430.0,304.35,59.916666666666664,7,2014,0,2014-07,0
2014-07-10,18631.0,301.35,61.5,7,2014,0,2014-07,0
2014-07-11,19222.0,301.76,61.458333333333336,7,2014,0,2014-07,0
2014-07-12,18478.0,302.76,67.41666666666667,7,2014,1,2014-07,0
2014-07-13,18906.0,301.77,70.70833333333333,7,2014,1,2014-07,0
2014-07-14,19618.0,302.16,80.75,7,2014,0,2014-07,0
2014-07-15,17116.0,301.72,85.875,7,2014,0,2014-07,0
2014-07-16,15896.0,300.51,72.41666666666667,7,2014,0,2014-07,0
2014-07-17,16379.0,299.62,51.916666666666664,7,2014,0,2014-07,0
2014-07-18,15879.0,300.21,47.916666666666664,7,2014,0,2014-07,0
2014-07-19,14035.0,297.78,53.5,7,2014,1,2014-07,0
2014-07-20,15980.0,298.34,64.70833333333333,7,2014,1,2014-07,0
2014-07-21,20225.0,301.7,68.125,7,2014,0,2014-07,0
2014-07-22,21411.0,303.46,64.875,7,2014,0,2014-07,1
2014-07-23,19246.0,304.82,63.625,7,2014,0,2014-07,0
2014-07-24,17052.0,301.92,73.45833333333333,7,2014,0,2014-07,0
2014-07-25,17090.0,300.87,51.333333333333336,7,2014,0,2014-07,0
2014-07-26,17360.0,299.74,66.375,7,2014,1,2014-07,0
2014-07-27,16145.0,303.41,74.16666666666667,7,2014,1,2014-07,0
2014-07-28,16120.0,300.89,71.33333333333333,7,2014,0,2014-07,0
2014-07-29,15519.0,296.87,56.916666666666664,7,2014,0,2014-07,0
2014-07-30,16229.0,298.95,48.916666666666664,7,2014,0,2014-07,0
2014-07-31,17622.0,300.79,56.541666666666664,7,2014,0,2014-07,0
2014-08-01,17478.0,300.77,70.91666666666667,8,2014,0,2014-08,0
2014-08-02,15076.0,297.471,78.29166666666667,8,2014,1,2014-08,0
2014-08-03,16358.0,297.07,77.79166666666667,8,2014,1,2014-08,0
2014-08-04,19627.0,301.5,70.41666666666667,8,2014,0,2014-08,0
2014-08-05,19054.0,303.83,59.333333333333336,8,2014,0,2014-08,0
2014-08-06,18626.0,300.96,58.0,8,2014,0,2014-08,0
2014-08-07,18390.0,300.77,46.416666666666664,8,2014,0,2014-08,0
2014-08-08,17196.0,300.363333333,46.541666666666664,8,2014,0,2014-08,0
2014-08-09,16626.0,301.59,45.708333333333336,8,2014,1,2014-08,0
2014-08-10,17187.0,302.7,50.666666666666664,8,2014,1,2014-08,0
2014-08-11,17957.0,302.247,50.791666666666664,8,2014,0,2014-08,0
2014-08-12,17986.0,298.73,73.04166666666667,8,2014,0,2014-08,0
2014-08-13,16587.0,300.48,78.33333333333333,8,2014,0,2014-08,0
2014-08-14,16498.0,297.61,54.375,8,2014,0,2014-08,0
2014-08-15,16212.0,297.15,53.125,8,2014,0,2014-08,0
2014-08-16,15067.0,298.474,56.791666666666664,8,2014,1,2014-08,0
2014-08-17,16388.0,300.51,58.458333333333336,8,2014,1,2014-08,0
2014-08-18,18855.0,300.24,56.125,8,2014,0,2014-08,0
2014-08-19,20091.0,300.23,57.541666666666664,8,2014,0,2014-08,0
2014-08-20,20220.0,300.88,64.125,8,2014,0,2014-08,0
2014-08-21,18393.0,299.5,67.79166666666667,8,2014,0,2014-08,0
2014-08-22,19282.0,296.21,76.08333333333333,8,2014,0,2014-08,0
2014-08-23,19029.0,295.33,69.83333333333333,8,2014,1,2014-08,0
2014-08-24,18350.0,298.83,68.29166666666667,8,2014,1,2014-08,0
2014-08-25,20629.0,301.97,63.625,8,2014,0,2014-08,0
2014-08-26,20055.0,302.56,59.208333333333336,8,2014,0,2014-08,0
2014-08-27,20844.0,304.36,61.0,8,2014,0,2014-08,1
2014-08-28,19307.0,299.34,51.166666666666664,8,2014,0,2014-08,0
2014-08-29,19182.0,298.23,47.708333333333336,8,2014,0,2014-08,0
2014-08-30,18709.0,297.61,62.166666666666664,8,2014,1,2014-08,0
2014-08-31,16538.0,303.52,72.875,8,2014,1,2014-08,0
2014-09-01,18451.0,303.2,74.58333333333333,9,2014,0,2014-09,0
2014-09-02,19274.0,305.06,66.625,9,2014,0,2014-09,0
2014-09-03,19870.0,301.91,52.333333333333336,9,2014,0,2014-09,0
2014-09-04,20468.0,302.47,52.416666666666664,9,2014,0,2014-09,0
2014-09-05,21361.0,301.58,72.66666666666667,9,2014,0,2014-09,1
2014-09-06,17020.0,304.12,77.75,9,2014,1,2014-09,0
2014-09-07,14938.0,298.72,67.5,9,2014,1,2014-09,0
2014-09-08,16613.0,296.61,60.041666666666664,9,2014,0,2014-09,0
2014-09-09,17606.0,295.22,68.66666666666667,9,2014,0,2014-09,0
2014-09-10,17707.0,297.38,67.5,9,2014,0,2014-09,0
2014-09-11,16147.0,300.22,73.375,9,2014,0,2014-09,0
2014-09-12,14548.0,297.2,58.458333333333336,9,2014,0,2014-09,0
2014-09-13,12995.0,291.79,69.08333333333333,9,2014,1,2014-09,0
2014-09-14,13401.0,293.39,66.0,9,2014,1,2014-09,0
2014-09-15,15181.0,294.28,55.875,9,2014,0,2014-09,0
2014-09-16,14881.0,293.08,71.25,9,2014,0,2014-09,0
2014-09-17,14958.0,294.56,55.75,9,2014,0,2014-09,0
2014-09-18,15153.0,296.23,57.583333333333336,9,2014,0,2014-09,0
2014-09-19,14842.0,291.69,55.625,9,2014,0,2014-09,0
2014-09-20,14716.0,296.03,65.91666666666667,9,2014,1,2014-09,0
2014-09-21,14329.0,297.1,82.66666666666667,9,2014,1,2014-09,0
2014-09-22,14793.0,294.57,65.0,9,2014,0,2014-09,0
2014-09-23,14924.0,294.84,49.291666666666664,9,2014,0,2014-09,0
2014-09-24,14995.0,294.7,66.41666666666667,9,2014,0,2014-09,0
2014-09-25,15610.0,292.15,74.29166666666667,9,2014,0,2014-09,0
2014-09-26,15734.0,298.14,65.5,9,2014,0,2014-09,0
2014-09-27,14394.0,301.14,57.125,9,2014,1,2014-09,0
2014-09-28,14593.0,301.65,58.958333333333336,9,2014,1,2014-09,0
2014-09-29,16336.0,297.9,65.625,9,2014,0,2014-09,0
2014-09-30,15268.0,294.53,74.20833333333333,9,2014,0,2014-09,0
2014-10-01,15002.0,291.47,81.125,10,2014,0,2014-10,0
2014-10-02,16026.0,293.2,74.375,10,2014,0,2014-10,0
2014-10-03,14988.0,294.09,68.29166666666667,10,2014,0,2014-10,0
2014-10-04,13287.0,292.94,76.95833333333333,10,2014,1,2014-10,0
2014-10-05,13510.0,289.19,52.875,10,2014,1,2014-10,0
2014-10-06,14884.0,294.02,58.833333333333336,10,2014,0,2014-10,0
2014-10-07,14851.0,295.12,63.625,10,2014,0,2014-10,0
2014-10-08,14329.0,295.19,65.45833333333333,10,2014,0,2014-10,0
2014-10-09,14753.0,292.48,43.875,10,2014,0,2014-10,0
2014-10-10,14530.0,290.6,47.791666666666664,10,2014,0,2014-10,0
2014-10-11,13074.0,287.21,73.79166666666667,10,2014,1,2014-10,0
2014-10-12,13548.0,290.07,70.25,10,2014,1,2014-10,0
2014-10-13,15354.0,290.66,70.33333333333333,10,2014,0,2014-10,0
2014-10-14,15550.0,297.54,81.75,10,2014,0,2014-10,0
2014-10-15,14829.0,297.3,79.45833333333333,10,2014,0,2014-10,0
2014-10-16,14803.0,294.96,78.91666666666667,10,2014,0,2014-10,0
2014-10-17,14354.0,294.81,67.70833333333333,10,2014,0,2014-10,0
2014-10-18,13471.0,293.12,68.0,10,2014,1,2014-10,0
2014-10-19,13736.0,288.84,50.083333333333336,10,2014,1,2014-10,0
2014-10-20,15534.0,288.49,52.291666666666664,10,2014,0,2014-10,0
2014-10-21,15744.0,291.05,66.54166666666667,10,2014,0,2014-10,0
2014-10-22,15744.0,286.93,87.04166666666667,10,2014,0,2014-10,0
2014-10-23,15450.0,284.82,83.20833333333333,10,2014,0,2014-10,0
2014-10-24,15817.0,292.18,65.125,10,2014,0,2014-10,0
2014-10-25,13773.0,292.82,48.791666666666664,10,2014,1,2014-10,0
2014-10-26,13539.0,289.86,47.75,10,2014,1,2014-10,0
2014-10-27,15586.0,290.67,49.125,10,2014,0,2014-10,0
2014-10-28,14970.0,295.19,57.458333333333336,10,2014,0,2014-10,0
2014-10-29,15159.0,294.03,71.20833333333333,10,2014,0,2014-10,0
2014-10-30,15868.0,286.68,74.83333333333333,10,2014,0,2014-10,0
2014-10-31,16082.0,284.63,61.125,10,2014,0,2014-10,1
2014-11-01,15418.0,284.36,78.54166666666667,11,2014,1,2014-11,0
2014-11-02,15193.0,281.91,59.2,11,2014,1,2014-11,0
2014-11-03,17151.0,289.13,42.5,11,2014,0,2014-11,0
2014-11-04,15576.0,293.59,31.166666666666668,11,2014,0,2014-11,0
2014-11-05,15280.0,290.51,51.333333333333336,11,2014,0,2014-11,0
2014-11-06,15882.0,286.12,76.625,11,2014,0,2014-11,0
2014-11-07,16184.0,283.94,73.91666666666667,11,2014,0,2014-11,0
2014-11-08,15555.0,279.987,73.33333333333333,11,2014,1,2014-11,0
2014-11-09,14693.0,286.51,56.541666666666664,11,2014,1,2014-11,0
2014-11-10,16587.0,288.96,60.166666666666664,11,2014,0,2014-11,0
2014-11-11,15864.0,290.82,75.375,11,2014,0,2014-11,0
2014-11-12,17081.0,291.26,84.04166666666667,11,2014,0,2014-11,0
2014-11-13,18178.0,284.953173876,55.416666666666664,11,2014,0,2014-11,0
2014-11-14,18427.0,278.35,70.08333333333333,11,2014,0,2014-11,0
2014-11-15,17702.0,278.29,58.458333333333336,11,2014,1,2014-11,0
2014-11-16,16687.0,278.76,64.125,11,2014,1,2014-11,0
2014-11-17,19343.0,283.816632921,85.375,11,2014,0,2014-11,0
2014-11-18,20783.0,281.9,59.166666666666664,11,2014,0,2014-11,0
2014-11-19,21181.0,272.94,45.416666666666664,11,2014,0,2014-11,1
2014-11-20,18709.0,280.17,54.708333333333336,11,2014,0,2014-11,0
2014-11-21,19937.0,277.122731533,42.958333333333336,11,2014,0,2014-11,0
2014-11-22,17736.0,278.8,49.791666666666664,11,2014,1,2014-11,0
2014-11-23,15321.0,286.6,43.458333333333336,11,2014,1,2014-11,0
2014-11-24,15741.0,293.79,73.54166666666667,11,2014,0,2014-11,0
2014-11-25,16885.0,291.30762761,55.75,11,2014,0,2014-11,0
2014-11-26,17606.0,281.335213675,71.58333333333333,11,2014,0,2014-11,0
2014-11-27,15902.0,276.452352357,85.91666666666667,11,2014,0,2014-11,0
2014-11-28,16447.0,274.97,67.16666666666667,11,2014,0,2014-11,0
2014-11-29,15688.0,274.376189573,60.375,11,2014,1,2014-11,0
2014-11-30,14406.0,282.166082336,68.70833333333333,11,2014,1,2014-11,0
2014-12-01,17379.0,289.6,66.29166666666667,12,2014,0,2014-12,0
2014-12-02,18114.0,279.27,64.95833333333333,12,2014,0,2014-12,0
2014-12-03,17656.0,280.67,90.04166666666667,12,2014,0,2014-12,0
2014-12-04,18183.0,280.03,56.791666666666664,12,2014,0,2014-12,0
2014-12-05,17149.0,280.178466936,65.79166666666667,12,2014,0,2014-12,0
2014-12-06,16169.0,280.45,91.79166666666667,12,2014,1,2014-12,0
2014-12-07,16950.0,279.82,62.875,12,2014,1,2014-12,0
2014-12-08,18406.0,274.04,52.75,12,2014,0,2014-12,0
2014-12-09,18031.0,278.67,87.875,12,2014,0,2014-12,0
2014-12-10,19154.0,278.55,78.58333333333333,12,2014,0,2014-12,0
2014-12-11,19124.0,275.33,69.625,12,2014,0,2014-12,0
2014-12-12,19330.0,275.72,66.29166666666667,12,2014,0,2014-12,1
2014-12-13,16970.0,279.1,60.833333333333336,12,2014,1,2014-12,0
2014-12-14,16498.0,280.45,63.958333333333336,12,2014,1,2014-12,0
2014-12-15,17492.0,281.82,64.75,12,2014,0,2014-12,0
2014-12-16,17438.0,281.28,79.625,12,2014,0,2014-12,0
2014-12-17,18412.0,284.12,81.66666666666667,12,2014,0,2014-12,0
2014-12-18,18831.0,280.52,53.875,12,2014,0,2014-12,0
2014-12-19,18623.0,276.36,58.291666666666664,12,2014,0,2014-12,0
2014-12-20,17328.0,273.46,70.20833333333333,12,2014,1,2014-12,0
2014-12-21,17011.0,275.09,79.125,12,2014,1,2014-12,0
2014-12-22,17737.0,278.528266,80.54166666666667,12,2014,0,2014-12,0
2014-12-23,15997.0,281.07,94.54166666666667,12,2014,0,2014-12,0
2014-12-24,13819.0,283.512,97.41666666666667,12,2014,0,2014-12,0
2014-12-25,13881.0,288.66,73.375,12,2014,0,2014-12,0
2014-12-26,15495.0,281.38,74.33333333333333,12,2014,0,2014-12,0
2014-12-27,14080.0,281.607666667,81.79166666666667,12,2014,1,2014-12,0
2014-12-28,15194.0,283.276,86.83333333333333,12,2014,1,2014-12,0
2014-12-29,17419.0,281.15,72.125,12,2014,0,2014-12,0
2014-12-30,18219.0,274.186094783,65.04166666666667,12,2014,0,2014-12,0
2014-12-31,18359.0,271.362,74.29166666666667,12,2014,0,2014-12,0
2015-01-01,16662.0,272.941,61.583333333333336,1,2015,0,2015-01,0
2015-01-02,16662.0,276.927,61.458333333333336,1,2015,0,2015-01,0
2015-01-03,15701.0,275.874333333,77.58333333333333,1,2015,1,2015-01,0
2015-01-04,16027.0,284.335912181,96.625,1,2015,1,2015-01,0
2015-01-05,20225.0,283.35,64.33333333333333,1,2015,0,2015-01,0
2015-01-06,20085.0,270.35,64.875,1,2015,0,2015-01,0
2015-01-07,22903.0,268.269,82.625,1,2015,0,2015-01,0
2015-01-08,23657.0,266.95,58.333333333333336,1,2015,0,2015-01,1
2015-01-09,20727.0,272.234333333,74.83333333333333,1,2015,0,2015-01,0
2015-01-10,21314.0,267.501,59.833333333333336,1,2015,1,2015-01,0
2015-01-11,18954.0,271.757,66.95833333333333,1,2015,1,2015-01,0
2015-01-12,18784.0,276.032,87.875,1,2015,0,2015-01,0
2015-01-13,20122.0,274.323,82.29166666666667,1,2015,0,2015-01,0
2015-01-14,20375.0,268.975,77.20833333333333,1,2015,0,2015-01,0
2015-01-15,20349.0,271.612666667,87.875,1,2015,0,2015-01,0
2015-01-16,19233.0,274.097,82.33333333333333,1,2015,0,2015-01,0
2015-01-17,17929.0,269.131,72.79166666666667,1,2015,1,2015-01,0
2015-01-18,16262.0,276.23,87.625,1,2015,1,2015-01,0
2015-01-19,17972.0,276.128666667,89.0,1,2015,0,2015-01,0
2015-01-20,18550.0,275.265,81.08333333333333,1,2015,0,2015-01,0
2015-01-21,17485.0,271.135,77.45833333333333,1,2015,0,2015-01,0
2015-01-22,18378.0,274.975529474,84.29166666666667,1,2015,0,2015-01,0
2015-01-23,18465.0,274.159020019,82.29166666666667,1,2015,0,2015-01,0
2015-01-24,17154.0,275.294,95.79166666666667,1,2015,1,2015-01,0
2015-01-25,16945.0,276.423,81.54166666666667,1,2015,1,2015-01,0
2015-01-26,19700.0,270.296895481,83.875,1,2015,0,2015-01,0
2015-01-27,20495.0,271.396666667,86.33333333333333,1,2015,0,2015-01,0
2015-01-28,21408.0,270.358,76.375,1,2015,0,2015-01,0
2015-01-29,19558.0,269.767873442,76.625,1,2015,0,2015-01,0
2015-01-30,19201.0,273.497,86.91666666666667,1,2015,0,2015-01,0
2015-01-31,19408.0,268.744,73.70833333333333,1,2015,1,2015-01,0
2015-02-01,17001.0,272.294,80.45833333333333,2,2015,1,2015-02,0
2015-02-02,20393.0,277.526,95.25,2,2015,0,2015-02,0
2015-02-03,20655.0,271.155666667,78.58333333333333,2,2015,0,2015-02,0
2015-02-04,19301.0,275.185,80.41666666666667,2,2015,0,2015-02,0
2015-02-05,20534.0,272.489,82.95833333333333,2,2015,0,2015-02,0
2015-02-06,21809.0,267.687,72.83333333333333,2,2015,0,2015-02,0
2015-02-07,17354.0,271.644,81.0,2,2015,1,2015-02,0
2015-02-08,14972.0,276.534,86.375,2,2015,1,2015-02,0
2015-02-09,18186.0,274.813,98.33333333333333,2,2015,0,2015-02,0
2015-02-10,19214.0,274.41,90.5,2,2015,0,2015-02,0
2015-02-11,19643.0,271.855,83.5,2,2015,0,2015-02,0
2015-02-12,20846.0,275.203,84.04166666666667,2,2015,0,2015-02,0
2015-02-13,22083.0,269.842,69.04166666666667,2,2015,0,2015-02,0
2015-02-14,19894.0,269.93,78.625,2,2015,1,2015-02,0
2015-02-15,20962.0,266.324,80.125,2,2015,1,2015-02,0
2015-02-16,22531.0,266.183,70.0,2,2015,0,2015-02,0
2015-02-17,21734.0,266.986,84.20833333333333,2,2015,0,2015-02,0
2015-02-18,22351.0,270.095,71.5,2,2015,0,2015-02,0
2015-02-19,23693.0,264.992,76.20833333333333,2,2015,0,2015-02,0
2015-02-20,24739.0,263.861,65.91666666666667,2,2015,0,2015-02,1
2015-02-21,19763.0,269.548,73.16666666666667,2,2015,1,2015-02,0
2015-02-22,17819.0,279.474,93.66666666666667,2,2015,1,2015-02,0
2015-02-23,21235.0,275.233,78.70833333333333,2,2015,0,2015-02,0
2015-02-24,22609.0,265.487,69.625,2,2015,0,2015-02,0
2015-02-25,20347.0,271.961,77.04166666666667,2,2015,0,2015-02,0
2015-02-26,19908.0,268.131425261,75.54166666666667,2,2015,0,2015-02,0
2015-02-27,21327.0,268.59,97.04166666666667,2,2015,0,2015-02,0
2015-02-28,19954.0,268.47,73.375,2,2015,1,2015-02,0
2015-03-01,17663.0,269.367,85.16666666666667,3,2015,1,2015-03,0
2015-03-02,18654.0,273.591,85.875,3,2015,0,2015-03,0
2015-03-03,18582.0,271.229,76.66666666666667,3,2015,0,2015-03,0
2015-03-04,18138.0,279.88,89.875,3,2015,0,2015-03,0
2015-03-05,20160.0,278.099976767,88.5,3,2015,0,2015-03,0
2015-03-06,21843.0,269.79,55.416666666666664,3,2015,0,2015-03,1
2015-03-07,18497.0,275.55,58.166666666666664,3,2015,1,2015-03,0
2015-03-08,15669.0,280.96,56.21739130434783,3,2015,1,2015-03,0
2015-03-09,17531.0,284.46,53.458333333333336,3,2015,0,2015-03,0
2015-03-10,16759.0,279.647666667,72.54166666666667,3,2015,0,2015-03,0
2015-03-11,15903.0,283.297,88.5,3,2015,0,2015-03,0
2015-03-12,17155.0,279.803,87.0,3,2015,0,2015-03,0
2015-03-13,16351.0,276.161,87.58333333333333,3,2015,0,2015-03,0
2015-03-14,14510.0,280.157666667,90.375,3,2015,1,2015-03,0
2015-03-15,14123.0,279.873,89.41666666666667,3,2015,1,2015-03,0
2015-03-16,16322.0,281.387666667,76.04166666666667,3,2015,0,2015-03,0
2015-03-17,15741.0,283.013666667,77.54166666666667,3,2015,0,2015-03,0
2015-03-18,17854.0,277.735,72.04166666666667,3,2015,0,2015-03,0
2015-03-19,17085.0,277.115333333,74.29166666666667,3,2015,0,2015-03,0
2015-03-20,16768.0,274.628,81.45833333333333,3,2015,0,2015-03,0
2015-03-21,14421.0,276.199,98.58333333333333,3,2015,1,2015-03,0
2015-03-22,14596.0,276.228333333,93.04166666666667,3,2015,1,2015-03,0
2015-03-23,16831.0,275.424333333,81.0,3,2015,0,2015-03,0
2015-03-24,17227.0,276.179666667,81.83333333333333,3,2015,0,2015-03,0
2015-03-25,16082.0,278.226333333,85.0,3,2015,0,2015-03,0
2015-03-26,15636.0,285.619,90.875,3,2015,0,2015-03,0
2015-03-27,16641.0,285.213666667,94.54166666666667,3,2015,0,2015-03,0
2015-03-28,17079.0,278.1435,90.20833333333333,3,2015,1,2015-03,0
2015-03-29,16954.0,280.36,68.75,3,2015,1,2015-03,0
2015-03-30,16291.0,282.781,58.041666666666664,3,2015,0,2015-03,0
2015-03-31,16305.0,281.551666667,67.29166666666667,3,2015,0,2015-03,0
2015-04-01,16562.0,280.528666667,82.75,4,2015,0,2015-04,1
2015-04-02,15702.0,285.919,65.95833333333333,4,2015,0,2015-04,0
2015-04-03,13824.0,290.796666667,64.5,4,2015,0,2015-04,0
2015-04-04,13698.0,286.1015,82.33333333333333,4,2015,1,2015-04,0
2015-04-05,14028.0,284.763666667,64.625,4,2015,1,2015-04,0
2015-04-06,15199.0,287.693666667,65.625,4,2015,0,2015-04,0
2015-04-07,15096.0,288.422333333,67.58333333333333,4,2015,0,2015-04,0
2015-04-08,14770.0,283.538,89.95833333333333,4,2015,0,2015-04,0
2015-04-09,14932.0,280.605,89.45833333333333,4,2015,0,2015-04,0
2015-04-10,14446.0,287.521333333,91.16666666666667,4,2015,0,2015-04,0
2015-04-11,13074.0,286.909333333,68.54166666666667,4,2015,1,2015-04,0
2015-04-12,13220.0,286.489,60.25,4,2015,1,2015-04,0
2015-04-13,14860.0,289.285333333,60.083333333333336,4,2015,0,2015-04,0
2015-04-14,14296.0,288.685666667,57.291666666666664,4,2015,0,2015-04,0
2015-04-15,14394.0,288.623,55.375,4,2015,0,2015-04,0
2015-04-16,14557.0,287.3065,40.375,4,2015,0,2015-04,0
2015-04-17,14174.0,291.699666667,72.54166666666667,4,2015,0,2015-04,0
2015-04-18,13008.0,294.847666667,64.04166666666667,4,2015,1,2015-04,0
2015-04-19,13200.0,292.732,40.708333333333336,4,2015,1,2015-04,0
2015-04-20,14441.0,287.101666667,86.08333333333333,4,2015,0,2015-04,0
2015-04-21,14314.0,288.42,83.58333333333333,4,2015,0,2015-04,0
2015-04-22,14908.0,291.259,61.291666666666664,4,2015,0,2015-04,0
2015-04-23,15591.0,282.0,58.041666666666664,4,2015,0,2015-04,0
2015-04-24,15854.0,281.626,46.916666666666664,4,2015,0,2015-04,0
2015-04-25,13850.0,286.787,44.375,4,2015,1,2015-04,0
2015-04-26,13225.0,288.448,45.583333333333336,4,2015,1,2015-04,0
2015-04-27,15265.0,287.51,48.083333333333336,4,2015,0,2015-04,0
2015-04-28,15426.0,291.774,48.5,4,2015,0,2015-04,0
2015-04-29,14752.0,295.904,43.833333333333336,4,2015,0,2015-04,0
2015-04-30,14415.0,293.414,50.375,4,2015,0,2015-04,0
2015-05-01,14451.0,290.83,57.125,5,2015,0,2015-05,0
2015-05-02,12630.0,294.241,60.166666666666664,5,2015,1,2015-05,0
2015-05-03,13325.0,297.877,50.541666666666664,5,2015,1,2015-05,0
2015-05-04,15032.0,301.31,39.125,5,2015,0,2015-05,0
2015-05-05,15990.0,301.403,35.583333333333336,5,2015,0,2015-05,0
2015-05-06,16584.0,298.073,46.666666666666664,5,2015,0,2015-05,0
2015-05-07,17274.0,299.802,59.291666666666664,5,2015,0,2015-05,0
2015-05-08,18057.0,302.265,49.875,5,2015,0,2015-05,0
2015-05-09,16410.0,297.933,66.25,5,2015,1,2015-05,0
2015-05-10,15761.0,300.969,78.70833333333333,5,2015,1,2015-05,0
2015-05-11,18547.0,301.044,72.625,5,2015,0,2015-05,0
2015-05-12,15743.0,301.363,74.58333333333333,5,2015,0,2015-05,0
2015-05-13,14372.0,297.043098393,42.458333333333336,5,2015,0,2015-05,0
2015-05-14,14302.0,293.798,40.125,5,2015,0,2015-05,0
2015-05-15,15161.0,295.202,46.625,5,2015,0,2015-05,0
2015-05-16,14598.0,301.734,56.875,5,2015,1,2015-05,0
2015-05-17,15990.0,300.114,83.875,5,2015,1,2015-05,0
2015-05-18,18102.0,297.965,76.5,5,2015,0,2015-05,0
2015-05-19,16210.0,296.736,91.41666666666667,5,2015,0,2015-05,0
2015-05-20,14614.0,292.954,71.41666666666667,5,2015,0,2015-05,0
2015-05-21,14202.0,289.25,54.75,5,2015,0,2015-05,0
2015-05-22,14197.0,293.740149181,64.75,5,2015,0,2015-05,0
2015-05-23,13064.0,291.533,46.75,5,2015,1,2015-05,0
2015-05-24,14321.0,297.905,48.958333333333336,5,2015,1,2015-05,0
2015-05-25,15326.0,299.499631191,52.833333333333336,5,2015,0,2015-05,0
2015-05-26,18494.0,300.414,52.291666666666664,5,2015,0,2015-05,0
2015-05-27,18132.0,300.946,60.583333333333336,5,2015,0,2015-05,0
2015-05-28,18249.0,301.019,74.70833333333333,5,2015,0,2015-05,0
2015-05-29,18630.0,298.012,73.75,5,2015,0,2015-05,1
2015-05-30,17120.0,299.898,70.16666666666667,5,2015,1,2015-05,0
2015-05-31,15039.0,300.16,68.95833333333333,5,2015,1,2015-05,0
2015-06-01,15186.0,292.36,92.75,6,2015,0,2015-06,0
2015-06-02,14660.0,285.66,87.79166666666667,6,2015,0,2015-06,0
2015-06-03,14766.0,291.688,80.79166666666667,6,2015,0,2015-06,0
2015-06-04,16982.0,291.303,79.45833333333333,6,2015,0,2015-06,0
2015-06-05,17975.0,293.922,72.45833333333333,6,2015,0,2015-06,0
2015-06-06,15378.0,296.221,68.16666666666667,6,2015,1,2015-06,0
2015-06-07,16251.0,294.774,55.958333333333336,6,2015,1,2015-06,0
2015-06-08,17858.0,298.97,68.95833333333333,6,2015,0,2015-06,0
2015-06-09,17119.0,300.13,73.25,6,2015,0,2015-06,0
2015-06-10,19595.0,300.07,63.958333333333336,6,2015,0,2015-06,0
2015-06-11,20630.0,303.407,59.25,6,2015,0,2015-06,0
2015-06-12,20019.0,303.115,72.54166666666667,6,2015,0,2015-06,0
2015-06-13,18411.0,300.889,59.708333333333336,6,2015,1,2015-06,0
2015-06-14,18679.0,301.251,61.291666666666664,6,2015,1,2015-06,0
2015-06-15,21034.0,298.93,84.45833333333333,6,2015,0,2015-06,1
2015-06-16,20127.0,297.78,85.66666666666667,6,2015,0,2015-06,0
2015-06-17,17699.0,298.52,68.20833333333333,6,2015,0,2015-06,0
2015-06-18,20646.0,295.403,74.20833333333333,6,2015,0,2015-06,0
2015-06-19,17869.0,298.901,90.25,6,2015,0,2015-06,0
2015-06-20,16166.0,296.057,86.54166666666667,6,2015,1,2015-06,0
2015-06-21,18120.0,299.343,94.66666666666667,6,2015,1,2015-06,0
2015-06-22,20688.0,301.3,80.83333333333333,6,2015,0,2015-06,0
2015-06-23,20540.0,306.627,64.5,6,2015,0,2015-06,0
2015-06-24,19461.0,300.471,74.45833333333333,6,2015,0,2015-06,0
2015-06-25,18327.0,300.32,57.875,6,2015,0,2015-06,0
2015-06-26,17997.0,298.66,67.75,6,2015,0,2015-06,0
2015-06-27,14474.0,296.9,75.70833333333333,6,2015,1,2015-06,0
2015-06-28,14553.0,294.56,83.95833333333333,6,2015,1,2015-06,0
2015-06-29,15426.0,297.52,71.54166666666667,6,2015,0,2015-06,0
2015-06-30,16784.0,300.13,70.29166666666667,6,2015,0,2015-06,0
2015-07-01,16584.0,300.74,72.625,7,2015,0,2015-07,0
2015-07-02,15381.0,299.16,68.08333333333333,7,2015,0,2015-07,0
2015-07-03,14159.0,299.77,70.08333333333333,7,2015,0,2015-07,0
2015-07-04,15169.0,296.89,73.16666666666667,7,2015,1,2015-07,0
2015-07-05,15485.0,300.92,70.04166666666667,7,2015,1,2015-07,0
2015-07-06,19091.0,300.92,76.125,7,2015,0,2015-07,0
2015-07-07,19072.0,302.65,75.125,7,2015,0,2015-07,0
2015-07-08,16450.0,302.08,76.29166666666667,7,2015,0,2015-07,0
2015-07-09,17606.0,298.62,82.625,7,2015,0,2015-07,0
2015-07-10,17723.0,301.1,70.125,7,2015,0,2015-07,0
2015-07-11,16815.0,302.31,65.41666666666667,7,2015,1,2015-07,0
2015-07-12,16091.0,303.1,67.58333333333333,7,2015,1,2015-07,0
2015-07-13,18223.0,302.21,68.33333333333333,7,2015,0,2015-07,0
2015-07-14,18420.0,298.95,73.83333333333333,7,2015,0,2015-07,0
2015-07-15,17134.0,299.25,86.5,7,2015,0,2015-07,0
2015-07-16,17877.0,298.71,57.458333333333336,7,2015,0,2015-07,0
2015-07-17,19998.0,299.58,72.58333333333333,7,2015,0,2015-07,0
2015-07-18,20040.0,302.11,70.16666666666667,7,2015,1,2015-07,0
2015-07-19,19180.0,306.46,70.375,7,2015,1,2015-07,0
2015-07-20,20608.0,306.41,60.958333333333336,7,2015,0,2015-07,0
2015-07-21,19897.0,304.11,68.16666666666667,7,2015,0,2015-07,0
2015-07-22,19049.0,300.99,54.333333333333336,7,2015,0,2015-07,0
2015-07-23,19188.0,300.87,58.041666666666664,7,2015,0,2015-07,0
2015-07-24,19958.0,301.53,58.166666666666664,7,2015,0,2015-07,0
2015-07-25,19146.0,302.28,60.041666666666664,7,2015,1,2015-07,0
2015-07-26,18894.0,303.51,64.25,7,2015,1,2015-07,0
2015-07-27,20935.0,302.08,68.91666666666667,7,2015,0,2015-07,0
2015-07-28,21871.0,305.79,68.70833333333333,7,2015,0,2015-07,0
2015-07-29,21876.0,306.68,65.75,7,2015,0,2015-07,1
2015-07-30,20669.0,303.26,77.125,7,2015,0,2015-07,0
2015-07-31,20002.0,304.16,66.20833333333333,7,2015,0,2015-07,0
2015-08-01,17703.0,304.04,61.375,8,2015,1,2015-08,0
2015-08-02,18678.0,303.32,59.083333333333336,8,2015,1,2015-08,0
2015-08-03,20053.0,304.84,59.875,8,2015,0,2015-08,0
2015-08-04,19841.0,304.75,59.416666666666664,8,2015,0,2015-08,0
2015-08-05,19979.0,303.09,57.125,8,2015,0,2015-08,0
2015-08-06,16668.0,300.41,61.708333333333336,8,2015,0,2015-08,0
2015-08-07,17717.0,300.72,63.166666666666664,8,2015,0,2015-08,0
2015-08-08,17927.0,300.22,64.875,8,2015,1,2015-08,0
2015-08-09,17776.0,301.36,63.833333333333336,8,2015,1,2015-08,0
2015-08-10,19742.0,299.73,70.29166666666667,8,2015,0,2015-08,0
2015-08-11,19194.0,298.9,78.08333333333333,8,2015,0,2015-08,0
2015-08-12,17951.0,301.71,69.70833333333333,8,2015,0,2015-08,0
2015-08-13,18664.0,300.78,58.958333333333336,8,2015,0,2015-08,0
2015-08-14,19522.0,303.28,63.25,8,2015,0,2015-08,0
2015-08-15,18742.0,305.5,61.25,8,2015,1,2015-08,0
2015-08-16,19316.0,305.1,66.75,8,2015,1,2015-08,0
2015-08-17,20579.0,306.08,65.70833333333333,8,2015,0,2015-08,0
2015-08-18,19681.0,304.78,66.04166666666667,8,2015,0,2015-08,0
2015-08-19,20649.0,302.57,76.875,8,2015,0,2015-08,1
2015-08-20,18285.0,302.2,76.16666666666667,8,2015,0,2015-08,0
2015-08-21,17604.0,301.96,68.66666666666667,8,2015,0,2015-08,0
2015-08-22,16651.0,300.52,54.75,8,2015,1,2015-08,0
2015-08-23,17587.0,300.46,73.79166666666667,8,2015,1,2015-08,0
2015-08-24,18272.0,302.17,73.25,8,2015,0,2015-08,0
2015-08-25,15945.0,303.43,62.208333333333336,8,2015,0,2015-08,0
2015-08-26,15165.0,300.2,55.333333333333336,8,2015,0,2015-08,0
2015-08-27,16196.0,298.57,64.0,8,2015,0,2015-08,0
2015-08-28,17397.0,299.05,65.75,8,2015,0,2015-08,0
2015-08-29,16780.0,301.38,66.54166666666667,8,2015,1,2015-08,0
2015-08-30,17711.0,303.41,64.83333333333333,8,2015,1,2015-08,0
2015-08-31,20487.0,305.23,64.79166666666667,8,2015,0,2015-08,0
2015-09-01,20480.0,303.39,67.33333333333333,9,2015,0,2015-09,0
2015-09-02,20815.0,304.55,68.16666666666667,9,2015,0,2015-09,0
2015-09-03,20625.0,305.44,68.375,9,2015,0,2015-09,0
2015-09-04,19946.0,301.4,70.79166666666667,9,2015,0,2015-09,0
2015-09-05,17806.0,300.0,68.41666666666667,9,2015,1,2015-09,0
2015-09-06,18551.0,302.05,66.95833333333333,9,2015,1,2015-09,0
2015-09-07,19614.0,304.84,65.75,9,2015,0,2015-09,0
2015-09-08,20899.0,307.22,60.166666666666664,9,2015,0,2015-09,1
2015-09-09,19032.0,304.63,67.41666666666667,9,2015,0,2015-09,0
2015-09-10,17787.0,300.12,84.95833333333333,9,2015,0,2015-09,0
2015-09-11,16894.0,299.36,77.54166666666667,9,2015,0,2015-09,0
2015-09-12,13073.0,297.87,79.125,9,2015,1,2015-09,0
2015-09-13,13214.0,297.66,76.04166666666667,9,2015,1,2015-09,0
2015-09-14,15078.0,296.54,59.416666666666664,9,2015,0,2015-09,0
2015-09-15,16437.0,300.71,60.708333333333336,9,2015,0,2015-09,0
2015-09-16,17419.0,302.27,65.95833333333333,9,2015,0,2015-09,0
2015-09-17,17985.0,302.72,66.83333333333333,9,2015,0,2015-09,0
2015-09-18,17389.0,301.62,67.54166666666667,9,2015,0,2015-09,0
2015-09-19,15295.0,300.07,76.91666666666667,9,2015,1,2015-09,0
2015-09-20,14125.0,297.71,66.625,9,2015,1,2015-09,0
2015-09-21,15404.0,294.3,60.083333333333336,9,2015,0,2015-09,0
2015-09-22,16176.0,293.84,61.541666666666664,9,2015,0,2015-09,0
2015-09-23,16497.0,297.8,67.79166666666667,9,2015,0,2015-09,0
2015-09-24,16698.0,299.3,60.875,9,2015,0,2015-09,0
2015-09-25,15332.0,295.63,68.75,9,2015,0,2015-09,0
2015-09-26,13601.0,293.59,65.45833333333333,9,2015,1,2015-09,0
2015-09-27,14368.0,293.66,74.125,9,2015,1,2015-09,0
2015-09-28,16974.0,298.06,77.125,9,2015,0,2015-09,0
2015-09-29,16057.0,299.78,82.0,9,2015,0,2015-09,0
2015-09-30,15239.0,297.39,85.125,9,2015,0,2015-09,0
2015-10-01,14111.0,291.98,68.625,10,2015,0,2015-10,0
2015-10-02,13899.0,286.56,81.125,10,2015,0,2015-10,0
2015-10-03,13316.0,284.46,88.70833333333333,10,2015,1,2015-10,0
2015-10-04,13187.0,290.02,64.91666666666667,10,2015,1,2015-10,0
2015-10-05,15078.0,290.81,69.54166666666667,10,2015,0,2015-10,0
2015-10-06,15046.0,294.89,76.16666666666667,10,2015,0,2015-10,0
2015-10-07,15080.0,294.68,73.75,10,2015,0,2015-10,0
2015-10-08,15420.0,293.24,77.04166666666667,10,2015,0,2015-10,0
2015-10-09,14900.0,296.79,78.375,10,2015,0,2015-10,0
2015-10-10,12745.0,291.36,60.458333333333336,10,2015,1,2015-10,0
2015-10-11,13245.0,293.19,73.08333333333333,10,2015,1,2015-10,0
2015-10-12,15002.0,296.75,71.0,10,2015,0,2015-10,0
2015-10-13,14442.0,293.84,81.16666666666667,10,2015,0,2015-10,0
2015-10-14,14370.0,291.91,71.16666666666667,10,2015,0,2015-10,0
2015-10-15,14710.0,290.45,66.29166666666667,10,2015,0,2015-10,0
2015-10-16,14281.0,289.66,64.25,10,2015,0,2015-10,0
2015-10-17,13634.0,285.15,63.625,10,2015,1,2015-10,0
2015-10-18,14189.0,281.57,59.041666666666664,10,2015,1,2015-10,0
2015-10-19,16601.0,284.14,66.33333333333333,10,2015,0,2015-10,1
2015-10-20,15645.0,294.13,57.25,10,2015,0,2015-10,0
2015-10-21,14858.0,296.5,56.625,10,2015,0,2015-10,0
2015-10-22,14717.0,295.68,65.33333333333333,10,2015,0,2015-10,0
2015-10-23,14161.0,293.66,49.625,10,2015,0,2015-10,0
2015-10-24,12920.0,286.23,73.875,10,2015,1,2015-10,0
2015-10-25,13169.0,291.89,71.04166666666667,10,2015,1,2015-10,0
2015-10-26,14737.0,287.77,65.58333333333333,10,2015,0,2015-10,0
2015-10-27,15422.0,287.156811634,71.875,10,2015,0,2015-10,0
2015-10-28,14599.0,291.13,78.54166666666667,10,2015,0,2015-10,0
2015-10-29,14605.0,294.06,75.83333333333333,10,2015,0,2015-10,0
2015-10-30,15219.0,289.335024262,52.791666666666664,10,2015,0,2015-10,0
2015-10-31,13880.0,285.23,63.458333333333336,10,2015,1,2015-10,0
2015-11-01,13181.0,290.84,69.48,11,2015,1,2015-11,0
2015-11-02,14846.0,290.4,69.29166666666667,11,2015,0,2015-11,0
2015-11-03,14949.0,296.07,63.583333333333336,11,2015,0,2015-11,0
2015-11-04,14775.0,293.69,60.875,11,2015,0,2015-11,0
2015-11-05,15203.0,294.4,88.16666666666667,11,2015,0,2015-11,0
2015-11-06,14353.0,295.9,84.04166666666667,11,2015,0,2015-11,0
2015-11-07,13417.0,293.9,56.916666666666664,11,2015,1,2015-11,0
2015-11-08,14078.0,286.87,45.75,11,2015,1,2015-11,0
2015-11-09,15855.0,288.15,69.91666666666667,11,2015,0,2015-11,0
2015-11-10,15227.0,286.874655022,74.16666666666667,11,2015,0,2015-11,0
2015-11-11,15072.0,287.92,84.08333333333333,11,2015,0,2015-11,0
2015-11-12,15029.0,287.9,81.33333333333333,11,2015,0,2015-11,0
2015-11-13,15148.0,287.829212095,55.333333333333336,11,2015,0,2015-11,0
2015-11-14,14213.0,283.495170792,41.125,11,2015,1,2015-11,0
2015-11-15,13863.0,287.56,53.291666666666664,11,2015,1,2015-11,0
2015-11-16,16328.0,291.14,48.5,11,2015,0,2015-11,0
2015-11-17,15115.0,287.144953188,55.833333333333336,11,2015,0,2015-11,0
2015-11-18,14752.0,287.162224568,67.16666666666667,11,2015,0,2015-11,0
2015-11-19,14902.0,289.81,82.125,11,2015,0,2015-11,0
2015-11-20,16065.0,289.98,62.75,11,2015,0,2015-11,0
2015-11-21,14985.0,282.98,51.708333333333336,11,2015,1,2015-11,0
2015-11-22,16096.0,283.56,66.25,11,2015,1,2015-11,0
2015-11-23,17840.0,281.4,45.625,11,2015,0,2015-11,1
2015-11-24,17618.0,280.81,55.291666666666664,11,2015,0,2015-11,0
2015-11-25,15346.0,282.31,53.666666666666664,11,2015,0,2015-11,0
2015-11-26,13247.0,288.4,73.83333333333333,11,2015,0,2015-11,0
2015-11-27,12755.0,290.98,81.91666666666667,11,2015,0,2015-11,0
2015-11-28,13566.0,288.51,74.375,11,2015,1,2015-11,0
2015-11-29,14320.0,281.97,70.41666666666667,11,2015,1,2015-11,0
2015-11-30,16210.0,280.401156646,67.16666666666667,11,2015,0,2015-11,0
2015-12-01,15755.0,283.190008264,84.66666666666667,12,2015,0,2015-12,0
2015-12-02,16321.0,284.65,92.91666666666667,12,2015,0,2015-12,0
2015-12-03,17238.0,285.4,71.08333333333333,12,2015,0,2015-12,0
2015-12-04,18200.0,283.73,60.625,12,2015,0,2015-12,1
2015-12-05,16458.0,283.9,69.0,12,2015,1,2015-12,0
2015-12-06,15890.0,284.73,76.58333333333333,12,2015,1,2015-12,0
2015-12-07,16977.0,285.73,68.83333333333333,12,2015,0,2015-12,0
2015-12-08,16692.0,281.69,75.45833333333333,12,2015,0,2015-12,0
2015-12-09,17293.0,283.73,77.66666666666667,12,2015,0,2015-12,0
2015-12-10,16080.0,288.48,74.54166666666667,12,2015,0,2015-12,0
2015-12-11,15336.0,288.31,77.75,12,2015,0,2015-12,0
2015-12-12,13562.0,290.37,72.20833333333333,12,2015,1,2015-12,0
2015-12-13,14066.0,291.83,74.33333333333333,12,2015,1,2015-12,0
2015-12-14,15628.0,289.48,82.45833333333333,12,2015,0,2015-12,0
2015-12-15,16087.0,291.0,68.25,12,2015,0,2015-12,0
2015-12-16,16312.0,285.73,60.083333333333336,12,2015,0,2015-12,0
2015-12-17,16591.0,286.56,85.875,12,2015,0,2015-12,0
2015-12-18,17962.0,286.23,75.375,12,2015,0,2015-12,0
2015-12-19,16680.0,277.84,48.541666666666664,12,2015,1,2015-12,0
2015-12-20,16399.0,279.13,44.166666666666664,12,2015,1,2015-12,0
2015-12-21,16484.0,283.74,59.583333333333336,12,2015,0,2015-12,0
2015-12-22,15051.0,288.16,76.41666666666667,12,2015,0,2015-12,0
2015-12-23,14478.0,287.543462507,92.66666666666667,12,2015,0,2015-12,0
2015-12-24,12221.0,293.84,83.41666666666667,12,2015,0,2015-12,0
2015-12-25,12088.0,289.79,87.75,12,2015,0,2015-12,0
2015-12-26,13293.0,287.78,65.625,12,2015,1,2015-12,0
2015-12-27,15488.0,288.39,85.0,12,2015,1,2015-12,0
2015-12-28,16134.0,287.80368544,60.083333333333336,12,2015,0,2015-12,0
2015-12-29,15322.0,281.144075727,85.29166666666667,12,2015,0,2015-12,0
2015-12-30,15260.0,279.65,88.91666666666667,12,2015,0,2015-12,0
2015-12-31,15360.0,281.46,82.70833333333333,12,2015,0,2015-12,0
2016-01-01,15595.0,279.54,61.125,1,2016,0,2016-01,0
2016-01-02,15481.0,277.15,56.875,1,2016,1,2016-01,0
2016-01-03,15976.0,279.95,62.458333333333336,1,2016,1,2016-01,0
2016-01-04,18928.0,276.632267955,50.583333333333336,1,2016,0,2016-01,0
2016-01-05,20424.0,270.97,42.125,1,2016,0,2016-01,0
2016-01-06,20502.0,277.82,43.25,1,2016,0,2016-01,0
2016-01-07,19303.0,280.08,44.5,1,2016,0,2016-01,0
2016-01-08,17338.0,279.43,61.833333333333336,1,2016,0,2016-01,0
2016-01-09,14643.0,280.821618658,80.08333333333333,1,2016,1,2016-01,0
2016-01-10,17856.0,288.75,89.04166666666667,1,2016,1,2016-01,0
2016-01-11,20610.0,284.79,57.333333333333336,1,2016,0,2016-01,0
2016-01-12,19947.0,278.6,52.041666666666664,1,2016,0,2016-01,0
2016-01-13,21177.0,274.19,51.625,1,2016,0,2016-01,0
2016-01-14,19088.0,275.55,47.583333333333336,1,2016,0,2016-01,0
2016-01-15,17869.0,282.09,70.91666666666667,1,2016,0,2016-01,0
2016-01-16,16468.0,283.17,73.0,1,2016,1,2016-01,0
2016-01-17,18333.0,280.349087866,65.5,1,2016,1,2016-01,0
2016-01-18,21644.0,271.729768666,66.54166666666667,1,2016,0,2016-01,0
2016-01-19,22256.0,271.08,46.833333333333336,1,2016,0,2016-01,1
2016-01-20,21517.0,275.25,54.041666666666664,1,2016,0,2016-01,0
2016-01-21,20352.0,275.0,57.666666666666664,1,2016,0,2016-01,0
2016-01-22,19960.0,272.069522676,47.833333333333336,1,2016,0,2016-01,0
2016-01-23,18294.0,271.425666667,79.08333333333333,1,2016,1,2016-01,0
2016-01-24,18125.0,274.4,63.416666666666664,1,2016,1,2016-01,0
2016-01-25,19605.0,275.63,61.958333333333336,1,2016,0,2016-01,0
2016-01-26,17747.0,280.87,80.83333333333333,1,2016,0,2016-01,0
2016-01-27,18348.0,279.78,68.58333333333333,1,2016,0,2016-01,0
2016-01-28,19852.0,278.1,63.041666666666664,1,2016,0,2016-01,0
2016-01-29,17992.0,277.28,66.33333333333333,1,2016,0,2016-01,0
2016-01-30,16784.0,276.91,59.458333333333336,1,2016,1,2016-01,0
2016-01-31,14316.0,285.34,70.08333333333333,1,2016,1,2016-01,0
2016-02-01,16227.0,286.78,74.375,2,2016,0,2016-02,0
2016-02-02,17033.0,282.45,56.25,2,2016,0,2016-02,0
2016-02-03,15659.0,286.36,78.625,2,2016,0,2016-02,0
2016-02-04,17683.0,286.357632504,76.79166666666667,2,2016,0,2016-02,0
2016-02-05,18831.0,281.5736488,71.5,2,2016,0,2016-02,0
2016-02-06,16895.0,277.16,62.041666666666664,2,2016,1,2016-02,0
2016-02-07,16068.0,280.34,61.666666666666664,2,2016,1,2016-02,0
2016-02-08,17940.0,276.71,65.25,2,2016,0,2016-02,0
2016-02-09,20014.0,274.19,75.75,2,2016,0,2016-02,0
2016-02-10,20796.0,276.19,71.79166666666667,2,2016,0,2016-02,0
2016-02-11,21135.0,274.355809337,46.666666666666664,2,2016,0,2016-02,1
2016-02-12,20362.0,269.32,43.458333333333336,2,2016,0,2016-02,0
2016-02-13,18856.0,268.137412092,49.416666666666664,2,2016,1,2016-02,0
2016-02-14,18958.0,264.12,33.5,2,2016,1,2016-02,0
2016-02-15,18503.0,269.6,59.083333333333336,2,2016,0,2016-02,0
2016-02-16,17982.0,285.55,87.29166666666667,2,2016,0,2016-02,0
2016-02-17,17828.0,281.28,68.54166666666667,2,2016,0,2016-02,0
2016-02-18,18479.0,275.67,56.291666666666664,2,2016,0,2016-02,0
2016-02-19,17989.0,275.17,51.458333333333336,2,2016,0,2016-02,0
2016-02-20,13757.0,289.62,56.375,2,2016,1,2016-02,0
2016-02-21,14425.0,285.55,59.208333333333336,2,2016,1,2016-02,0
2016-02-22,16273.0,283.5,58.791666666666664,2,2016,0,2016-02,0
2016-02-23,16759.0,278.38,74.25,2,2016,0,2016-02,0
2016-02-24,16424.0,285.88,92.91666666666667,2,2016,0,2016-02,0
2016-02-25,18222.0,289.01,80.25,2,2016,0,2016-02,0
2016-02-26,18238.0,277.178542046,56.833333333333336,2,2016,0,2016-02,0
2016-02-27,15903.0,277.98,46.291666666666664,2,2016,1,2016-02,0
2016-02-28,14435.0,289.06,45.708333333333336,2,2016,1,2016-02,0
2016-02-29,15489.0,288.18,52.625,2,2016,0,2016-02,0
2016-03-01,16852.0,284.52855042,48.75,3,2016,0,2016-03,0
2016-03-02,17826.0,284.09,60.041666666666664,3,2016,0,2016-03,0
2016-03-03,18664.0,274.88,45.875,3,2016,0,2016-03,1
2016-03-04,17644.0,276.13,74.75,3,2016,0,2016-03,0
2016-03-05,15840.0,276.78,49.75,3,2016,1,2016-03,0
2016-03-06,15218.0,279.62,53.083333333333336,3,2016,1,2016-03,0
2016-03-07,16927.0,289.16,62.041666666666664,3,2016,0,2016-03,0
2016-03-08,15353.0,291.51,53.541666666666664,3,2016,0,2016-03,0
2016-03-09,14679.0,297.52,61.208333333333336,3,2016,0,2016-03,0
2016-03-10,14951.0,297.93,42.291666666666664,3,2016,0,2016-03,0
2016-03-11,14378.0,295.59271028,57.833333333333336,3,2016,0,2016-03,0
2016-03-12,12901.0,287.65,51.208333333333336,3,2016,1,2016-03,0
2016-03-13,13634.0,289.13,49.82608695652174,3,2016,1,2016-03,0
2016-03-14,14487.0,286.672469499,65.875,3,2016,0,2016-03,0
2016-03-15,14475.0,286.51,83.41666666666667,3,2016,0,2016-03,0
2016-03-16,14517.0,290.32,76.25,3,2016,0,2016-03,0
2016-03-17,15078.0,288.87,70.625,3,2016,0,2016-03,0
2016-03-18,15566.0,286.31,43.375,3,2016,0,2016-03,0
2016-03-19,14371.0,283.366885965,41.166666666666664,3,2016,1,2016-03,0
2016-03-20,14990.0,279.49,44.875,3,2016,1,2016-03,0
2016-03-21,17330.0,282.08,61.666666666666664,3,2016,0,2016-03,0
2016-03-22,16812.0,285.6,40.833333333333336,3,2016,0,2016-03,0
2016-03-23,14825.0,293.7,42.5,3,2016,0,2016-03,0
2016-03-24,14550.0,288.61,60.375,3,2016,0,2016-03,0
2016-03-25,14009.0,293.59,74.79166666666667,3,2016,0,2016-03,0
2016-03-26,13382.0,289.846825308,55.458333333333336,3,2016,1,2016-03,0
2016-03-27,12299.0,284.78,71.41666666666667,3,2016,1,2016-03,0
2016-03-28,14714.0,289.01,78.79166666666667,3,2016,0,2016-03,0
2016-03-29,15302.0,286.337903473,39.75,3,2016,0,2016-03,0
2016-03-30,15805.0,285.44,31.583333333333332,3,2016,0,2016-03,0
2016-03-31,14377.0,293.58,53.0,3,2016,0,2016-03,0
2016-04-01,13883.0,297.98,69.375,4,2016,0,2016-04,0
2016-04-02,14022.0,292.15,64.20833333333333,4,2016,1,2016-04,0
2016-04-03,14257.0,284.71,49.708333333333336,4,2016,1,2016-04,0
2016-04-04,15395.0,279.320607156,61.833333333333336,4,2016,0,2016-04,0
2016-04-05,16784.0,278.39,46.041666666666664,4,2016,0,2016-04,0
2016-04-06,16863.0,281.35,43.25,4,2016,0,2016-04,1
2016-04-07,15899.0,287.26,73.04166666666667,4,2016,0,2016-04,0
2016-04-08,16014.0,286.12,58.875,4,2016,0,2016-04,0
2016-04-09,15744.0,280.21,64.66666666666667,4,2016,1,2016-04,0
2016-04-10,15322.0,281.86,47.791666666666664,4,2016,1,2016-04,0
2016-04-11,14961.0,289.05,51.666666666666664,4,2016,0,2016-04,0
2016-04-12,14914.0,287.13,66.5,4,2016,0,2016-04,0
2016-04-13,16077.0,285.95,41.5,4,2016,0,2016-04,0
2016-04-14,15717.0,288.07,52.458333333333336,4,2016,0,2016-04,0
2016-04-15,14827.0,290.07,53.0,4,2016,0,2016-04,0
2016-04-16,12415.0,291.26,46.541666666666664,4,2016,1,2016-04,0
2016-04-17,13398.0,295.15,47.458333333333336,4,2016,1,2016-04,0
2016-04-18,15282.0,298.84,41.458333333333336,4,2016,0,2016-04,0
2016-04-19,14692.0,293.88,33.333333333333336,4,2016,0,2016-04,0
2016-04-20,14574.0,292.7,25.916666666666668,4,2016,0,2016-04,0
2016-04-21,14279.0,292.05,51.25,4,2016,0,2016-04,0
2016-04-22,14021.0,298.54,56.708333333333336,4,2016,0,2016-04,0
2016-04-23,12344.0,295.45,65.29166666666667,4,2016,1,2016-04,0
2016-04-24,12951.0,292.44,28.416666666666668,4,2016,1,2016-04,0
2016-04-25,14778.0,292.6,53.708333333333336,4,2016,0,2016-04,0
2016-04-26,15346.0,289.808508094,76.79166666666667,4,2016,0,2016-04,0
2016-04-27,14371.0,288.28,68.875,4,2016,0,2016-04,0
2016-04-28,14769.0,286.65,56.5,4,2016,0,2016-04,0
2016-04-29,14106.0,286.18,57.833333333333336,4,2016,0,2016-04,0
2016-04-30,12647.0,289.06,67.16666666666667,4,2016,1,2016-04,0
2016-05-01,13166.0,286.27,76.5,5,2016,1,2016-05,0
2016-05-02,14664.0,288.53,84.91666666666667,5,2016,0,2016-05,0
2016-05-03,14079.0,287.79,88.45833333333333,5,2016,0,2016-05,0
2016-05-04,14159.0,284.26,86.5,5,2016,0,2016-05,0
2016-05-05,14363.0,286.49,70.58333333333333,5,2016,0,2016-05,0
2016-05-06,14008.0,285.89,82.875,5,2016,0,2016-05,0
2016-05-07,12267.0,286.98,87.0,5,2016,1,2016-05,0
2016-05-08,12563.0,291.39,77.91666666666667,5,2016,1,2016-05,0
2016-05-09,14400.0,295.2,61.208333333333336,5,2016,0,2016-05,0
2016-05-10,14477.0,292.52,57.833333333333336,5,2016,0,2016-05,0
2016-05-11,14765.0,296.56,65.20833333333333,5,2016,0,2016-05,0
2016-05-12,15427.0,297.51,62.25,5,2016,0,2016-05,0
2016-05-13,14098.0,294.46,76.625,5,2016,0,2016-05,0
2016-05-14,12560.0,294.85,76.16666666666667,5,2016,1,2016-05,0
2016-05-15,13008.0,288.87,54.666666666666664,5,2016,1,2016-05,0
2016-05-16,14636.0,291.87,47.083333333333336,5,2016,0,2016-05,0
2016-05-17,14230.0,291.74,51.416666666666664,5,2016,0,2016-05,0
2016-05-18,13994.0,292.11,66.58333333333333,5,2016,0,2016-05,0
2016-05-19,14063.0,293.71,60.625,5,2016,0,2016-05,0
2016-05-20,13978.0,296.68,58.416666666666664,5,2016,0,2016-05,0
2016-05-21,12488.0,293.52,67.04166666666667,5,2016,1,2016-05,0
2016-05-22,12674.0,293.49,79.41666666666667,5,2016,1,2016-05,0
2016-05-23,14713.0,296.67,75.29166666666667,5,2016,0,2016-05,0
2016-05-24,15809.0,295.79,78.16666666666667,5,2016,0,2016-05,0
2016-05-25,16560.0,304.28,61.791666666666664,5,2016,0,2016-05,0
2016-05-26,17337.0,304.42,54.208333333333336,5,2016,0,2016-05,0
2016-05-27,18402.0,302.47,67.70833333333333,5,2016,0,2016-05,0
2016-05-28,16747.0,304.99,67.33333333333333,5,2016,1,2016-05,0
2016-05-29,15289.0,302.76,65.16666666666667,5,2016,1,2016-05,0
2016-05-30,16699.0,299.72,82.75,5,2016,0,2016-05,0
2016-05-31,19271.0,301.34,73.83333333333333,5,2016,0,2016-05,1
2016-06-01,19252.0,300.63,64.45833333333333,6,2016,0,2016-06,0
2016-06-02,18371.0,296.72,71.83333333333333,6,2016,0,2016-06,0
2016-06-03,18455.0,293.59,83.29166666666667,6,2016,0,2016-06,0
2016-06-04,15948.0,300.36,76.625,6,2016,1,2016-06,0
2016-06-05,15016.0,296.33,78.79166666666667,6,2016,1,2016-06,0
2016-06-06,17746.0,301.57,69.25,6,2016,0,2016-06,0
2016-06-07,16284.0,301.27,56.958333333333336,6,2016,0,2016-06,0
2016-06-08,14691.0,296.0,59.166666666666664,6,2016,0,2016-06,0
2016-06-09,15683.0,295.18,46.0,6,2016,0,2016-06,0
2016-06-10,17719.0,298.41,32.125,6,2016,0,2016-06,0
2016-06-11,19381.0,303.29,41.625,6,2016,1,2016-06,0
2016-06-12,17349.0,302.38,43.041666666666664,6,2016,1,2016-06,0
2016-06-13,18093.0,296.18,50.625,6,2016,0,2016-06,0
2016-06-14,18569.0,299.4,46.541666666666664,6,2016,0,2016-06,0
2016-06-15,20132.0,301.84,38.041666666666664,6,2016,0,2016-06,0
2016-06-16,19503.0,296.8,65.66666666666667,6,2016,0,2016-06,0
2016-06-17,17917.0,296.93,58.958333333333336,6,2016,0,2016-06,0
2016-06-18,17393.0,301.32,45.541666666666664,6,2016,1,2016-06,0
2016-06-19,17574.0,301.72,53.916666666666664,6,2016,1,2016-06,0
2016-06-20,20292.0,300.69,67.45833333333333,6,2016,0,2016-06,0
2016-06-21,19115.0,303.1,49.083333333333336,6,2016,0,2016-06,0
2016-06-22,17157.0,302.61,37.458333333333336,6,2016,0,2016-06,0
2016-06-23,18572.0,299.89,48.125,6,2016,0,2016-06,0
2016-06-24,18353.0,300.52,65.95833333333333,6,2016,0,2016-06,0
2016-06-25,18375.0,301.14,69.375,6,2016,1,2016-06,0
2016-06-26,19260.0,301.73,66.04166666666667,6,2016,1,2016-06,0
2016-06-27,20336.0,301.23,66.33333333333333,6,2016,0,2016-06,1
2016-06-28,18602.0,296.86,86.79166666666667,6,2016,0,2016-06,0
2016-06-29,17275.0,300.9,75.33333333333333,6,2016,0,2016-06,0
2016-06-30,17707.0,301.7,68.58333333333333,6,2016,0,2016-06,0
2016-07-01,17196.0,299.62,80.41666666666667,7,2016,0,2016-07,0
2016-07-02,14719.0,297.8,64.75,7,2016,1,2016-07,0
2016-07-03,13056.0,299.14,58.166666666666664,7,2016,1,2016-07,0
2016-07-04,13918.0,300.96,70.25,7,2016,0,2016-07,0
2016-07-05,19066.0,303.74,77.95833333333333,7,2016,0,2016-07,0
2016-07-06,19451.0,305.64,66.95833333333333,7,2016,0,2016-07,0
2016-07-07,19263.0,304.61,79.20833333333333,7,2016,0,2016-07,0
2016-07-08,19257.0,302.23,79.41666666666667,7,2016,0,2016-07,0
2016-07-09,17003.0,295.58,88.41666666666667,7,2016,1,2016-07,0
2016-07-10,17621.0,299.8,76.20833333333333,7,2016,1,2016-07,0
2016-07-11,20984.0,299.73,64.70833333333333,7,2016,0,2016-07,0
2016-07-12,21235.0,301.09,69.625,7,2016,0,2016-07,0
2016-07-13,21160.0,300.97,73.66666666666667,7,2016,0,2016-07,0
2016-07-14,20535.0,299.754,92.625,7,2016,0,2016-07,0
2016-07-15,19861.0,302.332,83.375,7,2016,0,2016-07,0
2016-07-16,17284.0,301.331,81.875,7,2016,1,2016-07,0
2016-07-17,18629.0,300.751,84.875,7,2016,1,2016-07,0
2016-07-18,20585.0,303.392,68.33333333333333,7,2016,0,2016-07,0
2016-07-19,21061.0,299.388,66.0,7,2016,0,2016-07,0
2016-07-20,21110.0,302.37,60.666666666666664,7,2016,0,2016-07,0
2016-07-21,21045.0,303.89,59.25,7,2016,0,2016-07,0
2016-07-22,20468.0,307.2,59.708333333333336,7,2016,0,2016-07,0
2016-07-23,21261.0,308.37,50.208333333333336,7,2016,1,2016-07,0
2016-07-24,20510.0,306.76,56.916666666666664,7,2016,1,2016-07,0
2016-07-25,22281.0,305.47,69.45833333333333,7,2016,0,2016-07,1
2016-07-26,21277.0,305.4,73.20833333333333,7,2016,0,2016-07,0
2016-07-27,21131.0,305.03,59.791666666666664,7,2016,0,2016-07,0
2016-07-28,19498.0,305.91,68.79166666666667,7,2016,0,2016-07,0
2016-07-29,19838.0,301.89,81.79166666666667,7,2016,0,2016-07,0
2016-07-30,18485.0,301.13,82.16666666666667,7,2016,1,2016-07,0
2016-07-31,18857.0,298.65,87.375,7,2016,1,2016-07,0
2016-08-01,20933.0,298.31,82.54166666666667,8,2016,0,2016-08,0
2016-08-02,20953.0,297.36,78.08333333333333,8,2016,0,2016-08,0
2016-08-03,20979.0,299.14,71.66666666666667,8,2016,0,2016-08,0
2016-08-04,21245.0,300.21,62.375,8,2016,0,2016-08,0
2016-08-05,21127.0,300.89,62.416666666666664,8,2016,0,2016-08,0
2016-08-06,19043.0,304.43,69.25,8,2016,1,2016-08,0
2016-08-07,18280.0,303.84,49.625,8,2016,1,2016-08,0
2016-08-08,19645.0,301.65,47.083333333333336,8,2016,0,2016-08,0
2016-08-09,21458.0,303.088,58.541666666666664,8,2016,0,2016-08,0
2016-08-10,21281.0,303.5,75.20833333333333,8,2016,0,2016-08,0
2016-08-11,22488.0,306.76,70.33333333333333,8,2016,0,2016-08,1
2016-08-12,22295.0,307.21,69.79166666666667,8,2016,0,2016-08,0
2016-08-13,20349.0,308.22,67.25,8,2016,1,2016-08,0
2016-08-14,17915.0,308.11,57.5,8,2016,1,2016-08,0
2016-08-15,19760.0,304.93,63.166666666666664,8,2016,0,2016-08,0
2016-08-16,20295.0,304.0,71.0,8,2016,0,2016-08,0
2016-08-17,19278.0,302.81,65.20833333333333,8,2016,0,2016-08,0
2016-08-18,20343.0,301.85,61.833333333333336,8,2016,0,2016-08,0
2016-08-19,20069.0,303.0,65.91666666666667,8,2016,0,2016-08,0
2016-08-20,18201.0,301.97,74.83333333333333,8,2016,1,2016-08,0
2016-08-21,16283.0,302.81,71.95833333333333,8,2016,1,2016-08,0
2016-08-22,17931.0,298.99,68.45833333333333,8,2016,0,2016-08,0
2016-08-23,18685.0,300.06,44.625,8,2016,0,2016-08,0
2016-08-24,19291.0,302.63,51.166666666666664,8,2016,0,2016-08,0
2016-08-25,22064.0,301.82,63.333333333333336,8,2016,0,2016-08,0
2016-08-26,21781.0,305.49,69.95833333333333,8,2016,0,2016-08,0
2016-08-27,20362.0,303.19,53.083333333333336,8,2016,1,2016-08,0
2016-08-28,20348.0,302.8,57.333333333333336,8,2016,1,2016-08,0
2016-08-29,21781.0,304.73,58.916666666666664,8,2016,0,2016-08,0
2016-08-30,21304.0,301.48,56.583333333333336,8,2016,0,2016-08,0
2016-08-31,20734.0,302.53,68.25,8,2016,0,2016-08,0
2016-09-01,17476.0,299.37,79.5,9,2016,0,2016-09,0
2016-09-02,16107.0,299.44,58.458333333333336,9,2016,0,2016-09,0
2016-09-03,15302.0,296.85,71.91666666666667,9,2016,1,2016-09,0
2016-09-04,16017.0,299.41,63.333333333333336,9,2016,1,2016-09,0
2016-09-05,18234.0,301.26,52.958333333333336,9,2016,0,2016-09,0
2016-09-06,21580.0,300.06,57.25,9,2016,0,2016-09,0
2016-09-07,22021.0,301.98,71.66666666666667,9,2016,0,2016-09,1
2016-09-08,21185.0,303.87,79.79166666666667,9,2016,0,2016-09,0
2016-09-09,20204.0,305.04,66.125,9,2016,0,2016-09,0
2016-09-10,19071.0,304.13,77.66666666666667,9,2016,1,2016-09,0
2016-09-11,15784.0,301.4,66.125,9,2016,1,2016-09,0
2016-09-12,17901.0,298.04,47.833333333333336,9,2016,0,2016-09,0
2016-09-13,18972.0,300.1,61.833333333333336,9,2016,0,2016-09,0
2016-09-14,18174.0,304.39,62.916666666666664,9,2016,0,2016-09,0
2016-09-15,17082.0,296.52,52.625,9,2016,0,2016-09,0
2016-09-16,18265.0,295.68,59.75,9,2016,0,2016-09,0
2016-09-17,16618.0,298.08,67.04166666666667,9,2016,1,2016-09,0
2016-09-18,16105.0,300.64,77.375,9,2016,1,2016-09,0
2016-09-19,19027.0,298.55,85.70833333333333,9,2016,0,2016-09,0
2016-09-20,19498.0,299.79,80.375,9,2016,0,2016-09,0
2016-09-21,19261.0,300.35,75.04166666666667,9,2016,0,2016-09,0
2016-09-22,19674.0,301.41,46.791666666666664,9,2016,0,2016-09,0
2016-09-23,19885.0,302.69,62.208333333333336,9,2016,0,2016-09,0
2016-09-24,16642.0,297.42,64.33333333333333,9,2016,1,2016-09,0
2016-09-25,16223.0,293.27,44.5,9,2016,1,2016-09,0
2016-09-26,15672.0,294.75,49.875,9,2016,0,2016-09,0
2016-09-27,15195.0,296.36,70.25,9,2016,0,2016-09,0
2016-09-28,14734.0,292.97,80.08333333333333,9,2016,0,2016-09,0
2016-09-29,14569.0,290.99,79.58333333333333,9,2016,0,2016-09,0
2016-09-30,14240.0,289.91,82.66666666666667,9,2016,0,2016-09,0
2016-10-01,12744.0,289.46,89.91666666666667,10,2016,1,2016-10,0
2016-10-02,13059.0,290.3,88.25,10,2016,1,2016-10,0
2016-10-03,14626.0,294.72,79.66666666666667,10,2016,0,2016-10,0
2016-10-04,15254.0,292.88,75.0,10,2016,0,2016-10,0
2016-10-05,15551.0,291.924,78.20833333333333,10,2016,0,2016-10,0
2016-10-06,15891.0,294.294,87.375,10,2016,0,2016-10,0
2016-10-07,15391.0,295.065,85.08333333333333,10,2016,0,2016-10,0
2016-10-08,12590.0,294.389,90.375,10,2016,1,2016-10,0
2016-10-09,13041.0,292.119,93.75,10,2016,1,2016-10,0
2016-10-10,14415.0,288.063,83.54166666666667,10,2016,0,2016-10,0
2016-10-11,14304.0,290.208,82.875,10,2016,0,2016-10,0
2016-10-12,14521.0,292.38,88.41666666666667,10,2016,0,2016-10,0
2016-10-13,14080.0,294.184,88.54166666666667,10,2016,0,2016-10,0
2016-10-14,13874.0,291.245,83.16666666666667,10,2016,0,2016-10,0
2016-10-15,12938.0,290.926,87.20833333333333,10,2016,1,2016-10,0
2016-10-16,13728.0,294.622,87.79166666666667,10,2016,1,2016-10,0
2016-10-17,16098.0,296.723,80.58333333333333,10,2016,0,2016-10,0
2016-10-18,16022.0,297.834,79.08333333333333,10,2016,0,2016-10,0
2016-10-19,16102.0,298.927,69.16666666666667,10,2016,0,2016-10,1
2016-10-20,15301.0,297.171,66.41666666666667,10,2016,0,2016-10,0
2016-10-21,14081.0,293.761,95.33333333333333,10,2016,0,2016-10,0
2016-10-22,13086.0,292.538,99.70833333333333,10,2016,1,2016-10,0
2016-10-23,13073.0,287.856,88.66666666666667,10,2016,1,2016-10,0
2016-10-24,14200.0,287.56,86.08333333333333,10,2016,0,2016-10,0
2016-10-25,14972.0,284.336,86.79166666666667,10,2016,0,2016-10,0
2016-10-26,14963.0,282.075,94.08333333333333,10,2016,0,2016-10,0
2016-10-27,14469.0,285.437,100.0,10,2016,0,2016-10,0
2016-10-28,14333.0,288.022,98.08333333333333,10,2016,0,2016-10,0
2016-10-29,13078.0,289.111,89.41666666666667,10,2016,1,2016-10,0
2016-10-30,13139.0,293.374,81.625,10,2016,1,2016-10,0
2016-10-31,14151.0,286.049,99.625,10,2016,0,2016-10,0
2016-11-01,14885.0,287.6,84.25,11,2016,0,2016-11,0
2016-11-02,15014.0,294.77,68.25,11,2016,0,2016-11,0
2016-11-03,14337.0,295.53,74.0,11,2016,0,2016-11,0
2016-11-04,14008.0,290.64,52.791666666666664,11,2016,0,2016-11,0
2016-11-05,13553.0,289.68,52.75,11,2016,1,2016-11,0
2016-11-06,13178.0,287.36,56.44,11,2016,1,2016-11,0
2016-11-07,14879.0,285.53,52.0,11,2016,0,2016-11,0
2016-11-08,14828.0,293.15,56.791666666666664,11,2016,0,2016-11,0
2016-11-09,15257.0,286.13,72.58333333333333,11,2016,0,2016-11,0
2016-11-10,15848.0,286.65,60.75,11,2016,0,2016-11,0
2016-11-11,14957.0,289.53,53.458333333333336,11,2016,0,2016-11,0
2016-11-12,14461.0,283.3,39.833333333333336,11,2016,1,2016-11,0
2016-11-13,14585.0,289.53,43.083333333333336,11,2016,1,2016-11,0
2016-11-14,16621.0,289.9,34.125,11,2016,0,2016-11,0
2016-11-15,16502.0,285.06,71.83333333333333,11,2016,0,2016-11,0
2016-11-16,15665.0,289.38,65.95833333333333,11,2016,0,2016-11,0
2016-11-17,15929.0,289.42,65.875,11,2016,0,2016-11,0
2016-11-18,15004.0,291.9,73.16666666666667,11,2016,0,2016-11,0
2016-11-19,15566.0,289.82,76.58333333333333,11,2016,1,2016-11,0
2016-11-20,16182.0,285.81,74.45833333333333,11,2016,1,2016-11,0
2016-11-21,17180.0,277.53,46.5,11,2016,0,2016-11,0
2016-11-22,17809.0,278.07,44.833333333333336,11,2016,0,2016-11,1
2016-11-23,16899.0,280.45,58.5,11,2016,0,2016-11,0
2016-11-24,13702.0,280.85,59.25,11,2016,0,2016-11,0
2016-11-25,13789.0,284.53,77.75,11,2016,0,2016-11,0
2016-11-26,14447.0,282.84,75.5,11,2016,1,2016-11,0
2016-11-27,14944.0,282.61,76.95833333333333,11,2016,1,2016-11,0
2016-11-28,16217.0,284.15,66.58333333333333,11,2016,0,2016-11,0
2016-11-29,15066.0,287.82,82.0,11,2016,0,2016-11,0
2016-11-30,15249.0,287.81,92.08333333333333,11,2016,0,2016-11,0
2016-12-01,16622.0,285.31,80.16666666666667,12,2016,0,2016-12,0
2016-12-02,16934.0,283.39,57.583333333333336,12,2016,0,2016-12,0
2016-12-03,15529.0,281.48,54.208333333333336,12,2016,1,2016-12,0
2016-12-04,16005.0,280.84,49.958333333333336,12,2016,1,2016-12,0
2016-12-05,16624.0,282.07,74.16666666666667,12,2016,0,2016-12,0
2016-12-06,17096.0,280.31,85.125,12,2016,0,2016-12,0
2016-12-07,17114.0,280.6,85.375,12,2016,0,2016-12,0
2016-12-08,18911.0,279.15,74.66666666666667,12,2016,0,2016-12,0
2016-12-09,19079.0,276.65,58.958333333333336,12,2016,0,2016-12,0
2016-12-10,17874.0,274.46,65.625,12,2016,1,2016-12,0
2016-12-11,16997.0,273.77,73.95833333333333,12,2016,1,2016-12,0
2016-12-12,17563.0,279.53,89.58333333333333,12,2016,0,2016-12,0
2016-12-13,17773.0,278.53,69.375,12,2016,0,2016-12,0
2016-12-14,18878.0,278.46,62.5,12,2016,0,2016-12,0
2016-12-15,21293.0,274.9,46.666666666666664,12,2016,0,2016-12,1
2016-12-16,21194.0,269.76,48.25,12,2016,0,2016-12,0
2016-12-17,16918.0,274.61,77.25,12,2016,1,2016-12,0
2016-12-18,17657.0,285.92,90.66666666666667,12,2016,1,2016-12,0
2016-12-19,19354.0,277.15,49.0,12,2016,0,2016-12,0
2016-12-20,20366.0,273.15,55.666666666666664,12,2016,0,2016-12,0
2016-12-21,19087.0,277.23,62.541666666666664,12,2016,0,2016-12,0
2016-12-22,17049.0,282.15,59.583333333333336,12,2016,0,2016-12,0
2016-12-23,16967.0,280.92,56.083333333333336,12,2016,0,2016-12,0
2016-12-24,14076.0,280.38,72.875,12,2016,1,2016-12,0
2016-12-25,13026.0,283.15,69.58333333333333,12,2016,1,2016-12,0
2016-12-26,13568.0,277.76,67.83333333333333,12,2016,0,2016-12,0
2016-12-27,15498.0,288.76,76.95833333333333,12,2016,0,2016-12,0
2016-12-28,16567.0,284.3,56.791666666666664,12,2016,0,2016-12,0
2016-12-29,16408.0,279.41,77.5,12,2016,0,2016-12,0
2016-12-30,16837.0,276.99,64.0,12,2016,0,2016-12,0
2016-12-31,15699.0,278.99,62.958333333333336,12,2016,1,2016-12,0
2017-01-01,13997.0,281.61,44.708333333333336,1,2017,1,2017-01,0
2017-01-02,14995.0,277.23,78.75,1,2017,0,2017-01,0
2017-01-03,16011.0,279.3,93.16666666666667,1,2017,0,2017-01,0
2017-01-04,18277.0,283.68,80.58333333333333,1,2017,0,2017-01,0
2017-01-05,19497.0,279.77,49.458333333333336,1,2017,0,2017-01,0
2017-01-06,19935.0,273.07,68.08333333333333,1,2017,0,2017-01,0
2017-01-07,20031.0,271.53,60.541666666666664,1,2017,1,2017-01,0
2017-01-08,20257.0,268.69,58.083333333333336,1,2017,1,2017-01,0
2017-01-09,21614.0,267.46,53.041666666666664,1,2017,0,2017-01,1
2017-01-10,18815.0,274.37,73.08333333333333,1,2017,0,2017-01,0
2017-01-11,17155.0,283.84,77.70833333333333,1,2017,0,2017-01,0
2017-01-12,15656.0,290.29,80.25,1,2017,0,2017-01,0
2017-01-13,16462.0,289.44,58.041666666666664,1,2017,0,2017-01,0
2017-01-14,15800.0,275.92,70.83333333333333,1,2017,1,2017-01,0
2017-01-15,15498.0,276.5,78.54166666666667,1,2017,1,2017-01,0
2017-01-16,16535.0,278.83,68.04166666666667,1,2017,0,2017-01,0
2017-01-17,15767.0,276.95,69.25,1,2017,0,2017-01,0
2017-01-18,16343.0,278.15,89.625,1,2017,0,2017-01,0
2017-01-19,16819.0,281.14,81.16666666666667,1,2017,0,2017-01,0
2017-01-20,15985.0,279.36,88.29166666666667,1,2017,0,2017-01,0
2017-01-21,13758.0,281.93,90.33333333333333,1,2017,1,2017-01,0
2017-01-22,13850.0,282.08,92.75,1,2017,1,2017-01,0
2017-01-23,16300.0,281.85,79.20833333333333,1,2017,0,2017-01,0
2017-01-24,16456.0,279.814,92.5,1,2017,0,2017-01,0
2017-01-25,16892.0,282.23,90.33333333333333,1,2017,0,2017-01,0
2017-01-26,17424.0,283.97,72.33333333333333,1,2017,0,2017-01,0
2017-01-27,17971.0,279.89,51.5,1,2017,0,2017-01,0
2017-01-28,16674.0,277.14,55.208333333333336,1,2017,1,2017-01,0
2017-01-29,16964.0,278.89,60.958333333333336,1,2017,1,2017-01,0
2017-01-30,18695.0,276.15,60.958333333333336,1,2017,0,2017-01,0
2017-01-31,18221.0,273.38,74.66666666666667,1,2017,0,2017-01,0
2017-02-01,16873.0,280.73,73.20833333333333,2,2017,0,2017-02,0
2017-02-02,17863.0,279.14,63.666666666666664,2,2017,0,2017-02,0
2017-02-03,18558.0,275.82,53.333333333333336,2,2017,0,2017-02,0
2017-02-04,18636.0,274.22,50.916666666666664,2,2017,1,2017-02,0
2017-02-05,15328.0,277.53,56.958333333333336,2,2017,1,2017-02,0
2017-02-06,17964.0,282.0,44.333333333333336,2,2017,0,2017-02,0
2017-02-07,15290.0,278.39,88.29166666666667,2,2017,0,2017-02,0
2017-02-08,16171.0,289.06,80.83333333333333,2,2017,0,2017-02,0
2017-02-09,19291.0,281.73,67.375,2,2017,0,2017-02,0
2017-02-10,19692.0,272.57,49.833333333333336,2,2017,0,2017-02,1
2017-02-11,14793.0,281.48,64.33333333333333,2,2017,1,2017-02,0
2017-02-12,14365.0,278.62,88.75,2,2017,1,2017-02,0
2017-02-13,17174.0,275.95,75.625,2,2017,0,2017-02,0
2017-02-14,17376.0,273.96,98.58333333333333,2,2017,0,2017-02,0
2017-02-15,17232.0,276.45,95.04166666666667,2,2017,0,2017-02,0
2017-02-16,18143.0,275.066,98.20833333333333,2,2017,0,2017-02,0
2017-02-17,17319.0,275.642,98.33333333333333,2,2017,0,2017-02,0
2017-02-18,13992.0,281.295,91.0,2,2017,1,2017-02,0
2017-02-19,13542.0,285.09,88.25,2,2017,1,2017-02,0
2017-02-20,15720.0,279.892,89.125,2,2017,0,2017-02,0
2017-02-21,15164.0,280.89,76.0,2,2017,0,2017-02,0
2017-02-22,14820.0,286.5,70.33333333333333,2,2017,0,2017-02,0
2017-02-23,14531.0,291.39,81.54166666666667,2,2017,0,2017-02,0
2017-02-24,14301.0,294.75,76.95833333333333,2,2017,0,2017-02,0
2017-02-25,15007.0,292.16,82.0,2,2017,1,2017-02,0
2017-02-26,15121.0,285.31,57.5,2,2017,1,2017-02,0
2017-02-27,16615.0,284.32,50.375,2,2017,0,2017-02,0
2017-02-28,16359.0,288.33,69.91666666666667,2,2017,0,2017-02,0
2017-03-01,14957.0,292.22,85.08333333333333,3,2017,0,2017-03,0
2017-03-02,16805.0,292.14,44.083333333333336,3,2017,0,2017-03,0
2017-03-03,17385.0,277.95,38.416666666666664,3,2017,0,2017-03,0
2017-03-04,16530.0,273.72,43.666666666666664,3,2017,1,2017-03,0
2017-03-05,15364.0,275.48,29.583333333333332,3,2017,1,2017-03,0
2017-03-06,15852.0,279.72,41.0,3,2017,0,2017-03,0
2017-03-07,15196.0,284.15,69.29166666666667,3,2017,0,2017-03,0
2017-03-08,15733.0,288.23,58.625,3,2017,0,2017-03,0
2017-03-09,16109.0,289.21,19.291666666666668,3,2017,0,2017-03,0
2017-03-10,16478.0,285.92,55.958333333333336,3,2017,0,2017-03,0
2017-03-11,16349.0,273.5,44.208333333333336,3,2017,1,2017-03,0
2017-03-12,15831.0,271.61,46.30434782608695,3,2017,1,2017-03,0
2017-03-13,18578.0,274.98,39.5,3,2017,0,2017-03,0
2017-03-14,19258.0,272.65,90.33333333333333,3,2017,0,2017-03,0
2017-03-15,20694.0,271.91,56.583333333333336,3,2017,0,2017-03,1
2017-03-16,19899.0,277.06,49.25,3,2017,0,2017-03,0
2017-03-17,18926.0,280.74,46.625,3,2017,0,2017-03,0
2017-03-18,14901.0,279.15,65.875,3,2017,1,2017-03,0
2017-03-19,14893.0,281.45,60.666666666666664,3,2017,1,2017-03,0
2017-03-20,17649.0,283.83,42.916666666666664,3,2017,0,2017-03,0
2017-03-21,15509.0,287.68,45.0,3,2017,0,2017-03,0
2017-03-22,16538.0,285.8,39.5,3,2017,0,2017-03,0
2017-03-23,18287.0,278.76,32.375,3,2017,0,2017-03,0
2017-03-24,15546.0,285.37,53.833333333333336,3,2017,0,2017-03,0
2017-03-25,12681.0,287.52,58.541666666666664,3,2017,1,2017-03,0
2017-03-26,13151.0,280.94,77.08333333333333,3,2017,1,2017-03,0
2017-03-27,14521.0,284.72,90.08333333333333,3,2017,0,2017-03,0
2017-03-28,14490.0,283.58,89.16666666666667,3,2017,0,2017-03,0
2017-03-29,14503.0,287.3,69.75,3,2017,0,2017-03,0
2017-03-30,14781.0,284.0,46.541666666666664,3,2017,0,2017-03,0
2017-03-31,14554.0,280.69,80.54166666666667,3,2017,0,2017-03,0
2017-04-01,13625.0,281.54,79.20833333333333,4,2017,1,2017-04,0
2017-04-02,12886.0,289.82,61.916666666666664,4,2017,1,2017-04,0
2017-04-03,14486.0,289.65,54.208333333333336,4,2017,0,2017-04,0
2017-04-04,14269.0,285.4,81.91666666666667,4,2017,0,2017-04,0
2017-04-05,14493.0,289.22,76.58333333333333,4,2017,0,2017-04,0
2017-04-06,15948.0,285.91,83.75,4,2017,0,2017-04,0
2017-04-07,16406.0,283.16,69.16666666666667,4,2017,0,2017-04,1
2017-04-08,14429.0,286.3,43.458333333333336,4,2017,1,2017-04,0
2017-04-09,12844.0,292.3,33.833333333333336,4,2017,1,2017-04,0
2017-04-10,14499.0,298.31,39.75,4,2017,0,2017-04,0
2017-04-11,14484.0,299.9,42.583333333333336,4,2017,0,2017-04,0
2017-04-12,13895.0,296.98,58.5,4,2017,0,2017-04,0
2017-04-13,13972.0,295.68,40.083333333333336,4,2017,0,2017-04,0
2017-04-14,13101.0,290.81,32.041666666666664,4,2017,0,2017-04,0
2017-04-15,12915.0,290.7,51.583333333333336,4,2017,1,2017-04,0
2017-04-16,12817.0,302.29,59.125,4,2017,1,2017-04,0
2017-04-17,14496.0,300.06,44.541666666666664,4,2017,0,2017-04,0
2017-04-18,14214.0,292.51,36.958333333333336,4,2017,0,2017-04,0
2017-04-19,14648.0,285.79,62.75,4,2017,0,2017-04,0
2017-04-20,15525.0,291.23,75.83333333333333,4,2017,0,2017-04,0
2017-04-21,14301.0,288.72,80.375,4,2017,0,2017-04,0
2017-04-22,12859.0,285.69,85.29166666666667,4,2017,1,2017-04,0
2017-04-23,13000.0,290.9,53.291666666666664,4,2017,1,2017-04,0
2017-04-24,14245.0,288.33,68.16666666666667,4,2017,0,2017-04,0
2017-04-25,14378.0,286.31,84.75,4,2017,0,2017-04,0
2017-04-26,15639.0,289.55,89.79166666666667,4,2017,0,2017-04,0
2017-04-27,14535.0,293.92,83.20833333333333,4,2017,0,2017-04,0
2017-04-28,14382.0,301.06,75.20833333333333,4,2017,0,2017-04,0
2017-04-29,14072.0,301.52,52.958333333333336,4,2017,1,2017-04,0
2017-04-30,14761.0,299.3,47.291666666666664,4,2017,1,2017-04,0
2017-05-01,14609.0,295.86,75.33333333333333,5,2017,0,2017-05,0
2017-05-02,13632.0,295.69,60.5,5,2017,0,2017-05,0
2017-05-03,13556.0,293.53,38.083333333333336,5,2017,0,2017-05,0
2017-05-04,14007.0,289.07,45.541666666666664,5,2017,0,2017-05,0
2017-05-05,14182.0,288.14,83.375,5,2017,0,2017-05,0
2017-05-06,12682.0,290.91,81.04166666666667,5,2017,1,2017-05,0
2017-05-07,12712.0,288.07,63.291666666666664,5,2017,1,2017-05,0
2017-05-08,14841.0,286.86,55.416666666666664,5,2017,0,2017-05,0
2017-05-09,14411.0,288.89,49.25,5,2017,0,2017-05,0
2017-05-10,14638.0,289.92,53.708333333333336,5,2017,0,2017-05,0
2017-05-11,14589.0,289.0,55.333333333333336,5,2017,0,2017-05,0
2017-05-12,13889.0,289.32,61.791666666666664,5,2017,0,2017-05,0
2017-05-13,12420.0,286.24,79.45833333333333,5,2017,1,2017-05,0
2017-05-14,13336.0,291.41,74.29166666666667,5,2017,1,2017-05,0
2017-05-15,15405.0,293.14,51.625,5,2017,0,2017-05,0
2017-05-16,17267.0,299.07,46.166666666666664,5,2017,0,2017-05,0
2017-05-17,18215.0,305.06,47.125,5,2017,0,2017-05,0
2017-05-18,18520.0,306.61,49.5,5,2017,0,2017-05,1
2017-05-19,16876.0,305.3,50.708333333333336,5,2017,0,2017-05,0
2017-05-20,14814.0,303.68,51.916666666666664,5,2017,1,2017-05,0
2017-05-21,13525.0,292.39,58.958333333333336,5,2017,1,2017-05,0
2017-05-22,14683.0,289.0,76.79166666666667,5,2017,0,2017-05,0
2017-05-23,14593.0,292.99,74.625,5,2017,0,2017-05,0
2017-05-24,14412.0,293.53,66.08333333333333,5,2017,0,2017-05,0
2017-05-25,14343.0,290.73,85.20833333333333,5,2017,0,2017-05,0
2017-05-26,14398.0,295.92,79.79166666666667,5,2017,0,2017-05,0
2017-05-27,14386.0,295.15,65.5,5,2017,1,2017-05,0
2017-05-28,13791.0,295.07,76.08333333333333,5,2017,1,2017-05,0
2017-05-29,14475.0,291.15,84.91666666666667,5,2017,0,2017-05,0
2017-05-30,16419.0,288.22,84.66666666666667,5,2017,0,2017-05,0
2017-05-31,15894.0,297.22,84.95833333333333,5,2017,0,2017-05,0
2017-06-01,16169.0,298.86,64.5,6,2017,0,2017-06,0
2017-06-02,16524.0,297.43,39.458333333333336,6,2017,0,2017-06,0
2017-06-03,16133.0,296.07,47.541666666666664,6,2017,1,2017-06,0
2017-06-04,16461.0,295.62,49.083333333333336,6,2017,1,2017-06,0
2017-06-05,16970.0,293.69,84.0,6,2017,0,2017-06,0
2017-06-06,15551.0,291.51,85.41666666666667,6,2017,0,2017-06,0
2017-06-07,14324.0,292.45,66.29166666666667,6,2017,0,2017-06,0
2017-06-08,15173.0,293.93,64.0,6,2017,0,2017-06,0
2017-06-09,16185.0,300.45,53.375,6,2017,0,2017-06,0
2017-06-10,16944.0,303.06,43.5,6,2017,1,2017-06,0
2017-06-11,18110.0,305.89,48.041666666666664,6,2017,1,2017-06,0
2017-06-12,20482.0,306.73,46.333333333333336,6,2017,0,2017-06,1
2017-06-13,19679.0,307.72,47.25,6,2017,0,2017-06,0
2017-06-14,19691.0,305.73,58.916666666666664,6,2017,0,2017-06,0
2017-06-15,19973.0,297.46,55.791666666666664,6,2017,0,2017-06,0
2017-06-16,19306.0,294.54,81.83333333333333,6,2017,0,2017-06,0
2017-06-17,18999.0,295.92,90.25,6,2017,1,2017-06,0
2017-06-18,17850.0,302.52,82.83333333333333,6,2017,1,2017-06,0
2017-06-19,17953.0,304.14,71.75,6,2017,0,2017-06,0
2017-06-20,17493.0,301.57,67.79166666666667,6,2017,0,2017-06,0
2017-06-21,18837.0,302.15,52.833333333333336,6,2017,0,2017-06,0
2017-06-22,19441.0,302.14,59.458333333333336,6,2017,0,2017-06,0
2017-06-23,17495.0,301.52,67.20833333333333,6,2017,0,2017-06,0
2017-06-24,16188.0,302.3,68.5,6,2017,1,2017-06,0
2017-06-25,14549.0,301.31,48.541666666666664,6,2017,1,2017-06,0
2017-06-26,15428.0,299.39,42.041666666666664,6,2017,0,2017-06,0
2017-06-27,15589.0,297.56,54.0,6,2017,0,2017-06,0
2017-06-28,16429.0,299.4,51.291666666666664,6,2017,0,2017-06,0
2017-06-29,19466.0,300.9,51.25,6,2017,0,2017-06,0
2017-06-30,19344.0,304.4,57.708333333333336,6,2017,0,2017-06,0
2017-07-01,17629.0,301.54,71.25,7,2017,1,2017-07,0
2017-07-02,17743.0,304.3,74.08333333333333,7,2017,1,2017-07,0
2017-07-03,18940.0,303.61,51.958333333333336,7,2017,0,2017-07,0
2017-07-04,17225.0,301.91,54.375,7,2017,0,2017-07,0
2017-07-05,19579.0,301.23,50.541666666666664,7,2017,0,2017-07,0
2017-07-06,18268.0,298.31,66.79166666666667,7,2017,0,2017-07,0
2017-07-07,18408.0,300.72,77.25,7,2017,0,2017-07,0
2017-07-08,16403.0,301.58,71.16666666666667,7,2017,1,2017-07,0
2017-07-09,16767.0,300.56,50.416666666666664,7,2017,1,2017-07,0
2017-07-10,18227.0,301.68,53.625,7,2017,0,2017-07,0
2017-07-11,19541.0,302.14,72.125,7,2017,0,2017-07,0
2017-07-12,20483.0,304.07,65.33333333333333,7,2017,0,2017-07,0
2017-07-13,19362.0,305.07,64.0,7,2017,0,2017-07,0
2017-07-14,20018.0,298.01,89.66666666666667,7,2017,0,2017-07,0
2017-07-15,17864.0,301.21,79.79166666666667,7,2017,1,2017-07,0
2017-07-16,18450.0,301.99,61.708333333333336,7,2017,1,2017-07,0
2017-07-17,20410.0,301.91,69.25,7,2017,0,2017-07,0
2017-07-18,21173.0,303.06,71.75,7,2017,0,2017-07,0
2017-07-19,21678.0,306.3,63.666666666666664,7,2017,0,2017-07,1
2017-07-20,20998.0,306.55,55.958333333333336,7,2017,0,2017-07,0
2017-07-21,20116.0,305.72,59.5,7,2017,0,2017-07,0
2017-07-22,19362.0,304.24,53.083333333333336,7,2017,1,2017-07,0
2017-07-23,18308.0,300.14,84.83333333333333,7,2017,1,2017-07,0
2017-07-24,19730.0,296.78,83.375,7,2017,0,2017-07,0
2017-07-25,18480.0,294.73,77.66666666666667,7,2017,0,2017-07,0
2017-07-26,19673.0,297.15,66.0,7,2017,0,2017-07,0
2017-07-27,18516.0,297.9,75.0,7,2017,0,2017-07,0
2017-07-28,18091.0,301.48,76.41666666666667,7,2017,0,2017-07,0
2017-07-29,15584.0,298.45,57.208333333333336,7,2017,1,2017-07,0
2017-07-30,17333.0,300.38,48.875,7,2017,1,2017-07,0
2017-07-31,19992.0,303.61,50.458333333333336,7,2017,0,2017-07,0
2017-08-01,19621.0,304.59,54.875,8,2017,0,2017-08,0
2017-08-02,19921.0,302.22,68.25,8,2017,0,2017-08,0
2017-08-03,20092.0,302.31,75.75,8,2017,0,2017-08,0
2017-08-04,17608.0,302.07,75.375,8,2017,0,2017-08,0
2017-08-05,15180.0,298.98,79.58333333333333,8,2017,1,2017-08,0
2017-08-06,14330.0,296.98,54.375,8,2017,1,2017-08,0
2017-08-07,16245.0,294.91,74.625,8,2017,0,2017-08,0
2017-08-08,17585.0,298.73,80.45833333333333,8,2017,0,2017-08,0
2017-08-09,18392.0,300.9,57.125,8,2017,0,2017-08,0
2017-08-10,17629.0,301.42,58.916666666666664,8,2017,0,2017-08,0
2017-08-11,18304.0,299.9,56.041666666666664,8,2017,0,2017-08,0
2017-08-12,16591.0,298.15,79.45833333333333,8,2017,1,2017-08,0
2017-08-13,16869.0,301.32,71.25,8,2017,1,2017-08,0
2017-08-14,18706.0,299.99,65.95833333333333,8,2017,0,2017-08,0
2017-08-15,20221.0,297.53,85.83333333333333,8,2017,0,2017-08,0
2017-08-16,20945.0,302.3,74.125,8,2017,0,2017-08,0
2017-08-17,20918.0,301.07,58.166666666666664,8,2017,0,2017-08,0
2017-08-18,19847.0,300.9,87.25,8,2017,0,2017-08,0
2017-08-19,18293.0,302.91,73.45833333333333,8,2017,1,2017-08,0
2017-08-20,19249.0,301.15,60.708333333333336,8,2017,1,2017-08,0
2017-08-21,21035.0,302.73,64.375,8,2017,0,2017-08,1
2017-08-22,19839.0,304.6,73.375,8,2017,0,2017-08,0
2017-08-23,18046.0,302.39,66.33333333333333,8,2017,0,2017-08,0
2017-08-24,16375.0,299.07,49.333333333333336,8,2017,0,2017-08,0
2017-08-25,15968.0,297.9,55.208333333333336,8,2017,0,2017-08,0
2017-08-26,15026.0,297.51,49.958333333333336,8,2017,1,2017-08,0
2017-08-27,15535.0,297.48,49.166666666666664,8,2017,1,2017-08,0
2017-08-28,16332.0,296.15,59.25,8,2017,0,2017-08,0
2017-08-29,16925.0,292.84,72.16666666666667,8,2017,0,2017-08,0
2017-08-30,17772.0,298.3,70.75,8,2017,0,2017-08,0
2017-08-31,16934.0,300.07,61.208333333333336,8,2017,0,2017-08,0
2017-09-01,14338.0,294.98,44.958333333333336,9,2017,0,2017-09,0
2017-09-02,12427.0,291.9,54.333333333333336,9,2017,1,2017-09,0
2017-09-03,13727.0,294.48,90.54166666666667,9,2017,1,2017-09,0
2017-09-04,16115.0,299.87,66.16666666666667,9,2017,0,2017-09,0
2017-09-05,16022.0,302.32,67.45833333333333,9,2017,0,2017-09,0
2017-09-06,14272.0,296.81,83.625,9,2017,0,2017-09,0
2017-09-07,14255.0,295.42,79.08333333333333,9,2017,0,2017-09,0
2017-09-08,14354.0,294.88,59.875,9,2017,0,2017-09,0
2017-09-09,12963.0,293.51,59.708333333333336,9,2017,1,2017-09,0
2017-09-10,13240.0,295.51,59.875,9,2017,1,2017-09,0
2017-09-11,14550.0,297.81,55.666666666666664,9,2017,0,2017-09,0
2017-09-12,14964.0,299.14,57.416666666666664,9,2017,0,2017-09,0
2017-09-13,15273.0,299.87,68.25,9,2017,0,2017-09,0
2017-09-14,15156.0,299.73,82.45833333333333,9,2017,0,2017-09,0
2017-09-15,15930.0,299.97,68.75,9,2017,0,2017-09,0
2017-09-16,15621.0,299.88,78.95833333333333,9,2017,1,2017-09,0
2017-09-17,16381.0,299.33,79.45833333333333,9,2017,1,2017-09,0
2017-09-18,17788.0,296.07,82.16666666666667,9,2017,0,2017-09,0
2017-09-19,17133.0,298.43,78.04166666666667,9,2017,0,2017-09,0
2017-09-20,18787.0,299.34,70.33333333333333,9,2017,0,2017-09,0
2017-09-21,20190.0,300.15,67.04166666666667,9,2017,0,2017-09,0
2017-09-22,19995.0,301.06,49.916666666666664,9,2017,0,2017-09,0
2017-09-23,18889.0,303.57,45.541666666666664,9,2017,1,2017-09,0
2017-09-24,18548.0,304.95,53.666666666666664,9,2017,1,2017-09,0
2017-09-25,20046.0,303.24,64.20833333333333,9,2017,0,2017-09,0
2017-09-26,20554.0,300.61,74.5,9,2017,0,2017-09,1
2017-09-27,19380.0,302.79,76.375,9,2017,0,2017-09,0
2017-09-28,16077.0,298.6,65.08333333333333,9,2017,0,2017-09,0
2017-09-29,14702.0,292.48,51.875,9,2017,0,2017-09,0
2017-09-30,12583.0,290.15,62.083333333333336,9,2017,1,2017-09,0
2017-10-01,12989.0,292.69,62.333333333333336,10,2017,1,2017-10,0
2017-10-02,14841.0,295.48,52.75,10,2017,0,2017-10,0
2017-10-03,15945.0,293.68,62.875,10,2017,0,2017-10,0
2017-10-04,16160.0,297.0,66.54166666666667,10,2017,0,2017-10,0
2017-10-05,15477.0,300.81,62.625,10,2017,0,2017-10,0
2017-10-06,15263.0,299.99,66.41666666666667,10,2017,0,2017-10,0
2017-10-07,15456.0,299.73,77.20833333333333,10,2017,1,2017-10,0
2017-10-08,14488.0,298.88,85.58333333333333,10,2017,1,2017-10,0
2017-10-09,16944.0,297.23,93.45833333333333,10,2017,0,2017-10,1
2017-10-10,16912.0,299.99,72.75,10,2017,0,2017-10,0
2017-10-11,16397.0,296.31,66.75,10,2017,0,2017-10,0
2017-10-12,14732.0,292.22,76.25,10,2017,0,2017-10,0
2017-10-13,14907.0,291.22,68.29166666666667,10,2017,0,2017-10,0
2017-10-14,14396.0,294.9,84.20833333333333,10,2017,1,2017-10,0
2017-10-15,13956.0,295.31,80.54166666666667,10,2017,1,2017-10,0
2017-10-16,14458.0,293.65,65.75,10,2017,0,2017-10,0
2017-10-17,14682.0,288.15,56.25,10,2017,0,2017-10,0
2017-10-18,14885.0,295.61,50.666666666666664,10,2017,0,2017-10,0
2017-10-19,14497.0,295.24,51.791666666666664,10,2017,0,2017-10,0
2017-10-20,14242.0,296.3,43.0,10,2017,0,2017-10,0
2017-10-21,12926.0,298.78,35.625,10,2017,1,2017-10,0
2017-10-22,13492.0,296.57,50.416666666666664,10,2017,1,2017-10,0
2017-10-23,14487.0,295.82,76.29166666666667,10,2017,0,2017-10,0
2017-10-24,14549.0,296.23,83.0,10,2017,0,2017-10,0
2017-10-25,14945.0,292.9,73.20833333333333,10,2017,0,2017-10,0
2017-10-26,15666.0,288.06,54.125,10,2017,0,2017-10,0
2017-10-27,15222.0,289.98,51.625,10,2017,0,2017-10,0
2017-10-28,13945.0,284.98,58.0,10,2017,1,2017-10,0
2017-10-29,14960.0,284.98,58.0,10,2017,1,2017-10,0
2017-10-30,16518.0,284.98,58.0,10,2017,0,2017-10,0
2017-10-31,16212.0,284.98,58.0,10,2017,0,2017-10,0
2017-11-01,15699.0,284.98,58.0,11,2017,0,2017-11,0
2017-11-02,14654.0,284.98,58.0,11,2017,0,2017-11,0
2017-11-03,14295.0,284.98,58.0,11,2017,0,2017-11,0
2017-11-04,13272.0,284.98,58.0,11,2017,1,2017-11,0
2017-11-05,13452.0,284.98,58.0,11,2017,1,2017-11,0
2017-11-06,14941.0,284.98,58.0,11,2017,0,2017-11,0
2017-11-07,15695.0,284.98,58.0,11,2017,0,2017-11,0
2017-11-08,15860.0,284.98,58.0,11,2017,0,2017-11,0
2017-11-09,16060.0,284.98,58.0,11,2017,0,2017-11,0
2017-11-10,16547.0,284.98,58.0,11,2017,0,2017-11,0
2017-11-11,16416.0,284.98,58.0,11,2017,1,2017-11,0
2017-11-12,14906.0,284.98,58.0,11,2017,1,2017-11,0
2017-11-13,16510.0,284.98,58.0,11,2017,0,2017-11,0
2017-11-14,16375.0,284.98,58.0,11,2017,0,2017-11,0
2017-11-15,17126.0,284.98,58.0,11,2017,0,2017-11,0
2017-11-16,16324.0,284.98,58.0,11,2017,0,2017-11,0
2017-11-17,16658.0,284.98,58.0,11,2017,0,2017-11,0
2017-11-18,14246.0,284.98,58.0,11,2017,1,2017-11,0
2017-11-19,15917.0,284.98,58.0,11,2017,1,2017-11,0
2017-11-20,17727.0,284.98,58.0,11,2017,0,2017-11,1
2017-11-21,17429.0,284.98,58.0,11,2017,0,2017-11,0
2017-11-22,16156.0,284.98,58.0,11,2017,0,2017-11,0
2017-11-23,15912.0,284.98,58.0,11,2017,0,2017-11,0
2017-11-24,15147.0,284.98,58.0,11,2017,0,2017-11,0
2017-11-25,13765.0,284.98,58.0,11,2017,1,2017-11,0
2017-11-26,15404.0,284.98,58.0,11,2017,1,2017-11,0
2017-11-27,17421.0,284.98,58.0,11,2017,0,2017-11,0
2017-11-28,17091.0,284.98,58.0,11,2017,0,2017-11,0
2017-11-29,16443.0,284.98,58.0,11,2017,0,2017-11,0
2017-11-30,13776.0,284.98,58.0,11,2017,0,2017-11,0
