Datetime,Load,Temperature,Humidity,Hour,Day,Month,Year,Weekday,IsWeekend,Date,Peak_Hour,Peak_Hour_Prob
2012-10-01 20:00:00,15094.0,288.723257127,56.0,20,1,10,2012,0,0,2012-10-01,1,0.811221168926189
2012-10-01 21:00:00,15004.0,288.80252062,55.0,21,1,10,2012,0,0,2012-10-01,0,0.6987013916237274
2012-10-02 21:00:00,15921.0,294.85,43.0,21,2,10,2012,1,0,2012-10-02,1,0.8096281835232817
2012-10-02 20:00:00,15863.0,294.72,43.0,20,2,10,2012,1,0,2012-10-02,0,0.8072476544374492
2012-10-03 21:00:00,15553.0,290.62,93.0,21,3,10,2012,2,0,2012-10-03,1,0.8119930438236156
2012-10-03 20:00:00,15498.0,290.62,93.0,20,3,10,2012,2,0,2012-10-03,0,0.8028976008222699
2012-10-04 21:00:00,15569.0,294.72,88.0,21,4,10,2012,3,0,2012-10-04,1,0.7476980136907503
2012-10-04 20:00:00,15527.0,294.98,88.0,20,4,10,2012,3,0,2012-10-04,0,0.7287568027519413
2012-10-05 15:00:00,15189.0,295.37,88.0,15,5,10,2012,4,0,2012-10-05,1,0.6656171476460423
2012-10-05 20:00:00,14704.0,295.87,83.0,20,5,10,2012,4,0,2012-10-05,0,0.6491827103707544
2012-10-06 21:00:00,13409.0,299.18,42.0,21,6,10,2012,5,1,2012-10-06,1,0.30684282142064634
2012-10-06 20:00:00,13331.0,299.78,39.0,20,6,10,2012,5,1,2012-10-06,0,0.2911486048012951
2012-10-07 21:00:00,14246.0,292.87,68.0,21,7,10,2012,6,1,2012-10-07,1,0.585277141849655
2012-10-07 20:00:00,14203.0,294.43,56.0,20,7,10,2012,6,1,2012-10-07,0,0.5654377560648214
2012-10-08 08:00:00,15583.0,281.68,54.0,8,8,10,2012,0,0,2012-10-08,0,0.8541452049204219
2012-10-08 21:00:00,16080.0,284.12,76.0,21,8,10,2012,0,0,2012-10-08,1,0.7274644723096501
2012-10-09 20:00:00,15304.0,285.63,58.0,20,9,10,2012,1,0,2012-10-09,0,0.7492329159128368
2012-10-09 08:00:00,15820.0,279.055,78.0,8,9,10,2012,1,0,2012-10-09,0,0.6960448804470103
2012-10-10 08:00:00,15449.0,283.52,71.0,8,10,10,2012,2,0,2012-10-10,0,0.8512572802766318
2012-10-10 20:00:00,15603.0,287.18,93.0,20,10,10,2012,2,0,2012-10-10,0,0.8173163040146949
2012-10-11 21:00:00,15327.0,291.27,48.0,21,11,10,2012,3,0,2012-10-11,0,0.7804011350106976
2012-10-11 20:00:00,15221.0,291.3,73.0,20,11,10,2012,3,0,2012-10-11,0,0.7566002078109264
2012-10-12 08:00:00,15322.0,282.27,58.0,8,12,10,2012,4,0,2012-10-12,0,0.8448959972291891
2012-10-12 09:00:00,15368.0,281.89,53.0,9,12,10,2012,4,0,2012-10-12,1,0.7078924480376897
2012-10-13 20:00:00,13462.0,285.17,54.0,20,13,10,2012,5,1,2012-10-13,0,0.7746633001453835
2012-10-13 21:00:00,13691.0,284.26,57.0,21,13,10,2012,5,1,2012-10-13,0,0.7155340714838978
2012-10-14 21:00:00,14147.0,284.62,37.0,21,14,10,2012,6,1,2012-10-14,1,0.7246187940876166
2012-10-14 20:00:00,13908.0,285.09,27.0,20,14,10,2012,6,1,2012-10-14,0,0.6280830451941877
2012-10-15 21:00:00,15512.0,294.95,43.0,21,15,10,2012,0,0,2012-10-15,1,0.8197925801114665
2012-10-15 20:00:00,15319.0,294.78,46.0,20,15,10,2012,0,0,2012-10-15,0,0.818566988134552
2012-10-16 20:00:00,15213.0,292.73,64.0,20,16,10,2012,1,0,2012-10-16,0,0.819605461986675
2012-10-16 21:00:00,15330.0,291.86,73.0,21,16,10,2012,1,0,2012-10-16,0,0.6786235438192295
2012-10-17 08:00:00,15521.0,285.38,66.0,8,17,10,2012,2,0,2012-10-17,0,0.7742584320180004
2012-10-17 20:00:00,15213.0,287.9,50.0,20,17,10,2012,2,0,2012-10-17,0,0.7589052836747706
2012-10-18 20:00:00,15244.0,290.16,39.0,20,18,10,2012,3,0,2012-10-18,1,0.8046664145478742
2012-10-18 08:00:00,14820.0,277.52,70.0,8,18,10,2012,3,0,2012-10-18,0,0.6765782633422001
2012-10-19 20:00:00,14564.0,291.41,52.0,20,19,10,2012,4,0,2012-10-19,0,0.7600478888916904
2012-10-19 09:00:00,15494.0,278.16,87.0,9,19,10,2012,4,0,2012-10-19,1,0.6278412835983007
2012-10-20 20:00:00,13789.0,292.87,93.0,20,20,10,2012,5,1,2012-10-20,1,0.42566633272844506
2012-10-20 21:00:00,13678.0,292.94,88.0,21,20,10,2012,5,1,2012-10-20,0,0.4023744770514216
2012-10-21 20:00:00,13507.0,289.184444444,57.0,20,21,10,2012,6,1,2012-10-21,0,0.8155171661842904
2012-10-21 21:00:00,13543.0,289.452222222,51.0,21,21,10,2012,6,1,2012-10-21,0,0.7864056013013316
2012-10-22 08:00:00,15362.0,283.63,62.0,8,22,10,2012,0,0,2012-10-22,0,0.8538041490908094
2012-10-22 20:00:00,15277.0,291.27,39.0,20,22,10,2012,0,0,2012-10-22,0,0.8225368040456879
2012-10-23 20:00:00,15520.0,293.21,40.0,20,23,10,2012,1,0,2012-10-23,1,0.8237236650295319
2012-10-23 19:00:00,14887.0,292.42,48.0,19,23,10,2012,1,0,2012-10-23,0,0.7997888333982727
2012-10-24 20:00:00,15554.0,288.75,72.0,20,24,10,2012,2,0,2012-10-24,1,0.8083782266276965
2012-10-24 19:00:00,15080.0,289.49,63.0,19,24,10,2012,2,0,2012-10-24,0,0.7684601898244506
2012-10-25 20:00:00,15527.0,288.79,82.0,20,25,10,2012,3,0,2012-10-25,1,0.8073696823194737
2012-10-25 19:00:00,15008.0,288.93,82.0,19,25,10,2012,3,0,2012-10-25,0,0.7081798217995544
2012-10-26 20:00:00,14542.0,289.77,77.0,20,26,10,2012,4,0,2012-10-26,0,0.7452763468929038
2012-10-26 19:00:00,14621.0,289.59,77.0,19,26,10,2012,4,0,2012-10-26,0,0.6421747754167174
2012-10-27 21:00:00,13764.0,291.27,72.0,21,27,10,2012,5,1,2012-10-27,1,0.8144312577192483
2012-10-27 20:00:00,13759.0,291.53,68.0,20,27,10,2012,5,1,2012-10-27,0,0.7911280763313516
2012-10-28 20:00:00,15093.0,291.08,72.0,20,28,10,2012,6,1,2012-10-28,0,0.7425630518967982
2012-10-28 21:00:00,15314.0,290.62,68.0,21,28,10,2012,6,1,2012-10-28,1,0.6781470386240425
2012-10-29 20:00:00,18437.0,287.3,82.0,20,29,10,2012,0,0,2012-10-29,1,0.7723769026804292
2012-10-29 19:00:00,18104.0,287.56,72.0,19,29,10,2012,0,0,2012-10-29,0,0.6897130645684385
2012-10-30 20:00:00,17291.0,289.03,82.0,20,30,10,2012,1,0,2012-10-30,0,0.7514172744204857
2012-10-30 19:00:00,17106.0,288.07,87.0,19,30,10,2012,1,0,2012-10-30,0,0.7288197931608993
2012-10-31 20:00:00,16731.0,284.9,66.0,20,31,10,2012,2,0,2012-10-31,0,0.7427442722438091
2012-10-31 19:00:00,16706.0,284.81,71.0,19,31,10,2012,2,0,2012-10-31,0,0.7271484983534559
2012-11-01 08:00:00,16312.0,281.82,58.0,8,1,11,2012,3,0,2012-11-01,0,0.8668385147981685
2012-11-01 09:00:00,16524.0,280.91,61.0,9,1,11,2012,3,0,2012-11-01,1,0.7456986349563307
2012-11-02 08:00:00,16567.0,279.34,70.0,8,2,11,2012,4,0,2012-11-02,1,0.8999757773380255
2012-11-02 19:00:00,15410.0,284.06,57.0,19,2,11,2012,4,0,2012-11-02,0,0.7298790217367226
2012-11-03 20:00:00,14897.0,283.69,50.0,20,3,11,2012,5,1,2012-11-03,0,0.685426528147924
2012-11-03 19:00:00,14567.0,283.42,53.0,19,3,11,2012,5,1,2012-11-03,0,0.6619450408907441
2012-11-04 19:00:00,15494.0,283.58,53.0,19,4,11,2012,6,1,2012-11-04,0,0.79840182106457
2012-11-04 20:00:00,15537.0,282.67,53.0,20,4,11,2012,6,1,2012-11-04,1,0.7935946787445874
2012-11-05 08:00:00,17724.0,277.77,75.0,8,5,11,2012,0,0,2012-11-05,1,0.7954364268951637
2012-11-05 19:00:00,17229.0,283.85,52.0,19,5,11,2012,0,0,2012-11-05,0,0.7886695492661491
2012-11-06 08:00:00,18017.0,276.69,82.0,8,6,11,2012,1,0,2012-11-06,1,0.671905577987621
2012-11-06 09:00:00,17871.0,276.69,82.0,9,6,11,2012,1,0,2012-11-06,0,0.39133819143155285
2012-11-07 08:00:00,17085.0,271.68,55.0,8,7,11,2012,2,0,2012-11-07,1,0.8987271557318853
2012-11-07 19:00:00,16772.0,278.77,41.0,19,7,11,2012,2,0,2012-11-07,0,0.6911903764324182
2012-11-08 08:00:00,17952.0,275.84,55.0,8,8,11,2012,3,0,2012-11-08,1,0.9250991640825654
2012-11-08 09:00:00,17707.0,275.99,60.0,9,8,11,2012,3,0,2012-11-08,0,0.6002284521041661
2012-11-09 08:00:00,17615.0,275.67,69.0,8,9,11,2012,4,0,2012-11-09,1,0.9071144067134117
2012-11-09 19:00:00,15669.0,281.63,45.0,19,9,11,2012,4,0,2012-11-09,0,0.6920532385358317
2012-11-10 09:00:00,14531.0,276.0,55.0,9,10,11,2012,5,1,2012-11-10,1,0.7538278783817332
2012-11-10 21:00:00,13733.0,284.9,40.0,21,10,11,2012,5,1,2012-11-10,0,0.6551437943463945
2012-11-11 19:00:00,13876.0,285.68,58.0,19,11,11,2012,6,1,2012-11-11,1,0.761586613094077
2012-11-11 21:00:00,13643.0,284.96,54.0,21,11,11,2012,6,1,2012-11-11,0,0.6984386689538539
2012-11-12 19:00:00,16459.0,290.92,59.0,19,12,11,2012,0,0,2012-11-12,1,0.8280692016026165
2012-11-12 20:00:00,16354.0,290.94,72.0,20,12,11,2012,0,0,2012-11-12,0,0.7595831415715878
2012-11-13 20:00:00,17703.0,291.71,72.0,20,13,11,2012,1,0,2012-11-13,1,0.7423942597603326
2012-11-13 08:00:00,17367.0,280.95,100.0,8,13,11,2012,1,0,2012-11-13,0,0.7233417138495268
2012-11-14 19:00:00,17769.0,280.77,75.0,19,14,11,2012,2,0,2012-11-14,0,0.7603062681167724
2012-11-14 08:00:00,18652.0,288.47,93.0,8,14,11,2012,2,0,2012-11-14,1,0.7368997195312023
2012-11-15 08:00:00,18677.0,275.62,55.0,8,15,11,2012,3,0,2012-11-15,1,0.9196476198895377
2012-11-15 19:00:00,17161.0,282.47,45.0,19,15,11,2012,3,0,2012-11-15,0,0.7516769855939566
2012-11-16 08:00:00,18489.0,277.56,75.0,8,16,11,2012,4,0,2012-11-16,1,0.757691118231759
2012-11-16 19:00:00,16300.0,279.18,70.0,19,16,11,2012,4,0,2012-11-16,0,0.7121982404211294
2012-11-17 09:00:00,16267.0,277.93,72.0,9,17,11,2012,5,1,2012-11-17,1,0.7903420965561991
2012-11-17 20:00:00,15125.0,281.87,49.0,20,17,11,2012,5,1,2012-11-17,0,0.7282521776475385
2012-11-18 20:00:00,15235.0,285.25,43.0,20,18,11,2012,6,1,2012-11-18,1,0.7827005531869705
2012-11-18 19:00:00,15070.0,284.61,43.0,19,18,11,2012,6,1,2012-11-18,0,0.7120145707125832
2012-11-19 08:00:00,17318.0,274.3,60.0,8,19,11,2012,0,0,2012-11-19,1,0.8991430804681296
2012-11-19 19:00:00,16435.0,282.92,66.0,19,19,11,2012,0,0,2012-11-19,0,0.756071818398037
2012-11-20 08:00:00,16658.0,275.75,80.0,8,20,11,2012,1,0,2012-11-20,1,0.8627911310391267
2012-11-20 20:00:00,16206.0,282.36,70.0,20,20,11,2012,1,0,2012-11-20,0,0.7474859036460615
2012-11-21 08:00:00,16793.0,274.09,75.0,8,21,11,2012,2,0,2012-11-21,0,0.8647697641202652
2012-11-21 19:00:00,15350.0,283.31,57.0,19,21,11,2012,2,0,2012-11-21,0,0.7158837909093356
2012-11-22 09:00:00,14692.0,275.71,65.0,9,22,11,2012,3,0,2012-11-22,0,0.4951176716694913
2012-11-22 10:00:00,14745.0,275.2,70.0,10,22,11,2012,3,0,2012-11-22,1,0.4433850322294574
2012-11-23 19:00:00,15077.0,286.1,58.0,19,23,11,2012,4,0,2012-11-23,1,0.7690095199637832
2012-11-23 20:00:00,15029.0,286.69,58.0,20,23,11,2012,4,0,2012-11-23,0,0.7609233597947983
2012-11-24 19:00:00,16555.0,288.14,62.0,19,24,11,2012,5,1,2012-11-24,1,0.8231931797358485
2012-11-24 20:00:00,16499.0,286.62,62.0,20,24,11,2012,5,1,2012-11-24,0,0.7689984527649749
2012-11-25 20:00:00,16173.0,278.82,39.0,20,25,11,2012,6,1,2012-11-25,1,0.7576265808444288
2012-11-25 09:00:00,16030.0,278.83,49.0,9,25,11,2012,6,1,2012-11-25,0,0.6604478723655136
2012-11-26 08:00:00,17912.0,274.8,51.0,8,26,11,2012,0,0,2012-11-26,1,0.8885507045574036
2012-11-26 19:00:00,17241.0,278.16,44.0,19,26,11,2012,0,0,2012-11-26,0,0.6962852909388347
2012-11-27 08:00:00,17132.0,275.03,48.0,8,27,11,2012,1,0,2012-11-27,0,0.8906001861364117
2012-11-27 19:00:00,18319.0,283.27,34.0,19,27,11,2012,1,0,2012-11-27,1,0.7144146130186146
2012-11-28 08:00:00,18403.0,275.23,48.0,8,28,11,2012,2,0,2012-11-28,0,0.8061402268489684
2012-11-28 20:00:00,18640.0,274.85,93.0,20,28,11,2012,2,0,2012-11-28,1,0.6155601679444751
2012-11-29 08:00:00,19504.0,275.24,74.0,8,29,11,2012,3,0,2012-11-29,1,0.8856542659913658
2012-11-29 19:00:00,17981.0,278.21,52.0,19,29,11,2012,3,0,2012-11-29,0,0.7235131011542173
2012-11-30 08:00:00,18493.0,273.97,81.0,8,30,11,2012,4,0,2012-11-30,1,0.7727567880491252
2012-11-30 19:00:00,16747.0,279.93,45.0,19,30,11,2012,4,0,2012-11-30,0,0.695792203197702
2012-12-01 09:00:00,15698.0,272.26,69.0,9,1,12,2012,5,1,2012-12-01,1,0.7909304509660211
2012-12-01 19:00:00,15088.0,280.57,56.0,19,1,12,2012,5,1,2012-12-01,0,0.6314030096006877
2012-12-02 19:00:00,14996.0,277.44,86.0,19,2,12,2012,6,1,2012-12-02,1,0.7356494447748537
2012-12-02 20:00:00,14899.0,277.5,93.0,20,2,12,2012,6,1,2012-12-02,0,0.5020173908616581
2012-12-03 19:00:00,16013.0,282.93,76.0,19,3,12,2012,0,0,2012-12-03,1,0.7495284414545325
2012-12-03 20:00:00,15965.0,282.84,81.0,20,3,12,2012,0,0,2012-12-03,0,0.7174003148285547
2012-12-04 19:00:00,16265.0,290.07,55.0,19,4,12,2012,1,0,2012-12-04,1,0.7869949362382077
2012-12-04 20:00:00,16237.0,289.83,58.0,20,4,12,2012,1,0,2012-12-04,0,0.7464421390638748
2012-12-05 20:00:00,17530.0,289.03,87.0,20,5,12,2012,2,0,2012-12-05,1,0.7910326591599423
2012-12-05 19:00:00,17302.0,289.33,77.0,19,5,12,2012,2,0,2012-12-05,0,0.7070159859237496
2012-12-06 08:00:00,18526.0,285.11,87.0,8,6,12,2012,3,0,2012-12-06,1,0.7967958534071908
2012-12-06 19:00:00,17715.0,285.58,43.0,19,6,12,2012,3,0,2012-12-06,0,0.697957281007304
2012-12-07 08:00:00,16678.0,273.39,51.0,8,7,12,2012,4,0,2012-12-07,1,0.6486882718628695
2012-12-07 09:00:00,16584.0,272.57,55.0,9,7,12,2012,4,0,2012-12-07,0,0.62257963452669
2012-12-08 19:00:00,15641.0,277.5,75.0,19,8,12,2012,5,1,2012-12-08,1,0.7611799987939298
2012-12-08 20:00:00,15538.0,277.83,81.0,20,8,12,2012,5,1,2012-12-08,0,0.6611482119389719
2012-12-09 19:00:00,16086.0,284.85,87.0,19,9,12,2012,6,1,2012-12-09,1,0.7644632348465292
2012-12-09 20:00:00,16068.0,284.85,87.0,20,9,12,2012,6,1,2012-12-09,0,0.7287973941490187
2012-12-10 19:00:00,17667.0,279.32,65.0,19,10,12,2012,0,0,2012-12-10,1,0.7772783080979336
2012-12-10 20:00:00,17662.0,279.07,70.0,20,10,12,2012,0,0,2012-12-10,0,0.7187205103662758
2012-12-11 20:00:00,18917.0,286.66,93.0,20,11,12,2012,1,0,2012-12-11,1,0.8314055003886933
2012-12-11 19:00:00,18813.0,286.29,87.0,19,11,12,2012,1,0,2012-12-11,0,0.7682561296350048
2012-12-12 19:00:00,18480.0,281.09,62.0,19,12,12,2012,2,0,2012-12-12,0,0.7616836205212139
2012-12-12 08:00:00,18927.0,280.83,76.0,8,12,12,2012,2,0,2012-12-12,1,0.7597536146900054
2012-12-13 08:00:00,19425.0,274.36,55.0,8,13,12,2012,3,0,2012-12-13,1,0.9145247051850985
2012-12-13 19:00:00,18081.0,279.73,41.0,19,13,12,2012,3,0,2012-12-13,0,0.6129699888022884
2012-12-14 08:00:00,19331.0,273.31,55.0,8,14,12,2012,4,0,2012-12-14,1,0.9082440540177881
2012-12-14 20:00:00,17070.0,281.36,42.0,20,14,12,2012,4,0,2012-12-14,0,0.6929647693966247
2012-12-15 09:00:00,16039.0,270.05,74.0,9,15,12,2012,5,1,2012-12-15,0,0.6142093186700448
2012-12-15 19:00:00,15804.0,283.31,34.0,19,15,12,2012,5,1,2012-12-15,0,0.5407176572004233
2012-12-16 19:00:00,15388.0,281.91,49.0,19,16,12,2012,6,1,2012-12-16,1,0.7301344031877578
2012-12-16 20:00:00,15324.0,281.61,49.0,20,16,12,2012,6,1,2012-12-16,0,0.6812359234430556
2012-12-17 19:00:00,17198.0,280.32,87.0,19,17,12,2012,0,0,2012-12-17,1,0.8084152184049951
2012-12-17 20:00:00,17089.0,279.87,93.0,20,17,12,2012,0,0,2012-12-17,0,0.7461376498792887
2012-12-18 19:00:00,18077.0,279.12,87.0,19,18,12,2012,1,0,2012-12-18,1,0.7576449528181648
2012-12-18 20:00:00,18051.0,278.88,87.0,20,18,12,2012,1,0,2012-12-18,0,0.6732789060601521
2012-12-19 19:00:00,17174.0,285.57,66.0,19,19,12,2012,2,0,2012-12-19,0,0.7698583095214676
2012-12-19 08:00:00,17437.0,280.38,93.0,8,19,12,2012,2,0,2012-12-19,1,0.730385227553144
2012-12-20 19:00:00,18124.0,283.03,45.0,19,20,12,2012,3,0,2012-12-20,1,0.7251461461588476
2012-12-20 08:00:00,17625.0,278.97,56.0,8,20,12,2012,3,0,2012-12-20,0,0.6674001813717234
2012-12-21 19:00:00,19584.0,278.91,56.0,19,21,12,2012,4,0,2012-12-21,1,0.7924160076426269
2012-12-21 20:00:00,19186.0,278.62,56.0,20,21,12,2012,4,0,2012-12-21,0,0.7136900611266924
2012-12-22 19:00:00,17478.0,279.0,56.0,19,22,12,2012,5,1,2012-12-22,0,0.8171402062869814
2012-12-22 20:00:00,17525.0,278.17,56.0,20,22,12,2012,5,1,2012-12-22,0,0.7612642135065787
2012-12-23 09:00:00,16924.0,275.55,69.0,9,23,12,2012,6,1,2012-12-23,1,0.8087349498220184
2012-12-23 20:00:00,16037.0,276.65,48.0,20,23,12,2012,6,1,2012-12-23,0,0.5490480436678571
2012-12-24 09:00:00,15093.0,275.68,51.0,9,24,12,2012,0,0,2012-12-24,0,0.48008561993524845
2012-12-24 19:00:00,14934.0,278.96,38.0,19,24,12,2012,0,0,2012-12-24,0,0.46418769382271463
2012-12-25 20:00:00,14573.0,277.13,48.0,20,25,12,2012,1,0,2012-12-25,1,0.6901798521335735
2012-12-25 21:00:00,14573.0,276.4,48.0,21,25,12,2012,1,0,2012-12-25,1,0.5952834718183301
2012-12-26 19:00:00,18143.0,277.8,60.0,19,26,12,2012,2,0,2012-12-26,1,0.7875401414011839
2012-12-26 20:00:00,17976.0,277.05,64.0,20,26,12,2012,2,0,2012-12-26,0,0.6618377265076221
2012-12-27 19:00:00,18538.0,274.1,74.0,19,27,12,2012,3,0,2012-12-27,1,0.7861580712467522
2012-12-27 08:00:00,17242.0,271.28,69.0,8,27,12,2012,3,0,2012-12-27,0,0.655831657181985
2012-12-28 19:00:00,17438.0,276.35,69.0,19,28,12,2012,4,0,2012-12-28,0,0.6881230429261581
2012-12-28 20:00:00,17341.0,276.15,64.0,20,28,12,2012,4,0,2012-12-28,0,0.6145656995868869
2012-12-29 19:00:00,17534.0,276.55,51.0,19,29,12,2012,5,1,2012-12-29,1,0.7872871798136969
2012-12-29 09:00:00,15765.0,272.1,59.0,9,29,12,2012,5,1,2012-12-29,0,0.7236408730089815
2012-12-30 19:00:00,17821.0,273.84,93.0,19,30,12,2012,6,1,2012-12-30,1,0.7790657893219484
2012-12-30 09:00:00,16360.0,271.95,64.0,9,30,12,2012,6,1,2012-12-30,0,0.7720436267736238
2012-12-31 08:00:00,17390.0,271.9,81.0,8,31,12,2012,0,0,2012-12-31,0,0.5929845460647745
2012-12-31 19:00:00,17244.0,274.92,43.0,19,31,12,2012,0,0,2012-12-31,0,0.5731005338518504
2013-01-01 19:00:00,16936.0,276.61,47.0,19,1,1,2013,1,0,2013-01-01,1,0.6177431177842942
2013-01-01 20:00:00,16898.0,276.27,44.0,20,1,1,2013,1,0,2013-01-01,0,0.4860993386620842
2013-01-02 19:00:00,19621.0,276.33,59.0,19,2,1,2013,2,0,2013-01-02,1,0.7506589537823051
2013-01-02 20:00:00,19568.0,276.4,55.0,20,2,1,2013,2,0,2013-01-02,0,0.669846381828846
2013-01-03 08:00:00,19818.0,268.0,72.0,8,3,1,2013,3,0,2013-01-03,1,0.9045280643137978
2013-01-03 19:00:00,19387.0,273.76,46.0,19,3,1,2013,3,0,2013-01-03,0,0.5177343500123278
2013-01-04 08:00:00,19462.0,270.12,63.0,8,4,1,2013,4,0,2013-01-04,1,0.9005421845613348
2013-01-04 19:00:00,18930.0,274.29,46.0,19,4,1,2013,4,0,2013-01-04,0,0.5381961466786357
2013-01-05 20:00:00,16801.0,276.34,47.0,20,5,1,2013,5,1,2013-01-05,0,0.653940535891139
2013-01-05 19:00:00,16985.0,276.55,44.0,19,5,1,2013,5,1,2013-01-05,0,0.646456899452108
2013-01-06 19:00:00,17042.0,279.94,41.0,19,6,1,2013,6,1,2013-01-06,1,0.7572542211056498
2013-01-06 20:00:00,17007.0,280.0,38.0,20,6,1,2013,6,1,2013-01-06,0,0.7262446698005072
2013-01-07 08:00:00,18777.0,274.02,55.0,8,7,1,2013,0,0,2013-01-07,1,0.9188994784719623
2013-01-07 19:00:00,18524.0,281.36,48.0,19,7,1,2013,0,0,2013-01-07,0,0.6521999024632443
2013-01-08 08:00:00,19938.0,274.68,60.0,8,8,1,2013,1,0,2013-01-08,1,0.947018325177902
2013-01-08 20:00:00,18094.0,280.616,55.0,20,8,1,2013,1,0,2013-01-08,0,0.6470413958789362
2013-01-09 08:00:00,18056.0,270.39,55.0,8,9,1,2013,2,0,2013-01-09,1,0.793164204112783
2013-01-09 19:00:00,17147.0,282.48,45.0,19,9,1,2013,2,0,2013-01-09,0,0.5905863298103722
2013-01-10 08:00:00,18077.0,274.592,73.0,8,10,1,2013,3,0,2013-01-10,1,0.8199917767632229
2013-01-10 20:00:00,17455.0,279.6,46.0,20,10,1,2013,3,0,2013-01-10,0,0.5504250410964802
2013-01-11 08:00:00,16738.0,279.2,42.0,8,11,1,2013,4,0,2013-01-11,1,0.610529572791056
2013-01-11 20:00:00,15526.0,281.37,39.0,20,11,1,2013,4,0,2013-01-11,0,0.4767966455144484
2013-01-12 19:00:00,14237.0,278.76,80.0,19,12,1,2013,5,1,2013-01-12,1,0.6611232146623229
2013-01-12 20:00:00,14043.0,278.87,83.0,20,12,1,2013,5,1,2013-01-12,0,0.2989895066334174
2013-01-13 20:00:00,14686.0,281.125,93.0,20,13,1,2013,6,1,2013-01-13,0,0.5522088987585405
2013-01-13 19:00:00,14777.0,281.32,93.0,19,13,1,2013,6,1,2013-01-13,1,0.5447819706508615
2013-01-14 19:00:00,18296.0,281.58,93.0,19,14,1,2013,0,0,2013-01-14,1,0.7604303846327605
2013-01-14 20:00:00,18190.0,281.36,87.0,20,14,1,2013,0,0,2013-01-14,0,0.6439931124137608
2013-01-15 19:00:00,18772.0,285.93,58.0,19,15,1,2013,1,0,2013-01-15,1,0.7757086053722076
2013-01-15 20:00:00,18642.0,285.29,54.0,20,15,1,2013,1,0,2013-01-15,0,0.6959936718723436
2013-01-16 08:00:00,18105.0,275.35,74.0,8,16,1,2013,2,0,2013-01-16,0,0.8305148826761014
2013-01-16 19:00:00,18436.0,276.67,59.0,19,16,1,2013,2,0,2013-01-16,1,0.7546881416439362
2013-01-17 08:00:00,17997.0,276.02,88.0,8,17,1,2013,3,0,2013-01-17,0,0.6520703091041541
2013-01-17 19:00:00,18516.0,274.52,86.0,19,17,1,2013,3,0,2013-01-17,1,0.5421541290631484
2013-01-18 08:00:00,18882.0,276.08,64.0,8,18,1,2013,4,0,2013-01-18,1,0.8542770119185572
2013-01-18 19:00:00,18082.0,279.33,52.0,19,18,1,2013,4,0,2013-01-18,0,0.6299987507092064
2013-01-19 09:00:00,16838.0,271.46,54.0,9,19,1,2013,5,1,2013-01-19,1,0.8240920664851754
2013-01-19 10:00:00,16662.0,271.58,54.0,10,19,1,2013,5,1,2013-01-19,0,0.5226787804962845
2013-01-20 21:00:00,16902.0,281.15,42.0,21,20,1,2013,6,1,2013-01-20,1,0.7250459458192448
2013-01-20 19:00:00,16791.0,279.9,64.0,19,20,1,2013,6,1,2013-01-20,0,0.6518709795459876
2013-01-21 20:00:00,20447.0,284.28,23.0,20,21,1,2013,0,0,2013-01-21,1,0.6670927972201227
2013-01-21 08:00:00,18900.0,277.12,52.0,8,21,1,2013,0,0,2013-01-21,0,0.6271398319428207
2013-01-22 08:00:00,22097.0,271.31,60.0,8,22,1,2013,1,0,2013-01-22,1,0.9510844987190944
2013-01-22 20:00:00,21896.0,272.33,39.0,20,22,1,2013,1,0,2013-01-22,0,0.5243253084463788
2013-01-23 08:00:00,22253.0,268.73,64.0,8,23,1,2013,2,0,2013-01-23,1,0.9620249115080383
2013-01-23 20:00:00,21011.0,267.41,35.0,20,23,1,2013,2,0,2013-01-23,0,0.536299327164386
2013-01-24 21:00:00,21418.0,265.3,37.0,21,24,1,2013,3,0,2013-01-24,1,0.6144623476640921
2013-01-24 08:00:00,21279.0,261.73,40.0,8,24,1,2013,3,0,2013-01-24,0,0.5773194971005013
2013-01-25 08:00:00,21164.0,261.31,52.0,8,25,1,2013,4,0,2013-01-25,0,0.7860747391379409
2013-01-25 11:00:00,21402.0,262.18,56.0,11,25,1,2013,4,0,2013-01-25,1,0.5192680227736453
2013-01-26 10:00:00,18402.0,262.49,52.0,10,26,1,2013,5,1,2013-01-26,1,0.6407780649819419
2013-01-26 09:00:00,18118.0,262.61,49.0,9,26,1,2013,5,1,2013-01-26,0,0.567182060601381
2013-01-27 09:00:00,18329.0,263.246666667,67.0,9,27,1,2013,6,1,2013-01-27,1,0.7740694682563626
2013-01-27 20:00:00,17796.0,270.69,42.0,20,27,1,2013,6,1,2013-01-27,0,0.37817546556900483
2013-01-28 08:00:00,18358.0,265.51,57.0,8,28,1,2013,0,0,2013-01-28,0,0.6623770201077527
2013-01-28 19:00:00,17251.0,274.3725,64.0,19,28,1,2013,0,0,2013-01-28,0,0.49857791284536596
2013-01-29 08:00:00,16355.0,277.224333333,94.0,8,29,1,2013,1,0,2013-01-29,1,0.8244070807475307
2013-01-29 19:00:00,15770.0,280.097333333,95.0,19,29,1,2013,1,0,2013-01-29,0,0.5328378868102375
2013-01-30 19:00:00,16471.0,281.46,88.0,19,30,1,2013,2,0,2013-01-30,1,0.6239370340826563
2013-01-30 20:00:00,16462.0,277.18,86.0,20,30,1,2013,2,0,2013-01-30,0,0.5360101813368663
2013-01-31 20:00:00,19965.0,285.82,97.0,20,31,1,2013,3,0,2013-01-31,1,0.7975643440648064
2013-01-31 19:00:00,19862.0,285.82,97.0,19,31,1,2013,3,0,2013-01-31,0,0.7452373561781063
2013-02-01 20:00:00,20693.0,278.93,38.0,20,1,2,2013,4,0,2013-02-01,0,0.5905630296407721
2013-02-01 19:00:00,20785.0,279.19,38.0,19,1,2,2013,4,0,2013-02-01,0,0.5472064254611195
2013-02-02 09:00:00,19747.0,271.2,31.0,9,2,2,2013,5,1,2013-02-02,1,0.7374855862598365
2013-02-02 20:00:00,18892.0,272.32,42.0,20,2,2,2013,5,1,2013-02-02,0,0.5649275791455457
2013-02-03 09:00:00,17073.0,267.26,54.0,9,3,2,2013,6,1,2013-02-03,0,0.7142948368637038
2013-02-03 19:00:00,18672.0,271.44,33.0,19,3,2,2013,6,1,2013-02-03,1,0.6427873277093538
2013-02-04 08:00:00,20348.0,269.22,79.0,8,4,2,2013,0,0,2013-02-04,0,0.8733254505330004
2013-02-04 09:00:00,20404.0,269.12,79.0,9,4,2,2013,0,0,2013-02-04,1,0.7275748646880591
2013-02-05 08:00:00,18757.0,269.59,54.0,8,5,2,2013,1,0,2013-02-05,1,0.9264847632658683
2013-02-05 20:00:00,18455.0,272.2,39.0,20,5,2,2013,1,0,2013-02-05,0,0.491883376893378
2013-02-06 08:00:00,18545.0,270.45,74.0,8,6,2,2013,2,0,2013-02-06,1,0.8948821310843864
2013-02-06 20:00:00,18271.0,272.11,80.0,20,6,2,2013,2,0,2013-02-06,0,0.48794672495264557
2013-02-07 08:00:00,18818.0,271.73,92.0,8,7,2,2013,3,0,2013-02-07,1,0.9045010551508328
2013-02-07 19:00:00,17243.0,276.46,47.0,19,7,2,2013,3,0,2013-02-07,0,0.5404759911804925
2013-02-08 08:00:00,17636.0,269.64,33.0,8,8,2,2013,4,0,2013-02-08,0,0.6666589881080159
2013-02-08 19:00:00,18118.0,273.04,39.0,19,8,2,2013,4,0,2013-02-08,1,0.5517758184180057
2013-02-09 09:00:00,17364.0,273.97,69.0,9,9,2,2013,5,1,2013-02-09,1,0.6536357446645559
2013-02-09 20:00:00,16487.0,273.42,86.0,20,9,2,2013,5,1,2013-02-09,0,0.6128163487721883
2013-02-10 09:00:00,16286.0,271.59,86.0,9,10,2,2013,6,1,2013-02-10,1,0.7274196237112095
2013-02-10 10:00:00,16159.0,270.98,86.0,10,10,2,2013,6,1,2013-02-10,0,0.45053598015620777
2013-02-11 08:00:00,16456.0,267.64,73.0,8,11,2,2013,0,0,2013-02-11,0,0.6668954122770876
2013-02-11 20:00:00,17194.0,275.64,34.0,20,11,2,2013,0,0,2013-02-11,1,0.570615590438354
2013-02-12 08:00:00,18105.0,272.68,69.0,8,12,2,2013,1,0,2013-02-12,1,0.8853576543861142
2013-02-12 20:00:00,17241.0,277.98,93.0,20,12,2,2013,1,0,2013-02-12,0,0.6037502619210112
2013-02-13 08:00:00,17890.0,277.51,52.0,8,13,2,2013,2,0,2013-02-13,0,0.8031613920393593
2013-02-13 20:00:00,18402.0,277.0905,72.0,20,13,2,2013,2,0,2013-02-13,1,0.7411275116501151
2013-02-14 08:00:00,18794.0,271.64,51.0,8,14,2,2013,3,0,2013-02-14,1,0.958102396021263
2013-02-14 20:00:00,17301.0,279.42,48.0,20,14,2,2013,3,0,2013-02-14,0,0.5687969600126536
2013-02-15 08:00:00,18413.0,274.0,80.0,8,15,2,2013,4,0,2013-02-15,1,0.9048059208041994
2013-02-15 20:00:00,17599.0,281.17,39.0,20,15,2,2013,4,0,2013-02-15,0,0.5762073744566804
2013-02-16 20:00:00,18224.0,285.56,50.0,20,16,2,2013,5,1,2013-02-16,1,0.8192690221020175
2013-02-16 19:00:00,17942.0,285.78,43.0,19,16,2,2013,5,1,2013-02-16,0,0.7123613587187821
2013-02-17 20:00:00,18663.0,276.54,51.0,20,17,2,2013,6,1,2013-02-17,0,0.7336632048321995
2013-02-17 21:00:00,18714.0,275.62,47.0,21,17,2,2013,6,1,2013-02-17,1,0.6921727405765187
2013-02-18 08:00:00,20505.0,271.25,46.0,8,18,2,2013,0,0,2013-02-18,1,0.9281645589941305
2013-02-18 09:00:00,20329.0,270.93,42.0,9,18,2,2013,0,0,2013-02-18,0,0.3781062163898393
2013-02-19 20:00:00,19283.0,275.52,24.0,20,19,2,2013,1,0,2013-02-19,1,0.6662614426187362
2013-02-19 08:00:00,17982.0,265.28,48.0,8,19,2,2013,1,0,2013-02-19,0,0.6539339412827577
2013-02-20 08:00:00,20022.0,271.24,37.0,8,20,2,2013,2,0,2013-02-20,1,0.8333044805395318
2013-02-20 20:00:00,19736.0,278.94,81.0,20,20,2,2013,2,0,2013-02-20,0,0.6156944490370393
2013-02-21 08:00:00,20419.0,273.92,51.0,8,21,2,2013,3,0,2013-02-21,1,0.9463387143488609
2013-02-21 20:00:00,18872.0,272.62,39.0,20,21,2,2013,3,0,2013-02-21,0,0.5155243267167303
2013-02-22 08:00:00,18376.0,269.11,45.0,8,22,2,2013,4,0,2013-02-22,0,0.732783179282496
2013-02-22 20:00:00,16947.0,274.79,43.0,20,22,2,2013,4,0,2013-02-22,0,0.466789281931609
2013-02-23 10:00:00,15922.0,268.81,68.0,10,23,2,2013,5,1,2013-02-23,1,0.6220317038809313
2013-02-23 09:00:00,15633.0,269.0,68.0,9,23,2,2013,5,1,2013-02-23,0,0.5779766277198525
2013-02-24 21:00:00,16496.0,277.62,93.0,21,24,2,2013,6,1,2013-02-24,1,0.7122053819285569
2013-02-24 20:00:00,16339.0,277.9,93.0,20,24,2,2013,6,1,2013-02-24,0,0.6679598334671585
2013-02-25 08:00:00,19163.0,275.93,93.0,8,25,2,2013,0,0,2013-02-25,1,0.8378396196099581
2013-02-25 20:00:00,17751.0,279.79,45.0,20,25,2,2013,0,0,2013-02-25,0,0.5538051324904334
2013-02-26 08:00:00,18172.0,273.02,59.0,8,26,2,2013,1,0,2013-02-26,0,0.8070747790074975
2013-02-26 19:00:00,18246.0,279.8,48.0,19,26,2,2013,1,0,2013-02-26,0,0.6351730422798673
2013-02-27 08:00:00,17603.0,272.93,74.0,8,27,2,2013,2,0,2013-02-27,0,0.8425843632197817
2013-02-27 20:00:00,18350.0,279.13,52.0,20,27,2,2013,2,0,2013-02-27,1,0.72238613286627
2013-02-28 20:00:00,18750.0,280.93,87.0,20,28,2,2013,3,0,2013-02-28,1,0.781915845276159
2013-02-28 08:00:00,18445.0,276.45,93.0,8,28,2,2013,3,0,2013-02-28,0,0.7038746447216679
2013-03-01 08:00:00,18278.0,277.9,75.0,8,1,3,2013,4,0,2013-03-01,0,0.7420419164748965
2013-03-01 20:00:00,17780.0,280.95,49.0,20,1,3,2013,4,0,2013-03-01,0,0.6333833174973897
2013-03-02 20:00:00,17748.0,279.18,52.0,20,2,3,2013,5,1,2013-03-02,1,0.7991892092705237
2013-03-02 21:00:00,17612.0,279.05,52.0,21,2,3,2013,5,1,2013-03-02,0,0.7602829792983757
2013-03-03 20:00:00,18029.0,276.47,59.0,20,3,3,2013,6,1,2013-03-03,1,0.7649104681020306
2013-03-03 09:00:00,16950.0,274.35,57.0,9,3,3,2013,6,1,2013-03-03,0,0.7268522644360504
2013-03-04 08:00:00,19942.0,271.9,63.0,8,4,3,2013,0,0,2013-03-04,1,0.903844927484156
2013-03-04 20:00:00,17923.0,277.01,41.0,20,4,3,2013,0,0,2013-03-04,0,0.5724104068256772
2013-03-05 08:00:00,18069.0,270.53,58.0,8,5,3,2013,1,0,2013-03-05,0,0.8414339050000543
2013-03-05 20:00:00,18311.0,277.98,44.0,20,5,3,2013,1,0,2013-03-05,1,0.6867674139954952
2013-03-06 08:00:00,18356.0,272.94,59.0,8,6,3,2013,2,0,2013-03-06,0,0.8042942285410177
2013-03-06 19:00:00,18503.0,279.6255,62.0,19,6,3,2013,2,0,2013-03-06,0,0.6455891453880936
2013-03-07 08:00:00,18483.0,276.47,69.0,8,7,3,2013,3,0,2013-03-07,0,0.8210399039958548
2013-03-07 09:00:00,18540.0,276.31,69.0,9,7,3,2013,3,0,2013-03-07,1,0.6716483718056476
2013-03-08 08:00:00,18575.0,275.47,69.0,8,8,3,2013,4,0,2013-03-08,1,0.9278457252578057
2013-03-08 20:00:00,16659.0,275.89,69.0,20,8,3,2013,4,0,2013-03-08,0,0.542176098550989
2013-03-09 08:00:00,16492.0,273.22,80.0,8,9,3,2013,5,1,2013-03-09,1,0.7561855889272244
2013-03-09 09:00:00,16426.0,273.21,80.0,9,9,3,2013,5,1,2013-03-09,0,0.7018219264843906
2013-03-10 21:00:00,14059.0,284.933333333,25.0,21,10,3,2013,6,1,2013-03-10,1,0.6770722003826293
2013-03-10 20:00:00,13398.0,285.58,25.0,20,10,3,2013,6,1,2013-03-10,0,0.44135936320325014
2013-03-11 08:00:00,15581.0,273.603333333,90.0,8,11,3,2013,0,0,2013-03-11,0,0.8093104470542666
2013-03-11 21:00:00,16174.0,280.31,65.0,21,11,3,2013,0,0,2013-03-11,1,0.6219205074475455
2013-03-12 08:00:00,16843.0,277.05,80.0,8,12,3,2013,1,0,2013-03-12,0,0.8802399421510585
2013-03-12 21:00:00,17440.0,283.96,74.0,21,12,3,2013,1,0,2013-03-12,1,0.728835977870213
2013-03-13 21:00:00,18869.0,284.9,87.0,21,13,3,2013,2,0,2013-03-13,1,0.745378374775842
2013-03-13 20:00:00,18387.0,284.53,96.0,20,13,3,2013,2,0,2013-03-13,0,0.7026175803465565
2013-03-14 08:00:00,19702.0,277.24,80.0,8,14,3,2013,3,0,2013-03-14,1,0.8310535524800219
2013-03-14 09:00:00,19294.0,276.79,80.0,9,14,3,2013,3,0,2013-03-14,0,0.558978755971588
2013-03-15 08:00:00,18787.0,274.22,43.0,8,15,3,2013,4,0,2013-03-15,1,0.9523097753770212
2013-03-15 09:00:00,18524.0,273.37,43.0,9,15,3,2013,4,0,2013-03-15,0,0.42173072532968287
2013-03-16 21:00:00,14574.0,279.78,41.0,21,16,3,2013,5,1,2013-03-16,0,0.5755179562290905
2013-03-16 09:00:00,14620.0,272.09,46.0,9,16,3,2013,5,1,2013-03-16,0,0.44957233073633823
2013-03-17 21:00:00,16556.0,273.77,86.0,21,17,3,2013,6,1,2013-03-17,1,0.670101116815076
2013-03-17 20:00:00,16139.0,275.749666667,72.0,20,17,3,2013,6,1,2013-03-17,0,0.534582032588482
2013-03-18 08:00:00,18163.0,272.39,69.0,8,18,3,2013,0,0,2013-03-18,0,0.8518594105889082
2013-03-18 09:00:00,18249.0,272.02,69.0,9,18,3,2013,0,0,2013-03-18,1,0.5153445558484187
2013-03-19 08:00:00,18211.0,270.87,63.0,8,19,3,2013,1,0,2013-03-19,1,0.8603365067520612
2013-03-19 20:00:00,16793.0,274.07,47.0,20,19,3,2013,1,0,2013-03-19,0,0.4793795260315995
2013-03-20 08:00:00,18792.0,274.41,86.0,8,20,3,2013,2,0,2013-03-20,1,0.8728903754480757
2013-03-20 20:00:00,17244.0,277.7,80.0,20,20,3,2013,2,0,2013-03-20,0,0.5717983289570161
2013-03-21 08:00:00,19548.0,273.56,55.0,8,21,3,2013,3,0,2013-03-21,1,0.9526257025273419
2013-03-21 20:00:00,18607.0,280.1,24.0,20,21,3,2013,3,0,2013-03-21,0,0.5001136692481379
2013-03-22 08:00:00,20356.0,273.35,74.0,8,22,3,2013,4,0,2013-03-22,1,0.9211441232173619
2013-03-22 09:00:00,20029.0,273.1,64.0,9,22,3,2013,4,0,2013-03-22,0,0.4440189660078663
2013-03-23 09:00:00,16485.0,271.35,54.0,9,23,3,2013,5,1,2013-03-23,0,0.808168054416249
2013-03-23 10:00:00,16583.0,271.21,58.0,10,23,3,2013,5,1,2013-03-23,1,0.6376418981469208
2013-03-24 21:00:00,17140.0,280.38,26.0,21,24,3,2013,6,1,2013-03-24,1,0.7580757230212919
2013-03-24 20:00:00,16729.0,280.35,27.0,20,24,3,2013,6,1,2013-03-24,0,0.7136274445684693
2013-03-25 08:00:00,18349.0,273.46,47.0,8,25,3,2013,0,0,2013-03-25,0,0.8806376547952128
2013-03-25 20:00:00,18313.0,281.08,55.0,20,25,3,2013,0,0,2013-03-25,0,0.6963870691153349
2013-03-26 08:00:00,18736.0,276.5,60.0,8,26,3,2013,1,0,2013-03-26,1,0.8346560953412081
2013-03-26 19:00:00,17030.0,276.46,74.0,19,26,3,2013,1,0,2013-03-26,0,0.573645998490545
2013-03-27 08:00:00,18397.0,275.36,64.0,8,27,3,2013,2,0,2013-03-27,1,0.9056964654962745
2013-03-27 20:00:00,17003.0,282.96,31.0,20,27,3,2013,2,0,2013-03-27,0,0.5487948588311181
2013-03-28 08:00:00,18538.0,275.51,51.0,8,28,3,2013,3,0,2013-03-28,1,0.915839593059343
2013-03-28 21:00:00,16257.0,284.28,34.0,21,28,3,2013,3,0,2013-03-28,0,0.5739712328754781
2013-03-29 08:00:00,17061.0,276.04,69.0,8,29,3,2013,4,0,2013-03-29,1,0.934432970721067
2013-03-29 09:00:00,16934.0,275.75,69.0,9,29,3,2013,4,0,2013-03-29,0,0.5156787011686601
2013-03-30 09:00:00,15159.0,277.28,80.0,9,30,3,2013,5,1,2013-03-30,1,0.6801900804129262
2013-03-30 21:00:00,13480.0,284.23,37.0,21,30,3,2013,5,1,2013-03-30,0,0.6049911775105479
2013-03-31 10:00:00,13674.0,275.63,92.0,10,31,3,2013,6,1,2013-03-31,1,0.6635700583417661
2013-03-31 21:00:00,13542.0,287.21,40.0,21,31,3,2013,6,1,2013-03-31,0,0.6574599664090548
2013-04-01 08:00:00,15591.0,276.24,86.0,8,1,4,2013,0,0,2013-04-01,0,0.6964091669372597
2013-04-01 20:00:00,15587.0,283.97,50.0,20,1,4,2013,0,0,2013-04-01,0,0.6307087750640186
2013-04-02 21:00:00,16694.0,284.91,75.0,21,2,4,2013,1,0,2013-04-02,0,0.685595740201189
2013-04-02 20:00:00,15696.0,287.43,41.0,20,2,4,2013,1,0,2013-04-02,0,0.636440992385519
2013-04-03 08:00:00,18374.0,273.48,40.0,8,3,4,2013,2,0,2013-04-03,1,0.9096518734958255
2013-04-03 20:00:00,15343.0,279.35,24.0,20,3,4,2013,2,0,2013-04-03,0,0.40770429437634453
2013-04-04 08:00:00,17917.0,273.93,37.0,8,4,4,2013,3,0,2013-04-04,1,0.9051726097638932
2013-04-04 21:00:00,16820.0,280.85,26.0,21,4,4,2013,3,0,2013-04-04,0,0.5284841770999704
2013-04-05 08:00:00,16907.0,273.42,40.0,8,5,4,2013,4,0,2013-04-05,1,0.9284125575102581
2013-04-05 21:00:00,14560.0,283.4,42.0,21,5,4,2013,4,0,2013-04-05,0,0.5995580241660375
2013-04-06 09:00:00,15124.0,277.94,56.0,9,6,4,2013,5,1,2013-04-06,1,0.7614954315682843
2013-04-06 21:00:00,13550.0,289.37,23.0,21,6,4,2013,5,1,2013-04-06,0,0.6783144790218643
2013-04-07 21:00:00,13316.0,284.15,14.0,21,7,4,2013,6,1,2013-04-07,1,0.7184161899205371
2013-04-07 22:00:00,13220.0,283.48,24.0,22,7,4,2013,6,1,2013-04-07,0,0.3277714145953017
2013-04-08 08:00:00,14844.0,276.5,60.0,8,8,4,2013,0,0,2013-04-08,0,0.779503199134795
2013-04-08 21:00:00,14945.0,286.12,62.0,21,8,4,2013,0,0,2013-04-08,1,0.7228147956384606
2013-04-09 21:00:00,15367.0,294.17,37.0,21,9,4,2013,1,0,2013-04-09,1,0.7621551967629986
2013-04-09 18:00:00,14774.0,294.83,34.0,18,9,4,2013,1,0,2013-04-09,0,0.6692163492701624
2013-04-10 21:00:00,15938.0,301.06,16.0,21,10,4,2013,2,0,2013-04-10,1,0.6086642385434371
2013-04-10 15:00:00,15521.0,297.16,33.0,15,10,4,2013,2,0,2013-04-10,0,0.5879348651155992
2013-04-11 21:00:00,15888.0,292.34,48.0,21,11,4,2013,3,0,2013-04-11,1,0.7653193045132711
2013-04-11 20:00:00,15437.0,294.35,49.0,20,11,4,2013,3,0,2013-04-11,0,0.6651267124230046
2013-04-12 21:00:00,14585.0,287.46,67.0,21,12,4,2013,4,0,2013-04-12,0,0.6591285657454432
2013-04-12 18:00:00,14537.0,288.8,81.0,18,12,4,2013,4,0,2013-04-12,0,0.6376973763348619
2013-04-13 11:00:00,13840.0,279.52,70.0,11,13,4,2013,5,1,2013-04-13,0,0.6470866136621228
2013-04-13 12:00:00,13871.0,278.85,70.0,12,13,4,2013,5,1,2013-04-13,1,0.6167189557119158
2013-04-14 21:00:00,13615.0,286.8,50.0,21,14,4,2013,6,1,2013-04-14,1,0.801810713602677
2013-04-14 22:00:00,13420.0,286.47,50.0,22,14,4,2013,6,1,2013-04-14,0,0.5405773850545407
2013-04-15 21:00:00,14632.0,287.03,30.0,21,15,4,2013,0,0,2013-04-15,1,0.6916473363783594
2013-04-15 10:00:00,14379.0,281.42,61.0,10,15,4,2013,0,0,2013-04-15,0,0.5283256373996459
2013-04-16 21:00:00,15223.0,285.76,32.0,21,16,4,2013,1,0,2013-04-16,1,0.7069038516737999
2013-04-16 20:00:00,14854.0,286.21,35.0,20,16,4,2013,1,0,2013-04-16,0,0.6370646977978195
2013-04-17 21:00:00,15014.0,290.06,76.0,21,17,4,2013,2,0,2013-04-17,1,0.7419743789415097
2013-04-17 20:00:00,14521.0,290.18,72.0,20,17,4,2013,2,0,2013-04-17,0,0.6235546001549622
2013-04-18 21:00:00,15521.0,293.94,29.0,21,18,4,2013,3,0,2013-04-18,1,0.7509738811437416
2013-04-18 20:00:00,15031.0,293.88,29.0,20,18,4,2013,3,0,2013-04-18,0,0.6899613506102207
2013-04-19 11:00:00,14535.0,282.42,76.0,11,19,4,2013,4,0,2013-04-19,1,0.6722035381384748
2013-04-19 10:00:00,14494.0,282.07,76.0,10,19,4,2013,4,0,2013-04-19,0,0.5696352946253693
2013-04-20 11:00:00,13912.0,287.14,93.0,11,20,4,2013,5,1,2013-04-20,1,0.7033530333341734
2013-04-20 10:00:00,13814.0,286.66,93.0,10,20,4,2013,5,1,2013-04-20,0,0.5555407925016577
2013-04-21 09:00:00,13803.0,283.42,76.0,9,21,4,2013,6,1,2013-04-21,1,0.6911078565898622
2013-04-21 21:00:00,13406.0,288.22,22.0,21,21,4,2013,6,1,2013-04-21,0,0.6250406489738369
2013-04-22 08:00:00,15708.0,276.64,44.0,8,22,4,2013,0,0,2013-04-22,1,0.9152428972269553
2013-04-22 09:00:00,15364.0,276.21,44.0,9,22,4,2013,0,0,2013-04-22,0,0.500403373137914
2013-04-23 08:00:00,14941.0,277.22,56.0,8,23,4,2013,1,0,2013-04-23,1,0.88653129406912
2013-04-23 21:00:00,14850.0,284.61,43.0,21,23,4,2013,1,0,2013-04-23,0,0.6313349473593736
2013-04-24 08:00:00,14641.0,278.09,60.0,8,24,4,2013,2,0,2013-04-24,0,0.7406280467432654
2013-04-24 21:00:00,15270.0,283.28,62.0,21,24,4,2013,2,0,2013-04-24,1,0.6657862412029724
2013-04-25 08:00:00,15742.0,278.22,70.0,8,25,4,2013,3,0,2013-04-25,1,0.9338620573673835
2013-04-25 09:00:00,15567.0,277.86,70.0,9,25,4,2013,3,0,2013-04-25,0,0.6287820876776088
2013-04-26 08:00:00,15994.0,285.38,54.0,8,26,4,2013,4,0,2013-04-26,1,0.7649264597270862
2013-04-26 09:00:00,15527.0,283.43,50.0,9,26,4,2013,4,0,2013-04-26,0,0.6235727191764181
2013-04-27 10:00:00,13207.0,280.32,50.0,10,27,4,2013,5,1,2013-04-27,1,0.6122070606186297
2013-04-27 21:00:00,12802.0,291.77,18.0,21,27,4,2013,5,1,2013-04-27,0,0.4784876018040158
2013-04-28 21:00:00,13553.0,293.01,20.0,21,28,4,2013,6,1,2013-04-28,1,0.8157764308258613
2013-04-28 20:00:00,13099.0,293.09,17.0,20,28,4,2013,6,1,2013-04-28,0,0.5020834435566834
2013-04-29 09:00:00,14621.0,280.67,57.0,9,29,4,2013,0,0,2013-04-29,0,0.6562964322678253
2013-04-29 21:00:00,14657.0,291.27,25.0,21,29,4,2013,0,0,2013-04-29,0,0.6560541169142463
2013-04-30 21:00:00,15037.0,286.16,62.0,21,30,4,2013,1,0,2013-04-30,0,0.7185561212237909
2013-04-30 20:00:00,14778.0,285.89,71.0,20,30,4,2013,1,0,2013-04-30,0,0.6529518373018091
2013-05-01 17:00:00,15487.0,290.1,55.0,17,1,5,2013,2,0,2013-05-01,0,0.6967573761191099
2013-05-01 22:00:00,15640.0,290.66,18.0,22,1,5,2013,2,0,2013-05-01,1,0.6174508194983551
2013-05-02 17:00:00,15053.0,291.1,48.0,17,2,5,2013,3,0,2013-05-02,0,0.7471959388864802
2013-05-02 18:00:00,15068.0,291.39,45.0,18,2,5,2013,3,0,2013-05-02,0,0.7361090616279846
2013-05-03 17:00:00,14730.0,292.66,37.0,17,3,5,2013,4,0,2013-05-03,0,0.7741895349438974
2013-05-03 18:00:00,14529.0,293.92,39.0,18,3,5,2013,4,0,2013-05-03,0,0.6617351722200737
2013-05-04 21:00:00,13144.0,289.22,47.0,21,4,5,2013,5,1,2013-05-04,0,0.8298635346643104
2013-05-04 22:00:00,13295.0,288.67,54.0,22,4,5,2013,5,1,2013-05-04,1,0.806951720402806
2013-05-05 21:00:00,13468.0,289.26,47.0,21,5,5,2013,6,1,2013-05-05,1,0.8088453681365516
2013-05-05 20:00:00,12950.0,290.57,44.0,20,5,5,2013,6,1,2013-05-05,0,0.5716977476200154
2013-05-06 18:00:00,14707.0,288.1,38.0,18,6,5,2013,0,0,2013-05-06,0,0.6222158699490552
2013-05-06 21:00:00,14798.0,288.13,54.0,21,6,5,2013,0,0,2013-05-06,0,0.6178575574960875
2013-05-07 17:00:00,14617.0,289.52,55.0,17,7,5,2013,1,0,2013-05-07,0,0.6495865907915507
2013-05-07 21:00:00,14821.0,291.78,55.0,21,7,5,2013,1,0,2013-05-07,0,0.6072249590401916
2013-05-08 18:00:00,14624.0,293.56,72.0,18,8,5,2013,2,0,2013-05-08,0,0.6412992285837557
2013-05-08 17:00:00,14594.0,293.07,72.0,17,8,5,2013,2,0,2013-05-08,0,0.6020181335505065
2013-05-09 17:00:00,15379.0,289.68,93.0,17,9,5,2013,3,0,2013-05-09,0,0.7011806356376828
2013-05-09 16:00:00,15452.0,290.67,93.0,16,9,5,2013,3,0,2013-05-09,0,0.6852058438830475
2013-05-10 14:00:00,15396.0,286.8,93.0,14,10,5,2013,4,0,2013-05-10,1,0.7125793223687346
2013-05-10 15:00:00,15193.0,287.04,93.0,15,10,5,2013,4,0,2013-05-10,0,0.712505551142067
2013-05-11 13:00:00,12995.0,291.31,68.0,13,11,5,2013,5,1,2013-05-11,1,0.5084452208441534
2013-05-11 11:00:00,12935.0,286.73,72.0,11,11,5,2013,5,1,2013-05-11,0,0.4285684527494951
2013-05-12 22:00:00,13242.0,291.24,82.0,22,12,5,2013,6,1,2013-05-12,1,0.7865451584317114
2013-05-12 21:00:00,12775.0,290.97,88.0,21,12,5,2013,6,1,2013-05-12,0,0.40476741914438064
2013-05-13 08:00:00,15039.0,288.68,67.0,8,13,5,2013,0,0,2013-05-13,1,0.6489679056991053
2013-05-13 13:00:00,14693.0,288.48,55.0,13,13,5,2013,0,0,2013-05-13,0,0.45473196400989635
2013-05-14 08:00:00,15400.0,280.84,39.0,8,14,5,2013,1,0,2013-05-14,1,0.8244960862509942
2013-05-14 09:00:00,15322.0,280.05,42.0,9,14,5,2013,1,0,2013-05-14,0,0.5127841842617791
2013-05-15 17:00:00,16778.0,287.39,28.0,17,15,5,2013,2,0,2013-05-15,0,0.5606558576564572
2013-05-15 18:00:00,16786.0,288.01,24.0,18,15,5,2013,2,0,2013-05-15,1,0.5417573055451989
2013-05-16 18:00:00,16069.0,289.74,48.0,18,16,5,2013,3,0,2013-05-16,0,0.7084183852544111
2013-05-16 17:00:00,16270.0,288.94,48.0,17,16,5,2013,3,0,2013-05-16,0,0.6949779958176859
2013-05-17 17:00:00,16320.0,297.4,38.0,17,17,5,2013,4,0,2013-05-17,0,0.7060682282034333
2013-05-17 18:00:00,16198.0,298.52,31.0,18,17,5,2013,4,0,2013-05-17,0,0.6790342588419637
2013-05-18 18:00:00,14663.0,293.06,51.0,18,18,5,2013,5,1,2013-05-18,1,0.772403230961585
2013-05-18 17:00:00,14519.0,291.62,51.0,17,18,5,2013,5,1,2013-05-18,0,0.5920622058324646
2013-05-19 22:00:00,15353.0,288.99,72.0,22,19,5,2013,6,1,2013-05-19,1,0.6639627870207074
2013-05-19 21:00:00,15321.0,289.12,72.0,21,19,5,2013,6,1,2013-05-19,0,0.6148242993011227
2013-05-20 18:00:00,18549.0,287.3,100.0,18,20,5,2013,0,0,2013-05-20,1,0.7077766576060324
2013-05-20 17:00:00,18483.0,287.11,100.0,17,20,5,2013,0,0,2013-05-20,0,0.6548002084568538
2013-05-21 18:00:00,19338.0,297.77,64.0,18,21,5,2013,1,0,2013-05-21,0,0.6901555950491945
2013-05-21 17:00:00,19424.0,296.97,69.0,17,21,5,2013,1,0,2013-05-21,1,0.6888593086065622
2013-05-22 14:00:00,18112.0,296.73,78.0,14,22,5,2013,2,0,2013-05-22,1,0.5937692719397935
2013-05-22 17:00:00,17941.0,301.77,78.0,17,22,5,2013,2,0,2013-05-22,0,0.5067792482081661
2013-05-23 15:00:00,16290.0,290.67,82.0,15,23,5,2013,3,0,2013-05-23,1,0.7145460987376411
2013-05-23 18:00:00,15672.0,296.39,68.0,18,23,5,2013,3,0,2013-05-23,0,0.705329089890379
2013-05-24 11:00:00,14510.0,293.62,88.0,11,24,5,2013,4,0,2013-05-24,1,0.5922122845761796
2013-05-24 14:00:00,14317.0,296.35,73.0,14,24,5,2013,4,0,2013-05-24,0,0.39203078173822953
2013-05-25 10:00:00,12573.0,290.23,93.0,10,25,5,2013,5,1,2013-05-25,1,0.5975695317097426
2013-05-25 11:00:00,12539.0,290.32,100.0,11,25,5,2013,5,1,2013-05-25,0,0.3585400851525678
2013-05-26 22:00:00,12392.0,284.65,76.0,22,26,5,2013,6,1,2013-05-26,1,0.6973942213489702
2013-05-26 21:00:00,12034.0,285.0,76.0,21,26,5,2013,6,1,2013-05-26,0,0.07126850389081467
2013-05-27 22:00:00,13333.0,292.19,71.0,22,27,5,2013,0,0,2013-05-27,1,0.507131434765232
2013-05-27 21:00:00,13152.0,292.35,71.0,21,27,5,2013,0,0,2013-05-27,0,0.21363056020453694
2013-05-28 17:00:00,17375.0,293.75,51.0,17,28,5,2013,1,0,2013-05-28,1,0.7830061205798914
2013-05-28 18:00:00,17275.0,295.59,28.0,18,28,5,2013,1,0,2013-05-28,0,0.7695735213320798
2013-05-29 17:00:00,19543.0,289.24,42.0,17,29,5,2013,2,0,2013-05-29,1,0.7637651208534685
2013-05-29 18:00:00,19373.0,288.57,42.0,18,29,5,2013,2,0,2013-05-29,0,0.6941335652715088
2013-05-30 17:00:00,20359.0,296.65,78.0,17,30,5,2013,3,0,2013-05-30,1,0.7670056467659839
2013-05-30 16:00:00,20282.0,294.55,78.0,16,30,5,2013,3,0,2013-05-30,0,0.7059276388182351
2013-05-31 16:00:00,19554.0,304.43,63.0,16,31,5,2013,4,0,2013-05-31,1,0.7702136360166445
2013-05-31 17:00:00,19484.0,305.14,63.0,17,31,5,2013,4,0,2013-05-31,0,0.766504669413207
2013-06-01 17:00:00,17355.0,305.81,64.0,17,1,6,2013,5,1,2013-06-01,1,0.8156298979913841
2013-06-01 18:00:00,17313.0,306.11,38.0,18,1,6,2013,5,1,2013-06-01,0,0.7425708850229213
2013-06-02 18:00:00,14600.0,304.49,59.0,18,2,6,2013,6,1,2013-06-02,1,0.4997101870001614
2013-06-02 17:00:00,14469.0,303.97,72.0,17,2,6,2013,6,1,2013-06-02,0,0.24319288809247452
2013-06-03 17:00:00,15939.0,302.97,74.0,17,3,6,2013,0,0,2013-06-03,0,0.4763818212459878
2013-06-03 18:00:00,15981.0,303.31,74.0,18,3,6,2013,0,0,2013-06-03,1,0.4325481786134264
2013-06-04 17:00:00,16225.0,296.77,73.0,17,4,6,2013,1,0,2013-06-04,1,0.7364596509268893
2013-06-04 18:00:00,16187.0,297.64,69.0,18,4,6,2013,1,0,2013-06-04,0,0.6150363143550878
2013-06-05 17:00:00,17102.0,294.47,39.0,17,5,6,2013,2,0,2013-06-05,1,0.7972701109525873
2013-06-05 18:00:00,17093.0,295.34,62.0,18,5,6,2013,2,0,2013-06-05,0,0.7491166767793658
2013-06-06 18:00:00,15995.0,295.47,31.0,18,6,6,2013,3,0,2013-06-06,0,0.7614872823369074
2013-06-06 17:00:00,16023.0,295.58,30.0,17,6,6,2013,3,0,2013-06-06,0,0.7316550019563249
2013-06-07 17:00:00,14834.0,293.81,54.0,17,7,6,2013,4,0,2013-06-07,0,0.6945951068474737
2013-06-07 18:00:00,14561.0,294.03,59.0,18,7,6,2013,4,0,2013-06-07,0,0.5883087285301837
2013-06-08 18:00:00,14759.0,289.67,94.0,18,8,6,2013,5,1,2013-06-08,1,0.495775352721559
2013-06-08 19:00:00,14601.0,289.69,94.0,19,8,6,2013,5,1,2013-06-08,0,0.42000622462507364
2013-06-09 17:00:00,15774.0,297.07,62.0,17,9,6,2013,6,1,2013-06-09,0,0.6899964473689958
2013-06-09 18:00:00,15875.0,297.66,64.0,18,9,6,2013,6,1,2013-06-09,1,0.6452294996511594
2013-06-10 18:00:00,16872.0,299.89,62.0,18,10,6,2013,0,0,2013-06-10,0,0.754218911573236
2013-06-10 17:00:00,17016.0,299.54,71.0,17,10,6,2013,0,0,2013-06-10,1,0.6911339765449006
2013-06-11 18:00:00,18473.0,291.47,96.0,18,11,6,2013,1,0,2013-06-11,1,0.7828008777565634
2013-06-11 17:00:00,18360.0,292.03,93.0,17,11,6,2013,1,0,2013-06-11,0,0.6666376682577144
2013-06-12 18:00:00,20896.0,300.03,54.0,18,12,6,2013,2,0,2013-06-12,1,0.8825357282236106
2013-06-12 17:00:00,20755.0,299.48,64.0,17,12,6,2013,2,0,2013-06-12,0,0.8444357300480927
2013-06-13 17:00:00,16369.0,297.11,47.0,17,13,6,2013,3,0,2013-06-13,0,0.7722910869659944
2013-06-13 18:00:00,16305.0,297.64,40.0,18,13,6,2013,3,0,2013-06-13,0,0.6688837708890537
2013-06-14 17:00:00,16531.0,291.0,89.0,17,14,6,2013,4,0,2013-06-14,1,0.7731588618766233
2013-06-14 18:00:00,16443.0,290.67,77.0,18,14,6,2013,4,0,2013-06-14,0,0.6678891587254284
2013-06-15 18:00:00,15374.0,294.49,57.0,18,15,6,2013,5,1,2013-06-15,0,0.739189697791073
2013-06-15 17:00:00,15376.0,293.05,66.0,17,15,6,2013,5,1,2013-06-15,1,0.6658520850049624
2013-06-16 18:00:00,15535.0,298.98,38.0,18,16,6,2013,6,1,2013-06-16,1,0.8131221030541362
2013-06-16 17:00:00,15367.0,300.27,38.0,17,16,6,2013,6,1,2013-06-16,0,0.655622866317254
2013-06-17 17:00:00,19743.0,300.48,52.0,17,17,6,2013,0,0,2013-06-17,1,0.8968169444621856
2013-06-17 18:00:00,19643.0,299.36,60.0,18,17,6,2013,0,0,2013-06-17,0,0.8313079341362595
2013-06-18 17:00:00,17550.0,302.24,62.0,17,18,6,2013,1,0,2013-06-18,1,0.8152003490963184
2013-06-18 18:00:00,17452.0,302.58,49.0,18,18,6,2013,1,0,2013-06-18,0,0.796650150441668
2013-06-19 17:00:00,17442.0,300.63,57.0,17,19,6,2013,2,0,2013-06-19,0,0.8315743576576422
2013-06-19 18:00:00,17450.0,299.06,59.0,18,19,6,2013,2,0,2013-06-19,1,0.8258049192450175
2013-06-20 18:00:00,18666.0,297.05,29.0,18,20,6,2013,3,0,2013-06-20,1,0.8047748158563185
2013-06-20 17:00:00,18651.0,296.41,38.0,17,20,6,2013,3,0,2013-06-20,0,0.8032908815233452
2013-06-21 18:00:00,19520.0,298.295,51.0,18,21,6,2013,4,0,2013-06-21,0,0.8514366333003245
2013-06-21 17:00:00,19681.0,297.2635,60.0,17,21,6,2013,4,0,2013-06-21,1,0.7934743614100968
2013-06-22 18:00:00,19017.0,300.25,50.0,18,22,6,2013,5,1,2013-06-22,1,0.8859604628056584
2013-06-22 17:00:00,18928.0,298.946,56.0,17,22,6,2013,5,1,2013-06-22,0,0.813056883864294
2013-06-23 18:00:00,19349.0,302.39925,54.0,18,23,6,2013,6,1,2013-06-23,1,0.8840518032395304
2013-06-23 17:00:00,19307.0,302.59,54.0,17,23,6,2013,6,1,2013-06-23,0,0.8597213545138471
2013-06-24 17:00:00,21047.0,303.47,58.0,17,24,6,2013,0,0,2013-06-24,1,0.9074226504348569
2013-06-24 15:00:00,20438.0,302.14,62.0,15,24,6,2013,0,0,2013-06-24,0,0.8305960416438445
2013-06-25 17:00:00,21428.0,306.71,55.0,17,25,6,2013,1,0,2013-06-25,1,0.8011510166335593
2013-06-25 18:00:00,21163.0,306.25,41.0,18,25,6,2013,1,0,2013-06-25,0,0.6430934283577023
2013-06-26 15:00:00,19743.0,305.67,62.0,15,26,6,2013,2,0,2013-06-26,0,0.7275879469518788
2013-06-26 17:00:00,19901.0,306.85,61.0,17,26,6,2013,2,0,2013-06-26,1,0.6748867685806127
2013-06-27 17:00:00,19116.0,301.1,64.0,17,27,6,2013,3,0,2013-06-27,0,0.8577008174089115
2013-06-27 18:00:00,19178.0,302.35,62.0,18,27,6,2013,3,0,2013-06-27,1,0.851447410968241
2013-06-28 18:00:00,18541.0,302.8,66.0,18,28,6,2013,4,0,2013-06-28,0,0.767839379983924
2013-06-28 16:00:00,18934.0,300.15,65.0,16,28,6,2013,4,0,2013-06-28,0,0.6971979244863449
2013-06-29 17:00:00,16389.0,302.82,71.0,17,29,6,2013,5,1,2013-06-29,1,0.7728638878533255
2013-06-29 18:00:00,16221.0,302.58,63.0,18,29,6,2013,5,1,2013-06-29,0,0.7521491624245626
2013-06-30 18:00:00,16145.0,300.91,52.0,18,30,6,2013,6,1,2013-06-30,1,0.7840135171043663
2013-06-30 17:00:00,16111.0,302.54,63.0,17,30,6,2013,6,1,2013-06-30,0,0.7133568753654231
2013-07-01 17:00:00,17444.0,301.15,69.0,17,1,7,2013,0,0,2013-07-01,0,0.7696307878947038
2013-07-01 16:00:00,17485.0,302.6,66.0,16,1,7,2013,0,0,2013-07-01,1,0.6960392143275014
2013-07-02 17:00:00,17576.0,297.67,88.0,17,2,7,2013,1,0,2013-07-02,0,0.5867946006221159
2013-07-02 15:00:00,17264.0,295.88,88.0,15,2,7,2013,1,0,2013-07-02,0,0.564387111893536
2013-07-03 18:00:00,17828.0,301.15,69.0,18,3,7,2013,2,0,2013-07-03,0,0.7398977681296677
2013-07-03 17:00:00,18177.0,299.65,74.0,17,3,7,2013,2,0,2013-07-03,0,0.6658146917748615
2013-07-04 17:00:00,16007.0,301.67,69.0,17,4,7,2013,3,0,2013-07-04,1,0.7739294263211591
2013-07-04 16:00:00,15968.0,301.15,69.0,16,4,7,2013,3,0,2013-07-04,0,0.5036705202606384
2013-07-05 17:00:00,17249.0,305.06,71.0,17,5,7,2013,4,0,2013-07-05,0,0.6767742698698943
2013-07-05 18:00:00,17254.0,303.51,68.0,18,5,7,2013,4,0,2013-07-05,1,0.6366292160301722
2013-07-06 17:00:00,17536.0,306.13,68.0,17,6,7,2013,5,1,2013-07-06,1,0.8270847491480506
2013-07-06 18:00:00,17424.0,305.6,49.0,18,6,7,2013,5,1,2013-07-06,0,0.74176279614639
2013-07-07 18:00:00,16629.0,306.93,60.0,18,7,7,2013,6,1,2013-07-07,1,0.7564835950356504
2013-07-07 17:00:00,16391.0,307.7,51.0,17,7,7,2013,6,1,2013-07-07,0,0.5448018904818824
2013-07-08 17:00:00,19556.0,305.68,54.0,17,8,7,2013,0,0,2013-07-08,1,0.8705066145969357
2013-07-08 15:00:00,19529.0,304.63,61.0,15,8,7,2013,0,0,2013-07-08,0,0.797608371852855
2013-07-09 15:00:00,21287.0,302.78,68.0,15,9,7,2013,1,0,2013-07-09,1,0.8634377172868167
2013-07-09 17:00:00,20787.0,304.47,49.0,17,9,7,2013,1,0,2013-07-09,0,0.8543210813823042
2013-07-10 15:00:00,20925.0,303.48,63.0,15,10,7,2013,2,0,2013-07-10,0,0.8180421646444529
2013-07-10 17:00:00,19201.0,304.07,56.0,17,10,7,2013,2,0,2013-07-10,0,0.7747206712033716
2013-07-11 17:00:00,18437.0,301.04,74.0,17,11,7,2013,3,0,2013-07-11,1,0.7792135148143571
2013-07-11 16:00:00,18405.0,302.33,69.0,16,11,7,2013,3,0,2013-07-11,0,0.7249259574174799
2013-07-12 17:00:00,17883.0,300.06,77.0,17,12,7,2013,4,0,2013-07-12,1,0.7228448242748681
2013-07-12 18:00:00,17800.0,301.15,75.0,18,12,7,2013,4,0,2013-07-12,0,0.582705024889732
2013-07-13 18:00:00,18079.0,297.34,76.0,18,13,7,2013,5,1,2013-07-13,1,0.7368989796637371
2013-07-13 17:00:00,17905.0,297.84,73.0,17,13,7,2013,5,1,2013-07-13,0,0.6026791796473455
2013-07-14 18:00:00,19854.0,301.94,82.0,18,14,7,2013,6,1,2013-07-14,1,0.4122826177664352
2013-07-14 15:00:00,18857.0,298.28,93.0,15,14,7,2013,6,1,2013-07-14,0,0.3543340284605661
2013-07-15 15:00:00,22294.0,301.9515,66.0,15,15,7,2013,0,0,2013-07-15,0,0.8382789498653378
2013-07-15 17:00:00,22351.0,303.755333333,61.0,17,15,7,2013,0,0,2013-07-15,1,0.8003549608291439
2013-07-16 15:00:00,22569.0,306.91,65.0,15,16,7,2013,1,0,2013-07-16,0,0.4795122821824529
2013-07-16 14:00:00,22251.0,306.59,70.0,14,16,7,2013,1,0,2013-07-16,0,0.3555205144379229
2013-07-17 15:00:00,22793.0,306.66,55.0,15,17,7,2013,2,0,2013-07-17,1,0.6952171644039378
2013-07-17 14:00:00,22708.0,305.9,58.0,14,17,7,2013,2,0,2013-07-17,0,0.451784348513685
2013-07-18 15:00:00,22858.0,306.58,43.0,15,18,7,2013,3,0,2013-07-18,1,0.5730897556352642
2013-07-18 14:00:00,22776.0,306.0675,60.0,14,18,7,2013,3,0,2013-07-18,0,0.4624642635365442
2013-07-19 17:00:00,21673.0,310.24,59.0,17,19,7,2013,4,0,2013-07-19,0,0.30715918692064526
2013-07-19 18:00:00,21225.0,308.91,58.0,18,19,7,2013,4,0,2013-07-19,0,0.28084599860038517
2013-07-20 17:00:00,18879.0,309.05,50.0,17,20,7,2013,5,1,2013-07-20,1,0.6529152722042726
2013-07-20 18:00:00,18690.0,309.02,48.0,18,20,7,2013,5,1,2013-07-20,0,0.5388364484842734
2013-07-21 18:00:00,18393.0,306.21,64.0,18,21,7,2013,6,1,2013-07-21,1,0.8241510957560686
2013-07-21 17:00:00,18339.0,306.53,54.0,17,21,7,2013,6,1,2013-07-21,0,0.6926265649773552
2013-07-22 15:00:00,19190.0,302.48,68.0,15,22,7,2013,0,0,2013-07-22,1,0.8134523998972288
2013-07-22 17:00:00,18836.0,304.25,57.0,17,22,7,2013,0,0,2013-07-22,0,0.7448226474007251
2013-07-23 17:00:00,20884.0,301.8,78.0,17,23,7,2013,1,0,2013-07-23,1,0.7456697947424286
2013-07-23 16:00:00,20768.0,303.46,74.0,16,23,7,2013,1,0,2013-07-23,0,0.5846669844402065
2013-07-24 17:00:00,17774.0,303.82,66.0,17,24,7,2013,2,0,2013-07-24,1,0.8243179427825384
2013-07-24 18:00:00,17739.0,303.965,66.0,18,24,7,2013,2,0,2013-07-24,0,0.6888610684633529
2013-07-25 17:00:00,17582.0,301.25,66.0,17,25,7,2013,3,0,2013-07-25,0,0.8251316001788677
2013-07-25 18:00:00,17701.0,301.44,62.0,18,25,7,2013,3,0,2013-07-25,1,0.7975420051305497
2013-07-26 17:00:00,18116.0,291.44,74.0,17,26,7,2013,4,0,2013-07-26,1,0.7543147174397957
2013-07-26 18:00:00,17955.0,291.3,75.0,18,26,7,2013,4,0,2013-07-26,0,0.6633906799607077
2013-07-27 18:00:00,15076.0,299.45,63.0,18,27,7,2013,5,1,2013-07-27,0,0.6189748045998117
2013-07-27 17:00:00,15080.0,299.66,62.0,17,27,7,2013,5,1,2013-07-27,1,0.5974633810949858
2013-07-28 18:00:00,14850.0,301.37,59.0,18,28,7,2013,6,1,2013-07-28,1,0.7460813369217558
2013-07-28 17:00:00,14712.0,302.1,64.0,17,28,7,2013,6,1,2013-07-28,0,0.5479687276427704
2013-07-29 17:00:00,16763.0,298.2,61.0,17,29,7,2013,0,0,2013-07-29,0,0.8011953964716391
2013-07-29 18:00:00,16779.0,297.39,68.0,18,29,7,2013,0,0,2013-07-29,1,0.7285304943758792
2013-07-30 17:00:00,17869.0,302.21,66.0,17,30,7,2013,1,0,2013-07-30,1,0.8632378721251766
2013-07-30 18:00:00,17734.0,302.25,55.0,18,30,7,2013,1,0,2013-07-30,0,0.7920196489426956
2013-07-31 17:00:00,16198.0,300.3,48.0,17,31,7,2013,2,0,2013-07-31,0,0.8229967226766852
2013-07-31 18:00:00,16223.0,300.13,49.0,18,31,7,2013,2,0,2013-07-31,0,0.7699035803937981
2013-08-01 18:00:00,18463.0,301.0,51.0,18,1,8,2013,3,0,2013-08-01,0,0.8828007899026555
2013-08-01 17:00:00,18718.0,302.08,52.0,17,1,8,2013,3,0,2013-08-01,1,0.8673733791989876
2013-08-02 17:00:00,17339.0,293.67,78.0,17,2,8,2013,4,0,2013-08-02,1,0.7066939235912701
2013-08-02 18:00:00,17205.0,292.74,95.0,18,2,8,2013,4,0,2013-08-02,0,0.6226131907148907
2013-08-03 18:00:00,16188.0,301.83,48.0,18,3,8,2013,5,1,2013-08-03,1,0.8666896423304301
2013-08-03 17:00:00,16181.0,303.34,52.0,17,3,8,2013,5,1,2013-08-03,0,0.6592543268629941
2013-08-04 18:00:00,15576.0,295.95,88.0,18,4,8,2013,6,1,2013-08-04,1,0.7020300071269007
2013-08-04 17:00:00,15340.0,295.63,92.0,17,4,8,2013,6,1,2013-08-04,0,0.5361791945103807
2013-08-05 17:00:00,17361.0,300.47,56.0,17,5,8,2013,0,0,2013-08-05,1,0.8417695224701766
2013-08-05 18:00:00,17097.0,298.55,55.0,18,5,8,2013,0,0,2013-08-05,0,0.7936073422005862
2013-08-06 17:00:00,18685.0,298.39,41.0,17,6,8,2013,1,0,2013-08-06,1,0.8774723183375472
2013-08-06 18:00:00,18574.0,297.42,39.0,18,6,8,2013,1,0,2013-08-06,0,0.7261854370684027
2013-08-07 17:00:00,19239.0,298.288,63.0,17,7,8,2013,2,0,2013-08-07,1,0.8915819451242374
2013-08-07 18:00:00,19101.0,299.83,51.0,18,7,8,2013,2,0,2013-08-07,0,0.8721711693778778
2013-08-08 18:00:00,18563.0,298.66,70.0,18,8,8,2013,3,0,2013-08-08,0,0.6937012519406527
2013-08-08 17:00:00,18862.0,298.94,74.0,17,8,8,2013,3,0,2013-08-08,0,0.6843101307939634
2013-08-09 17:00:00,19078.0,299.69,81.0,17,9,8,2013,4,0,2013-08-09,1,0.7095653826727584
2013-08-09 18:00:00,18892.0,300.09,77.0,18,9,8,2013,4,0,2013-08-09,0,0.5838688284260327
2013-08-10 17:00:00,17754.0,301.9,78.0,17,10,8,2013,5,1,2013-08-10,1,0.7304652052902327
2013-08-10 18:00:00,17642.0,302.16,78.0,18,10,8,2013,5,1,2013-08-10,0,0.537378528254697
2013-08-11 18:00:00,17581.0,300.8,59.0,18,11,8,2013,6,1,2013-08-11,1,0.8524689551780135
2013-08-11 17:00:00,17571.0,300.84,59.0,17,11,8,2013,6,1,2013-08-11,0,0.8236801576372744
2013-08-12 18:00:00,19921.0,299.64,52.0,18,12,8,2013,0,0,2013-08-12,0,0.8904018391127342
2013-08-12 17:00:00,20129.0,299.85,53.0,17,12,8,2013,0,0,2013-08-12,0,0.8728828412145408
2013-08-13 17:00:00,17724.0,298.36,65.0,17,13,8,2013,1,0,2013-08-13,0,0.7935063351171817
2013-08-13 18:00:00,17514.0,299.41,61.0,18,13,8,2013,1,0,2013-08-13,0,0.7867576307377846
2013-08-14 15:00:00,15415.0,294.04875,93.0,15,14,8,2013,2,0,2013-08-14,1,0.655523771247876
2013-08-14 17:00:00,15367.0,292.541333333,85.0,17,14,8,2013,2,0,2013-08-14,0,0.6032434957456482
2013-08-15 17:00:00,15747.0,293.75,55.0,17,15,8,2013,3,0,2013-08-15,1,0.706932611199083
2013-08-15 18:00:00,15744.0,294.45,53.0,18,15,8,2013,3,0,2013-08-15,0,0.6960327746346124
2013-08-16 17:00:00,16244.0,296.35,38.0,17,16,8,2013,4,0,2013-08-16,0,0.7882624600532562
2013-08-16 18:00:00,16113.0,296.85,42.0,18,16,8,2013,4,0,2013-08-16,0,0.7833277361193446
2013-08-17 17:00:00,14959.0,297.95,40.0,17,17,8,2013,5,1,2013-08-17,1,0.8270038835908609
2013-08-17 18:00:00,14948.0,297.45,47.0,18,17,8,2013,5,1,2013-08-17,0,0.711462738699073
2013-08-18 18:00:00,14804.0,300.01,45.0,18,18,8,2013,6,1,2013-08-18,0,0.6710482333903792
2013-08-18 17:00:00,14529.0,299.99,47.0,17,18,8,2013,6,1,2013-08-18,0,0.5356343656754458
2013-08-19 17:00:00,18494.0,298.07,59.0,17,19,8,2013,0,0,2013-08-19,1,0.8639094083482053
2013-08-19 18:00:00,18480.0,298.9,56.0,18,19,8,2013,0,0,2013-08-19,0,0.858142993503974
2013-08-20 18:00:00,19795.0,299.58,59.0,18,20,8,2013,1,0,2013-08-20,1,0.871663162458881
2013-08-20 17:00:00,19758.0,300.21,60.0,17,20,8,2013,1,0,2013-08-20,0,0.8635101812542801
2013-08-21 15:00:00,19256.0,301.35,64.0,15,21,8,2013,2,0,2013-08-21,0,0.825018000898539
2013-08-21 16:00:00,19268.0,303.1,57.0,16,21,8,2013,2,0,2013-08-21,1,0.8248739466905648
2013-08-22 17:00:00,19080.0,303.31,35.0,17,22,8,2013,3,0,2013-08-22,0,0.7662729928672377
2013-08-22 16:00:00,19214.0,304.72,45.0,16,22,8,2013,3,0,2013-08-22,1,0.7335584274977828
2013-08-23 17:00:00,19080.0,298.32,65.0,17,23,8,2013,4,0,2013-08-23,1,0.8733471110846709
2013-08-23 18:00:00,18912.0,297.11,73.0,18,23,8,2013,4,0,2013-08-23,0,0.6460787298935589
2013-08-24 18:00:00,17253.0,299.94,32.0,18,24,8,2013,5,1,2013-08-24,0,0.8542675242111157
2013-08-24 17:00:00,17297.0,299.74,34.0,17,24,8,2013,5,1,2013-08-24,1,0.8470333554604876
2013-08-25 18:00:00,17645.0,298.12,41.0,18,25,8,2013,6,1,2013-08-25,1,0.8849199562856082
2013-08-25 17:00:00,17450.0,297.33,46.0,17,25,8,2013,6,1,2013-08-25,0,0.7369778224759704
2013-08-26 17:00:00,20398.0,299.555,33.0,17,26,8,2013,0,0,2013-08-26,1,0.8691593708454063
2013-08-26 18:00:00,20372.0,300.38,28.0,18,26,8,2013,0,0,2013-08-26,0,0.7064904231200687
2013-08-27 18:00:00,20380.0,300.0155,54.0,18,27,8,2013,1,0,2013-08-27,1,0.8916119951556211
2013-08-27 17:00:00,20178.0,298.971333333,79.0,17,27,8,2013,1,0,2013-08-27,0,0.5765682328870413
2013-08-28 17:00:00,20638.0,300.687,64.0,17,28,8,2013,2,0,2013-08-28,0,0.8738214419349588
2013-08-28 15:00:00,20477.0,299.52,61.0,15,28,8,2013,2,0,2013-08-28,0,0.8087408692303812
2013-08-29 17:00:00,20928.0,299.31,54.0,17,29,8,2013,3,0,2013-08-29,1,0.905984907206897
2013-08-29 16:00:00,20676.0,300.4,58.0,16,29,8,2013,3,0,2013-08-29,0,0.8390732147442815
2013-08-30 17:00:00,21119.0,297.74,64.0,17,30,8,2013,4,0,2013-08-30,1,0.8924891936223602
2013-08-30 18:00:00,20938.0,298.71,57.0,18,30,8,2013,4,0,2013-08-30,0,0.8465680245981774
2013-08-31 17:00:00,17894.0,301.406,68.0,17,31,8,2013,5,1,2013-08-31,1,0.8708226782199585
2013-08-31 18:00:00,17650.0,301.125,67.0,18,31,8,2013,5,1,2013-08-31,0,0.7623424984914231
2013-09-01 18:00:00,17279.0,300.802,71.0,18,1,9,2013,6,1,2013-09-01,1,0.7890141803669043
2013-09-01 17:00:00,17233.0,301.482666667,70.0,17,1,9,2013,6,1,2013-09-01,0,0.7049855166977708
2013-09-02 17:00:00,17807.0,298.24,83.0,17,2,9,2013,0,0,2013-09-02,1,0.7294301936277827
2013-09-02 18:00:00,17751.0,298.2,88.0,18,2,9,2013,0,0,2013-09-02,0,0.5320181876807335
2013-09-03 17:00:00,17132.0,295.353,98.0,17,3,9,2013,1,0,2013-09-03,1,0.7195698413278729
2013-09-03 18:00:00,16913.0,295.09,96.0,18,3,9,2013,1,0,2013-09-03,0,0.5409717699581778
2013-09-04 18:00:00,17620.0,299.36,34.0,18,4,9,2013,2,0,2013-09-04,1,0.8622495934552487
2013-09-04 17:00:00,17453.0,298.1,36.0,17,4,9,2013,2,0,2013-09-04,0,0.8465979705082958
2013-09-05 17:00:00,17742.0,297.66,38.0,17,5,9,2013,3,0,2013-09-05,1,0.8501472013056199
2013-09-05 18:00:00,17674.0,297.905,55.0,18,5,9,2013,3,0,2013-09-05,0,0.7646698077488743
2013-09-06 17:00:00,16743.0,292.35,43.0,17,6,9,2013,4,0,2013-09-06,1,0.8332498595848699
2013-09-06 18:00:00,16723.0,292.8,41.0,18,6,9,2013,4,0,2013-09-06,0,0.7880418305680378
2013-09-07 18:00:00,16370.0,294.9395,65.0,18,7,9,2013,5,1,2013-09-07,1,0.806154116555448
2013-09-07 17:00:00,16360.0,294.773,69.0,17,7,9,2013,5,1,2013-09-07,0,0.7128095101867382
2013-09-08 18:00:00,17019.0,299.003,70.0,18,8,9,2013,6,1,2013-09-08,1,0.7972360693613119
2013-09-08 17:00:00,16881.0,296.5165,72.0,17,8,9,2013,6,1,2013-09-08,0,0.6785410534737554
2013-09-09 18:00:00,20693.0,294.7,63.0,18,9,9,2013,0,0,2013-09-09,1,0.7808861632275412
2013-09-09 17:00:00,20545.0,294.37,63.0,17,9,9,2013,0,0,2013-09-09,0,0.763830688540112
2013-09-10 16:00:00,22781.0,298.24,73.0,16,10,9,2013,1,0,2013-09-10,1,0.7668794992562802
2013-09-10 17:00:00,22722.0,300.44,67.0,17,10,9,2013,1,0,2013-09-10,0,0.5963420237831083
2013-09-11 17:00:00,20403.0,306.95,64.0,17,11,9,2013,2,0,2013-09-11,1,0.7306044807016628
2013-09-11 15:00:00,20042.0,304.29,69.0,15,11,9,2013,2,0,2013-09-11,0,0.6800955702712033
2013-09-12 17:00:00,18450.0,301.775666667,63.0,17,12,9,2013,3,0,2013-09-12,1,0.8740103116541459
2013-09-12 18:00:00,18275.0,301.149,63.0,18,12,9,2013,3,0,2013-09-12,0,0.808617916115957
2013-09-13 17:00:00,14800.0,293.95,73.0,17,13,9,2013,4,0,2013-09-13,0,0.5600527737734528
2013-09-13 14:00:00,15286.0,293.25,80.0,14,13,9,2013,4,0,2013-09-13,1,0.5555510288887544
2013-09-14 21:00:00,13043.0,289.4,61.0,21,14,9,2013,5,1,2013-09-14,1,0.8404023246627691
2013-09-14 20:00:00,12755.0,290.45,59.0,20,14,9,2013,5,1,2013-09-14,0,0.43328639221180554
2013-09-15 20:00:00,13531.0,294.85,41.0,20,15,9,2013,6,1,2013-09-15,0,0.6872440610793855
2013-09-15 21:00:00,13966.0,295.15,40.0,21,15,9,2013,6,1,2013-09-15,1,0.6209648434785731
2013-09-16 21:00:00,15287.0,292.75,56.0,21,16,9,2013,0,0,2013-09-16,1,0.7829157168897295
2013-09-16 20:00:00,14845.0,293.15,55.0,20,16,9,2013,0,0,2013-09-16,0,0.7090218456804982
2013-09-17 21:00:00,15225.0,290.85,43.0,21,17,9,2013,1,0,2013-09-17,1,0.7992286813479472
2013-09-17 20:00:00,14940.0,290.85,43.0,20,17,9,2013,1,0,2013-09-17,0,0.7791247233911346
2013-09-18 17:00:00,15314.0,292.35,43.0,17,18,9,2013,2,0,2013-09-18,0,0.8167103893055787
2013-09-18 18:00:00,15278.0,293.25,40.0,18,18,9,2013,2,0,2013-09-18,0,0.7874437930275617
2013-09-19 17:00:00,15791.0,294.75,45.0,17,19,9,2013,3,0,2013-09-19,0,0.8198413793779945
2013-09-19 18:00:00,15703.0,295.9,45.0,18,19,9,2013,3,0,2013-09-19,0,0.7949547954875013
2013-09-20 17:00:00,17586.0,297.95,53.0,17,20,9,2013,4,0,2013-09-20,0,0.8003844980843808
2013-09-20 18:00:00,17394.0,298.35,52.0,18,20,9,2013,4,0,2013-09-20,0,0.792064660895345
2013-09-21 21:00:00,13418.0,297.25,68.0,21,21,9,2013,5,1,2013-09-21,0,0.43885842520711627
2013-09-21 20:00:00,13198.0,295.750333333,71.0,20,21,9,2013,5,1,2013-09-21,0,0.43727043729411263
2013-09-22 21:00:00,13531.0,290.15,57.0,21,22,9,2013,6,1,2013-09-22,1,0.865487662320497
2013-09-22 20:00:00,13100.0,290.85,56.0,20,22,9,2013,6,1,2013-09-22,0,0.7860451723072625
2013-09-23 20:00:00,14640.0,291.1,39.0,20,23,9,2013,0,0,2013-09-23,0,0.7063542985713179
2013-09-23 21:00:00,14861.0,290.86,80.0,21,23,9,2013,0,0,2013-09-23,1,0.6926466903303676
2013-09-24 21:00:00,15092.0,295.39,64.0,21,24,9,2013,1,0,2013-09-24,1,0.7875071610915774
2013-09-24 20:00:00,14873.0,294.97,64.0,20,24,9,2013,1,0,2013-09-24,0,0.7203610888288727
2013-09-25 21:00:00,15109.0,294.05,71.0,21,25,9,2013,2,0,2013-09-25,1,0.7661568172554679
2013-09-25 20:00:00,14834.0,294.74,71.0,20,25,9,2013,2,0,2013-09-25,0,0.6766366697265487
2013-09-26 17:00:00,15526.0,292.37,64.0,17,26,9,2013,3,0,2013-09-26,1,0.8098486058261156
2013-09-26 18:00:00,15419.0,292.94,64.0,18,26,9,2013,3,0,2013-09-26,0,0.7558968014443411
2013-09-27 17:00:00,15245.0,292.26,60.0,17,27,9,2013,4,0,2013-09-27,1,0.7854897834729145
2013-09-27 18:00:00,15037.0,292.01,60.0,18,27,9,2013,4,0,2013-09-27,0,0.6839727212586123
2013-09-28 18:00:00,13775.0,294.85,49.0,18,28,9,2013,5,1,2013-09-28,1,0.6935918331363702
2013-09-28 20:00:00,13625.0,295.15,47.0,20,28,9,2013,5,1,2013-09-28,0,0.6165456857634208
2013-09-29 21:00:00,13708.0,292.6,62.0,21,29,9,2013,6,1,2013-09-29,1,0.8417994979630175
2013-09-29 20:00:00,13553.0,293.35,60.0,20,29,9,2013,6,1,2013-09-29,0,0.7284508929003165
2013-09-30 21:00:00,15278.0,293.71,57.0,21,30,9,2013,0,0,2013-09-30,1,0.7793816576604765
2013-09-30 20:00:00,15239.0,294.68,70.0,20,30,9,2013,0,0,2013-09-30,0,0.7179351732549294
2013-10-01 17:00:00,15463.0,296.428,67.0,17,1,10,2013,1,0,2013-10-01,0,0.7526812676512443
2013-10-01 21:00:00,15489.0,298.18375,42.0,21,1,10,2013,1,0,2013-10-01,1,0.7280973363129513
2013-10-02 17:00:00,16777.0,299.059333333,47.0,17,2,10,2013,2,0,2013-10-02,1,0.831826056125388
2013-10-02 18:00:00,16685.0,300.16,39.0,18,2,10,2013,2,0,2013-10-02,0,0.6811947337187698
2013-10-03 17:00:00,16410.0,297.79,44.0,17,3,10,2013,3,0,2013-10-03,0,0.7806693491902021
2013-10-03 18:00:00,16257.0,298.085,38.0,18,3,10,2013,3,0,2013-10-03,0,0.7168062527186282
2013-10-04 17:00:00,17006.0,300.01,55.0,17,4,10,2013,4,0,2013-10-04,0,0.7143008387777579
2013-10-04 18:00:00,16619.0,300.87,50.0,18,4,10,2013,4,0,2013-10-04,0,0.6474798152160284
2013-10-05 18:00:00,15239.0,295.22,75.0,18,5,10,2013,5,1,2013-10-05,0,0.6942377238208305
2013-10-05 20:00:00,15298.0,296.85,71.0,20,5,10,2013,5,1,2013-10-05,0,0.672950023759993
2013-10-06 20:00:00,14937.0,293.43,94.0,20,6,10,2013,6,1,2013-10-06,1,0.5153066418003237
2013-10-06 18:00:00,14822.0,293.115,93.0,18,6,10,2013,6,1,2013-10-06,0,0.5046521092522912
2013-10-07 20:00:00,14526.0,294.33,79.0,20,7,10,2013,0,0,2013-10-07,1,0.7909079870067256
2013-10-07 21:00:00,14477.0,292.06,79.0,21,7,10,2013,0,0,2013-10-07,0,0.4502020192545249
2013-10-08 21:00:00,14556.0,290.85,52.0,21,8,10,2013,1,0,2013-10-08,1,0.748093192779913
2013-10-08 20:00:00,14499.0,291.177,72.0,20,8,10,2013,1,0,2013-10-08,0,0.6899898906536295
2013-10-09 20:00:00,14640.0,288.65,59.0,20,9,10,2013,2,0,2013-10-09,1,0.7860775523269633
2013-10-09 21:00:00,14544.0,288.45,61.0,21,9,10,2013,2,0,2013-10-09,0,0.5987644928289972
2013-10-10 20:00:00,14646.0,289.64,78.0,20,10,10,2013,3,0,2013-10-10,1,0.7944601066387952
2013-10-10 21:00:00,14550.0,290.0,77.0,21,10,10,2013,3,0,2013-10-10,0,0.6395071959385394
2013-10-11 14:00:00,14495.0,290.56,80.0,14,11,10,2013,4,0,2013-10-11,1,0.5782003847631987
2013-10-11 15:00:00,14351.0,290.51,72.0,15,11,10,2013,4,0,2013-10-11,0,0.21364276462113452
2013-10-12 20:00:00,13347.0,294.31,58.0,20,12,10,2013,5,1,2013-10-12,1,0.8179140908082243
2013-10-12 21:00:00,13111.0,293.505,65.0,21,12,10,2013,5,1,2013-10-12,0,0.7877870882918947
2013-10-13 20:00:00,13430.0,290.55,73.0,20,13,10,2013,6,1,2013-10-13,1,0.8466094372862876
2013-10-13 21:00:00,13373.0,289.73,73.0,21,13,10,2013,6,1,2013-10-13,0,0.7385790079780936
2013-10-14 20:00:00,14963.0,291.12,72.0,20,14,10,2013,0,0,2013-10-14,1,0.8006528281761941
2013-10-14 21:00:00,14683.0,290.96,70.0,21,14,10,2013,0,0,2013-10-14,0,0.6921906099365108
2013-10-15 20:00:00,15113.0,293.68,68.0,20,15,10,2013,1,0,2013-10-15,1,0.8230445456095206
2013-10-15 21:00:00,14970.0,292.81,55.0,21,15,10,2013,1,0,2013-10-15,0,0.759327071870948
2013-10-16 20:00:00,14798.0,291.7,97.0,20,16,10,2013,2,0,2013-10-16,1,0.44456089156759626
2013-10-16 21:00:00,14685.0,290.84,97.0,21,16,10,2013,2,0,2013-10-16,0,0.419278365224562
2013-10-17 20:00:00,14891.0,295.49,60.0,20,17,10,2013,3,0,2013-10-17,1,0.8002408331014689
2013-10-17 21:00:00,14672.0,294.42,78.0,21,17,10,2013,3,0,2013-10-17,0,0.6339460733092722
2013-10-18 11:00:00,14517.0,286.87,68.0,11,18,10,2013,4,0,2013-10-18,1,0.4689913918271225
2013-10-18 09:00:00,14475.0,288.93,100.0,9,18,10,2013,4,0,2013-10-18,0,0.18399084411614222
2013-10-19 20:00:00,13528.0,289.97,74.0,20,19,10,2013,5,1,2013-10-19,1,0.8660420636472399
2013-10-19 21:00:00,13391.0,289.38,74.0,21,19,10,2013,5,1,2013-10-19,0,0.7567070277498399
2013-10-20 21:00:00,13641.0,286.237,78.0,21,20,10,2013,6,1,2013-10-20,1,0.7738078511201542
2013-10-20 20:00:00,13556.0,287.681,77.0,20,20,10,2013,6,1,2013-10-20,0,0.7227359296107716
2013-10-21 20:00:00,15247.0,291.85,39.0,20,21,10,2013,0,0,2013-10-21,0,0.8276990356158389
2013-10-21 08:00:00,15670.0,281.818666667,100.0,8,21,10,2013,0,0,2013-10-21,1,0.8250639444040779
2013-10-22 20:00:00,15617.0,289.556,64.0,20,22,10,2013,1,0,2013-10-22,1,0.8159218537569275
2013-10-22 08:00:00,15326.0,279.5,83.0,8,22,10,2013,1,0,2013-10-22,0,0.7363934790200264
2013-10-23 08:00:00,15701.0,281.380333333,97.0,8,23,10,2013,2,0,2013-10-23,0,0.7862590840697545
2013-10-23 20:00:00,16496.0,284.95,52.0,20,23,10,2013,2,0,2013-10-23,1,0.7848936711364692
2013-10-24 08:00:00,16692.0,278.994,89.0,8,24,10,2013,3,0,2013-10-24,0,0.8352219291992163
2013-10-24 20:00:00,16719.0,283.45,40.0,20,24,10,2013,3,0,2013-10-24,1,0.7658238339414044
2013-10-25 08:00:00,17051.0,276.35,71.0,8,25,10,2013,4,0,2013-10-25,1,0.893325791830078
2013-10-25 20:00:00,15807.0,283.95,44.0,20,25,10,2013,4,0,2013-10-25,0,0.7199376181851131
2013-10-26 09:00:00,15804.0,273.76,72.0,9,26,10,2013,5,1,2013-10-26,1,0.8324554853663666
2013-10-26 21:00:00,14169.0,284.85,43.0,21,26,10,2013,5,1,2013-10-26,0,0.6390751109157151
2013-10-27 20:00:00,13894.0,286.34,69.0,20,27,10,2013,6,1,2013-10-27,0,0.6945208685702629
2013-10-27 21:00:00,14021.0,285.242,74.0,21,27,10,2013,6,1,2013-10-27,1,0.5878884153081423
2013-10-28 08:00:00,16212.0,277.275333333,100.0,8,28,10,2013,0,0,2013-10-28,1,0.8824490645391327
2013-10-28 20:00:00,15551.0,288.105,57.0,20,28,10,2013,0,0,2013-10-28,0,0.7884306409072068
2013-10-29 08:00:00,15788.0,281.106666667,87.0,8,29,10,2013,1,0,2013-10-29,1,0.8892377947501238
2013-10-29 20:00:00,15460.0,284.833666667,64.0,20,29,10,2013,1,0,2013-10-29,0,0.7076170239766482
2013-10-30 20:00:00,15144.0,288.496666667,75.0,20,30,10,2013,2,0,2013-10-30,1,0.8124794466059916
2013-10-30 19:00:00,14878.0,289.035333333,71.0,19,30,10,2013,2,0,2013-10-30,0,0.737631171643879
2013-10-31 20:00:00,14567.0,292.695,69.0,20,31,10,2013,3,0,2013-10-31,0,0.7353106031766022
2013-10-31 21:00:00,14601.0,292.1515,70.0,21,31,10,2013,3,0,2013-10-31,0,0.6814332523497808
2013-11-01 19:00:00,13889.0,293.852666667,66.0,19,1,11,2013,4,0,2013-11-01,0,0.24661512679143377
2013-11-01 20:00:00,14057.0,293.501333333,65.0,20,1,11,2013,4,0,2013-11-01,0,0.20609818987982137
2013-11-02 20:00:00,13670.0,290.084333333,69.0,20,2,11,2013,5,1,2013-11-02,1,0.8052987974084307
2013-11-02 19:00:00,13210.0,290.194666667,70.0,19,2,11,2013,5,1,2013-11-02,0,0.6885636860527339
2013-11-03 20:00:00,15070.0,281.963333333,78.0,20,3,11,2013,6,1,2013-11-03,1,0.7704087272559693
2013-11-03 19:00:00,14893.0,282.169666667,78.0,19,3,11,2013,6,1,2013-11-03,0,0.6524647327502393
2013-11-04 08:00:00,16919.0,275.514333333,99.0,8,4,11,2013,0,0,2013-11-04,1,0.8784859098740491
2013-11-04 19:00:00,16197.0,279.275,89.0,19,4,11,2013,0,0,2013-11-04,0,0.661975573036746
2013-11-05 08:00:00,15841.0,277.486666667,100.0,8,5,11,2013,1,0,2013-11-05,0,0.8151221631596434
2013-11-05 19:00:00,15842.0,285.993333333,71.0,19,5,11,2013,1,0,2013-11-05,1,0.7940155756236408
2013-11-06 19:00:00,15250.0,289.16,58.0,19,6,11,2013,2,0,2013-11-06,1,0.8009755503151641
2013-11-06 20:00:00,15025.0,289.16,54.0,20,6,11,2013,2,0,2013-11-06,0,0.7719783000004581
2013-11-07 19:00:00,16438.0,287.64,77.0,19,7,11,2013,3,0,2013-11-07,1,0.783230879883001
2013-11-07 20:00:00,16425.0,285.74,76.0,20,7,11,2013,3,0,2013-11-07,0,0.7769363438169864
2013-11-08 08:00:00,16880.0,279.09,52.0,8,8,11,2013,4,0,2013-11-08,1,0.8914078508681901
2013-11-08 19:00:00,16190.0,281.93,42.0,19,8,11,2013,4,0,2013-11-08,0,0.7351473663319991
2013-11-09 09:00:00,15300.0,276.33,50.0,9,9,11,2013,5,1,2013-11-09,1,0.6937819318161901
2013-11-09 19:00:00,14357.0,282.74,31.0,19,9,11,2013,5,1,2013-11-09,0,0.5594070901412606
2013-11-10 20:00:00,14786.0,283.67,61.0,20,10,11,2013,6,1,2013-11-10,1,0.6217842108199224
2013-11-10 19:00:00,14673.0,287.26,33.0,19,10,11,2013,6,1,2013-11-10,0,0.5983023246126613
2013-11-11 08:00:00,16920.0,280.1,42.0,8,11,11,2013,0,0,2013-11-11,0,0.8108364528835472
2013-11-11 19:00:00,16418.0,284.56,34.0,19,11,11,2013,0,0,2013-11-11,0,0.6533758329750303
2013-11-12 08:00:00,17094.0,283.19,43.0,8,12,11,2013,1,0,2013-11-12,0,0.7991018090929742
2013-11-12 19:00:00,18508.0,276.05,44.0,19,12,11,2013,1,0,2013-11-12,1,0.7586081862715061
2013-11-13 08:00:00,18976.0,271.3,58.0,8,13,11,2013,2,0,2013-11-13,1,0.9284894098545745
2013-11-13 19:00:00,18147.0,276.96,32.0,19,13,11,2013,2,0,2013-11-13,0,0.49046647969815127
2013-11-14 08:00:00,18960.0,273.14,47.0,8,14,11,2013,3,0,2013-11-14,1,0.9008729912822013
2013-11-14 09:00:00,18372.0,273.39,61.0,9,14,11,2013,3,0,2013-11-14,0,0.4964671224654357
2013-11-15 08:00:00,17493.0,275.54,39.0,8,15,11,2013,4,0,2013-11-15,1,0.900254395777742
2013-11-15 21:00:00,15202.0,285.33,46.0,21,15,11,2013,4,0,2013-11-15,0,0.6156788903431415
2013-11-16 20:00:00,13758.0,286.65,62.0,20,16,11,2013,5,1,2013-11-16,0,0.7746363017054259
2013-11-16 19:00:00,13880.0,286.468,62.0,19,16,11,2013,5,1,2013-11-16,0,0.7270475765846866
2013-11-17 20:00:00,13652.0,288.67,93.0,20,17,11,2013,6,1,2013-11-17,1,0.6980477006231677
2013-11-17 21:00:00,13332.0,287.83,93.0,21,17,11,2013,6,1,2013-11-17,0,0.5779726076806962
2013-11-18 18:00:00,15489.0,291.37,27.0,18,18,11,2013,0,0,2013-11-18,0,0.5075548688077524
2013-11-18 19:00:00,16057.0,291.47,25.0,19,18,11,2013,0,0,2013-11-18,1,0.4862311125462683
2013-11-19 08:00:00,16931.0,281.15,49.0,8,19,11,2013,1,0,2013-11-19,0,0.7739750528664798
2013-11-19 20:00:00,17061.0,281.09,45.0,20,19,11,2013,1,0,2013-11-19,1,0.7540742359801645
2013-11-20 08:00:00,17540.0,274.1,55.0,8,20,11,2013,2,0,2013-11-20,1,0.905533658473376
2013-11-20 09:00:00,17283.0,273.64,59.0,9,20,11,2013,2,0,2013-11-20,0,0.5991515185490447
2013-11-21 08:00:00,16856.0,269.39,68.0,8,21,11,2013,3,0,2013-11-21,1,0.9007974069926732
2013-11-21 19:00:00,16110.0,283.25,61.0,19,21,11,2013,3,0,2013-11-21,0,0.726843517454836
2013-11-22 08:00:00,15202.0,282.43,75.0,8,22,11,2013,4,0,2013-11-22,0,0.8267211773114346
2013-11-22 19:00:00,15393.0,285.86,75.0,19,22,11,2013,4,0,2013-11-22,1,0.8120343052356099
2013-11-23 20:00:00,16538.0,278.85,42.0,20,23,11,2013,5,1,2013-11-23,1,0.7640848102144614
2013-11-23 19:00:00,16389.0,279.65,38.0,19,23,11,2013,5,1,2013-11-23,0,0.6844347526234706
2013-11-24 09:00:00,16933.0,268.62,43.0,9,24,11,2013,6,1,2013-11-24,0,0.6607875174221242
2013-11-24 08:00:00,16571.0,269.4,42.0,8,24,11,2013,6,1,2013-11-24,0,0.5985114281788907
2013-11-25 08:00:00,19663.0,266.95,59.0,8,25,11,2013,0,0,2013-11-25,1,0.795315514701079
2013-11-25 19:00:00,18266.0,279.04,31.0,19,25,11,2013,0,0,2013-11-25,0,0.5181606463714776
2013-11-26 08:00:00,17651.0,273.89,47.0,8,26,11,2013,1,0,2013-11-26,0,0.8791846711548481
2013-11-26 19:00:00,18081.0,276.2,48.0,19,26,11,2013,1,0,2013-11-26,0,0.6739480130151776
2013-11-27 19:00:00,18987.0,279.05,75.0,19,27,11,2013,2,0,2013-11-27,1,0.8139453307483163
2013-11-27 20:00:00,18752.0,278.27,80.0,20,27,11,2013,2,0,2013-11-27,0,0.6737475239000141
2013-11-28 08:00:00,16590.0,279.49,47.0,8,28,11,2013,3,0,2013-11-28,0,0.8209493077397577
2013-11-28 09:00:00,16981.0,281.16,54.0,9,28,11,2013,3,0,2013-11-28,0,0.6515516941537562
2013-11-29 08:00:00,16474.0,279.49,37.0,8,29,11,2013,4,0,2013-11-29,0,0.7599073827445956
2013-11-29 09:00:00,16493.0,272.73,43.0,9,29,11,2013,4,0,2013-11-29,1,0.6959164446283904
2013-11-30 09:00:00,16232.0,269.09,49.0,9,30,11,2013,5,1,2013-11-30,1,0.8151186594097242
2013-11-30 08:00:00,15969.0,269.65,54.0,8,30,11,2013,5,1,2013-11-30,0,0.5035624951167228
2013-12-01 19:00:00,15616.0,281.92,52.0,19,1,12,2013,6,1,2013-12-01,1,0.7987924405492894
2013-12-01 20:00:00,15602.0,282.11,45.0,20,1,12,2013,6,1,2013-12-01,0,0.7091703470343524
2013-12-02 19:00:00,17174.0,282.43,75.0,19,2,12,2013,0,0,2013-12-02,1,0.827574590947372
2013-12-02 20:00:00,17174.0,282.12,75.0,20,2,12,2013,0,0,2013-12-02,1,0.8088798441804732
2013-12-03 08:00:00,17258.0,275.48,86.0,8,3,12,2013,1,0,2013-12-03,1,0.7383842822765757
2013-12-03 19:00:00,16646.0,284.45,46.0,19,3,12,2013,1,0,2013-12-03,0,0.7291257802529164
2013-12-04 19:00:00,15793.0,283.22,57.0,19,4,12,2013,2,0,2013-12-04,0,0.6897414077693591
2013-12-04 08:00:00,16120.0,275.79,80.0,8,4,12,2013,2,0,2013-12-04,1,0.6522632498492462
2013-12-05 20:00:00,16486.0,286.68,87.0,20,5,12,2013,3,0,2013-12-05,1,0.7957781195148789
2013-12-05 19:00:00,16342.0,286.41,87.0,19,5,12,2013,3,0,2013-12-05,0,0.7935347797407084
2013-12-06 19:00:00,17741.0,279.85,81.0,19,6,12,2013,4,0,2013-12-06,1,0.8237266637958033
2013-12-06 20:00:00,17494.0,279.71,81.0,20,6,12,2013,4,0,2013-12-06,0,0.7258647289851285
2013-12-07 19:00:00,17477.0,277.87,52.0,19,7,12,2013,5,1,2013-12-07,1,0.821661871309261
2013-12-07 20:00:00,17333.0,277.52,44.0,20,7,12,2013,5,1,2013-12-07,0,0.6652160440039642
2013-12-08 19:00:00,18134.0,279.36,59.0,19,8,12,2013,6,1,2013-12-08,1,0.8309477556108149
2013-12-08 20:00:00,17958.0,279.09,61.0,20,8,12,2013,6,1,2013-12-08,0,0.7197808971029076
2013-12-09 19:00:00,18799.0,275.7,93.0,19,9,12,2013,0,0,2013-12-09,1,0.7336191416611563
2013-12-09 20:00:00,18701.0,275.92,93.0,20,9,12,2013,0,0,2013-12-09,0,0.6695126964264132
2013-12-10 08:00:00,18744.0,281.29,74.0,8,10,12,2013,1,0,2013-12-10,0,0.6622319469968972
2013-12-10 20:00:00,19692.0,274.38,74.0,20,10,12,2013,1,0,2013-12-10,0,0.594278145013562
2013-12-11 08:00:00,20390.0,269.57,46.0,8,11,12,2013,2,0,2013-12-11,1,0.8467525874571757
2013-12-11 19:00:00,19297.0,273.52,80.0,19,11,12,2013,2,0,2013-12-11,0,0.6750750134986621
2013-12-12 20:00:00,20528.0,270.15,46.0,20,12,12,2013,3,0,2013-12-12,1,0.7096419373551736
2013-12-12 19:00:00,20440.0,270.55,46.0,19,12,12,2013,3,0,2013-12-12,0,0.5942419348855128
2013-12-13 08:00:00,20482.0,265.66,61.0,8,13,12,2013,4,0,2013-12-13,1,0.7625357816710532
2013-12-13 19:00:00,18236.0,273.85,50.0,19,13,12,2013,4,0,2013-12-13,0,0.6748793142866777
2013-12-14 09:00:00,16940.0,270.44,74.0,9,14,12,2013,5,1,2013-12-14,0,0.5937777921173442
2013-12-14 18:00:00,17672.0,268.24,81.0,18,14,12,2013,5,1,2013-12-14,1,0.5763897234908503
2013-12-15 20:00:00,18685.0,275.45,77.0,20,15,12,2013,6,1,2013-12-15,1,0.7745555567782657
2013-12-15 19:00:00,18609.0,276.36,69.0,19,15,12,2013,6,1,2013-12-15,0,0.7150438393092733
2013-12-16 08:00:00,19615.0,272.35,68.0,8,16,12,2013,0,0,2013-12-16,1,0.9035285308006442
2013-12-16 19:00:00,19224.0,271.645,80.0,19,16,12,2013,0,0,2013-12-16,0,0.6706779044884518
2013-12-17 19:00:00,18897.0,270.92,80.0,19,17,12,2013,1,0,2013-12-17,1,0.7686441280282003
2013-12-17 20:00:00,18897.0,271.09,80.0,20,17,12,2013,1,0,2013-12-17,1,0.7554278559608132
2013-12-18 08:00:00,19278.0,268.0,80.0,8,18,12,2013,2,0,2013-12-18,1,0.7286980385952296
2013-12-18 19:00:00,19038.0,275.43,61.0,19,18,12,2013,2,0,2013-12-18,0,0.6759082602119052
2013-12-19 08:00:00,18991.0,284.793,80.0,8,19,12,2013,3,0,2013-12-19,1,0.7842204531141671
2013-12-19 19:00:00,17009.0,279.3,80.0,19,19,12,2013,3,0,2013-12-19,0,0.7246363874353251
2013-12-20 19:00:00,15910.0,282.75,80.0,19,20,12,2013,4,0,2013-12-20,0,0.7567013281099096
2013-12-20 08:00:00,16942.0,275.5,80.0,8,20,12,2013,4,0,2013-12-20,1,0.7545097544213997
2013-12-21 19:00:00,14587.0,287.76,80.0,19,21,12,2013,5,1,2013-12-21,1,0.7742056035540352
2013-12-21 20:00:00,14547.0,287.78,77.0,20,21,12,2013,5,1,2013-12-21,0,0.6658018378559061
2013-12-22 19:00:00,14508.0,292.38,80.0,19,22,12,2013,6,1,2013-12-22,1,0.7418651158131113
2013-12-22 20:00:00,14474.0,291.15,80.0,20,22,12,2013,6,1,2013-12-22,0,0.5280480509264621
2013-12-23 20:00:00,16917.0,284.16,80.0,20,23,12,2013,0,0,2013-12-23,1,0.772742560850887
2013-12-23 19:00:00,16913.0,284.42,93.0,19,23,12,2013,0,0,2013-12-23,0,0.7595074320330937
2013-12-24 19:00:00,16939.0,277.06,80.0,19,24,12,2013,1,0,2013-12-24,0,0.6641095050714676
2013-12-24 08:00:00,16492.0,275.67,80.0,8,24,12,2013,1,0,2013-12-24,0,0.6440340329796962
2013-12-25 09:00:00,17158.0,266.73,80.0,9,25,12,2013,2,0,2013-12-25,1,0.4899918879037658
2013-12-25 08:00:00,16955.0,267.61,80.0,8,25,12,2013,2,0,2013-12-25,0,0.45690737839830253
2013-12-26 20:00:00,17357.0,274.8,80.0,20,26,12,2013,3,0,2013-12-26,1,0.6977998637170703
2013-12-26 19:00:00,17290.0,274.23,80.0,19,26,12,2013,3,0,2013-12-26,0,0.6560177391484937
2013-12-27 19:00:00,16274.0,276.98,80.0,19,27,12,2013,4,0,2013-12-27,0,0.652452928271723
2013-12-27 09:00:00,17464.0,271.01,80.0,9,27,12,2013,4,0,2013-12-27,1,0.627951711101528
2013-12-28 09:00:00,16139.0,272.39,72.0,9,28,12,2013,5,1,2013-12-28,1,0.8315606046190956
2013-12-28 19:00:00,15238.0,284.56,80.0,19,28,12,2013,5,1,2013-12-28,0,0.7242793853041327
2013-12-29 19:00:00,15572.0,277.81,80.0,19,29,12,2013,6,1,2013-12-29,1,0.7712553852893735
2013-12-29 20:00:00,15374.0,277.74,80.0,20,29,12,2013,6,1,2013-12-29,0,0.663199953973471
2013-12-30 19:00:00,18039.0,275.58,51.0,19,30,12,2013,0,0,2013-12-30,1,0.7396605491523809
2013-12-30 20:00:00,17831.0,274.96,80.0,20,30,12,2013,0,0,2013-12-30,0,0.6521275573371754
2013-12-31 19:00:00,17722.0,271.74,61.0,19,31,12,2013,1,0,2013-12-31,0,0.6051509326647277
2013-12-31 20:00:00,17462.0,271.96,80.0,20,31,12,2013,1,0,2013-12-31,0,0.5885488179016957
2014-01-01 19:00:00,16485.0,273.16,80.0,19,1,1,2014,2,0,2014-01-01,1,0.5997216952160046
2014-01-01 08:00:00,15900.0,268.33,80.0,8,1,1,2014,2,0,2014-01-01,0,0.5611979714993212
2014-01-02 08:00:00,18276.0,271.68,80.0,8,2,1,2014,3,0,2014-01-02,0,0.7158627748234458
2014-01-02 20:00:00,20115.0,268.9,80.0,20,2,1,2014,3,0,2014-01-02,1,0.6573256189359669
2014-01-03 08:00:00,21314.0,261.61,80.0,8,3,1,2014,4,0,2014-01-03,0,0.7432629691523157
2014-01-03 09:00:00,21460.0,261.57,80.0,9,3,1,2014,4,0,2014-01-03,1,0.6711031421553093
2014-01-04 09:00:00,19853.0,258.9,80.0,9,4,1,2014,5,1,2014-01-04,1,0.6948568091852949
2014-01-04 20:00:00,17774.0,269.25,80.0,20,4,1,2014,5,1,2014-01-04,0,0.35539394628727566
2014-01-05 19:00:00,16886.0,272.28,80.0,19,5,1,2014,6,1,2014-01-05,1,0.6711461136205089
2014-01-05 20:00:00,16696.0,272.86,80.0,20,5,1,2014,6,1,2014-01-05,0,0.5740746990001979
2014-01-06 19:00:00,23473.0,277.28,83.0,19,6,1,2014,0,0,2014-01-06,1,0.7287107922395059
2014-01-06 20:00:00,23418.0,277.08,80.0,20,6,1,2014,0,0,2014-01-06,0,0.6639617329637193
2014-01-07 08:00:00,23590.0,260.67,48.0,8,7,1,2014,1,0,2014-01-07,1,0.8430517100744421
2014-01-07 09:00:00,23447.0,259.95,80.0,9,7,1,2014,1,0,2014-01-07,0,0.3300345486105411
2014-01-08 08:00:00,22273.0,259.76,57.0,8,8,1,2014,2,0,2014-01-08,1,0.8837158933815783
2014-01-08 20:00:00,20088.0,266.99,80.0,20,8,1,2014,2,0,2014-01-08,0,0.671200334883058
2014-01-09 08:00:00,20262.0,267.58,80.0,8,9,1,2014,3,0,2014-01-09,1,0.8820165737764764
2014-01-09 20:00:00,18793.0,273.04,80.0,20,9,1,2014,3,0,2014-01-09,0,0.5623256128339943
2014-01-10 08:00:00,18195.0,269.93,68.0,8,10,1,2014,4,0,2014-01-10,1,0.8833502913629308
2014-01-10 19:00:00,17427.0,273.8,91.0,19,10,1,2014,4,0,2014-01-10,0,0.48918516730712297
2014-01-11 19:00:00,16071.0,286.38,80.0,19,11,1,2014,5,1,2014-01-11,1,0.7357329567154264
2014-01-11 20:00:00,15959.0,286.48,80.0,20,11,1,2014,5,1,2014-01-11,0,0.6080388280331382
2014-01-12 19:00:00,16376.0,279.98,80.0,19,12,1,2014,6,1,2014-01-12,0,0.6468748877714015
2014-01-12 20:00:00,16609.0,280.07,80.0,20,12,1,2014,6,1,2014-01-12,1,0.6155519055984425
2014-01-13 08:00:00,18354.0,274.33,80.0,8,13,1,2014,0,0,2014-01-13,1,0.8402848266105556
2014-01-13 20:00:00,17189.0,282.7,80.0,20,13,1,2014,0,0,2014-01-13,0,0.5723805436722834
2014-01-14 20:00:00,17524.0,281.12,87.0,20,14,1,2014,1,0,2014-01-14,1,0.7070545764043685
2014-01-14 08:00:00,16879.0,276.94,82.0,8,14,1,2014,1,0,2014-01-14,0,0.6734757124767917
2014-01-15 19:00:00,18998.0,279.66,80.0,19,15,1,2014,2,0,2014-01-15,1,0.7163048628892846
2014-01-15 20:00:00,18984.0,279.74,88.0,20,15,1,2014,2,0,2014-01-15,0,0.6863762144768231
2014-01-16 19:00:00,19269.0,277.05,80.0,19,16,1,2014,3,0,2014-01-16,0,0.6751467446803567
2014-01-16 20:00:00,19180.0,276.93,80.0,20,16,1,2014,3,0,2014-01-16,0,0.6693703613338902
2014-01-17 21:00:00,18972.0,284.793,80.0,21,17,1,2014,4,0,2014-01-17,1,0.6760383468962818
2014-01-17 20:00:00,18902.0,284.793,80.0,20,17,1,2014,4,0,2014-01-17,0,0.6730056362681276
2014-01-18 10:00:00,19315.0,284.793,80.0,10,18,1,2014,5,1,2014-01-18,1,0.62237964090478
2014-01-18 19:00:00,18905.0,284.793,80.0,19,18,1,2014,5,1,2014-01-18,0,0.6140715136361418
2014-01-19 20:00:00,17508.0,274.56,47.0,20,19,1,2014,6,1,2014-01-19,1,0.6367793243537352
2014-01-19 19:00:00,17418.0,273.48,80.0,19,19,1,2014,6,1,2014-01-19,0,0.5583243710193657
2014-01-20 08:00:00,17990.0,274.93,59.0,8,20,1,2014,0,0,2014-01-20,0,0.7702648927788124
2014-01-20 09:00:00,18229.0,275.19,69.0,9,20,1,2014,0,0,2014-01-20,1,0.6272736223809229
2014-01-21 08:00:00,19263.0,269.6,54.0,8,21,1,2014,1,0,2014-01-21,0,0.8277737870723773
2014-01-21 20:00:00,21545.0,264.15,80.0,20,21,1,2014,1,0,2014-01-21,1,0.6087680669984682
2014-01-22 08:00:00,23347.0,260.89,84.0,8,22,1,2014,2,0,2014-01-22,1,0.7774984677120028
2014-01-22 19:00:00,22184.0,263.86,80.0,19,22,1,2014,2,0,2014-01-22,0,0.45546678956912023
2014-01-23 20:00:00,23071.0,266.35,49.0,20,23,1,2014,3,0,2014-01-23,1,0.7339945924696376
2014-01-23 21:00:00,23062.0,266.38,53.0,21,23,1,2014,3,0,2014-01-23,0,0.6819339142466854
2014-01-24 08:00:00,24231.0,261.68,62.0,8,24,1,2014,4,0,2014-01-24,1,0.930152575686551
2014-01-24 20:00:00,22169.0,266.06,80.0,20,24,1,2014,4,0,2014-01-24,0,0.5887299511393026
2014-01-25 09:00:00,19747.0,264.98,58.0,9,25,1,2014,5,1,2014-01-25,0,0.5967847699460107
2014-01-25 20:00:00,19838.0,269.31,81.0,20,25,1,2014,5,1,2014-01-25,0,0.5296236014697375
2014-01-26 09:00:00,19633.0,266.17,80.0,9,26,1,2014,6,1,2014-01-26,1,0.7752439948180119
2014-01-26 10:00:00,19625.0,265.54,80.0,10,26,1,2014,6,1,2014-01-26,0,0.3446418565192301
2014-01-27 08:00:00,19758.0,269.05,68.0,8,27,1,2014,0,0,2014-01-27,0,0.8689172415662416
2014-01-27 21:00:00,21868.0,272.18,47.0,21,27,1,2014,0,0,2014-01-27,1,0.6802220535944865
2014-01-28 19:00:00,23264.0,265.13,28.0,19,28,1,2014,1,0,2014-01-28,1,0.6074789267672809
2014-01-28 20:00:00,23230.0,265.2,26.0,20,28,1,2014,1,0,2014-01-28,0,0.5208398909793849
2014-01-29 08:00:00,24123.0,262.64,72.0,8,29,1,2014,2,0,2014-01-29,1,0.9043635899963205
2014-01-29 19:00:00,22244.0,267.62,34.0,19,29,1,2014,2,0,2014-01-29,0,0.5010024312365914
2014-01-30 08:00:00,24421.0,262.48,51.0,8,30,1,2014,3,0,2014-01-30,1,0.9122499270067769
2014-01-30 20:00:00,20601.0,270.94,35.0,20,30,1,2014,3,0,2014-01-30,0,0.49871908818846905
2014-01-31 08:00:00,20060.0,267.81,62.0,8,31,1,2014,4,0,2014-01-31,1,0.9419503579740217
2014-01-31 20:00:00,17825.0,276.66,45.0,20,31,1,2014,4,0,2014-01-31,0,0.525309638469936
2014-02-01 09:00:00,17185.0,271.83,49.0,9,1,2,2014,5,1,2014-02-01,1,0.7820078110771341
2014-02-01 21:00:00,15691.0,278.77,50.0,21,1,2,2014,5,1,2014-02-01,0,0.6277699606758802
2014-02-02 19:00:00,16723.0,284.32,54.0,19,2,2,2014,6,1,2014-02-02,1,0.7953639231454294
2014-02-02 20:00:00,16557.0,283.77,54.0,20,2,2,2014,6,1,2014-02-02,0,0.787322225810463
2014-02-03 08:00:00,18774.0,276.06,86.0,8,3,2,2014,0,0,2014-02-03,0,0.7160713543294318
2014-02-03 20:00:00,19195.0,272.72,100.0,20,3,2,2014,0,0,2014-02-03,1,0.6832275658873488
2014-02-04 08:00:00,19842.0,267.6,79.0,8,4,2,2014,1,0,2014-02-04,1,0.911854641574768
2014-02-04 20:00:00,19394.0,274.35,59.0,20,4,2,2014,1,0,2014-02-04,0,0.6113953305540185
2014-02-05 08:00:00,18188.0,271.1,92.0,8,5,2,2014,2,0,2014-02-05,0,0.7864153640641373
2014-02-05 20:00:00,19553.0,273.71,86.0,20,5,2,2014,2,0,2014-02-05,1,0.7144488228798255
2014-02-06 08:00:00,20177.0,269.92,74.0,8,6,2,2014,3,0,2014-02-06,0,0.879194729460697
2014-02-06 20:00:00,20185.0,271.38,58.0,20,6,2,2014,3,0,2014-02-06,0,0.7016090450917026
2014-02-07 08:00:00,21090.0,268.3,68.0,8,7,2,2014,4,0,2014-02-07,1,0.9494829600523716
2014-02-07 20:00:00,19767.0,273.33,54.0,20,7,2,2014,4,0,2014-02-07,0,0.6067938226351791
2014-02-08 09:00:00,19055.0,266.33,53.0,9,8,2,2014,5,1,2014-02-08,0,0.6509236227796288
2014-02-08 10:00:00,19137.0,265.78,57.0,10,8,2,2014,5,1,2014-02-08,1,0.6286268760016921
2014-02-09 20:00:00,18326.0,271.49,50.0,20,9,2,2014,6,1,2014-02-09,1,0.7341497483443422
2014-02-09 09:00:00,16934.0,265.43,48.0,9,9,2,2014,6,1,2014-02-09,0,0.595998831809577
2014-02-10 08:00:00,20481.0,267.42,85.0,8,10,2,2014,0,0,2014-02-10,0,0.822948461878229
2014-02-10 09:00:00,20463.0,267.7,79.0,9,10,2,2014,0,0,2014-02-10,0,0.6772423134299302
2014-02-11 08:00:00,22070.0,263.05,57.0,8,11,2,2014,1,0,2014-02-11,1,0.9621991444902086
2014-02-11 20:00:00,20386.0,269.26,35.0,20,11,2,2014,1,0,2014-02-11,0,0.536325920116531
2014-02-12 08:00:00,22110.0,261.94,61.0,8,12,2,2014,2,0,2014-02-12,1,0.961623866911152
2014-02-12 20:00:00,20340.0,268.83,38.0,20,12,2,2014,2,0,2014-02-12,0,0.513565895809727
2014-02-13 08:00:00,20187.0,268.65,79.0,8,13,2,2014,3,0,2014-02-13,1,0.9192466754019083
2014-02-13 20:00:00,19191.0,273.79,80.0,20,13,2,2014,3,0,2014-02-13,0,0.6309165782833405
2014-02-14 08:00:00,19028.0,272.76,80.0,8,14,2,2014,4,0,2014-02-14,0,0.8507904173250932
2014-02-14 09:00:00,19079.0,272.54,80.0,9,14,2,2014,4,0,2014-02-14,1,0.6354139730129593
2014-02-15 20:00:00,18548.0,273.41,74.0,20,15,2,2014,5,1,2014-02-15,1,0.731470256858494
2014-02-15 19:00:00,18299.0,273.82,64.0,19,15,2,2014,5,1,2014-02-15,0,0.6105241383770054
2014-02-16 09:00:00,17662.0,267.39,62.0,9,16,2,2014,6,1,2014-02-16,0,0.6869083787960122
2014-02-16 20:00:00,18167.0,271.16,42.0,20,16,2,2014,6,1,2014-02-16,1,0.6535433547865729
2014-02-17 08:00:00,20494.0,265.67,61.0,8,17,2,2014,0,0,2014-02-17,0,0.928532132871153
2014-02-17 09:00:00,20570.0,265.54,61.0,9,17,2,2014,0,0,2014-02-17,1,0.6284124667582897
2014-02-18 08:00:00,18666.0,269.6,54.0,8,18,2,2014,1,0,2014-02-18,1,0.9246699968628745
2014-02-18 20:00:00,17441.0,276.38,64.0,20,18,2,2014,1,0,2014-02-18,0,0.562507794701419
2014-02-19 08:00:00,17120.0,268.37,79.0,8,19,2,2014,2,0,2014-02-19,1,0.6852819880623595
2014-02-19 21:00:00,16534.0,277.91,86.0,21,19,2,2014,2,0,2014-02-19,0,0.540805588744728
2014-02-20 08:00:00,17969.0,275.28,69.0,8,20,2,2014,3,0,2014-02-20,1,0.9258323780473553
2014-02-20 20:00:00,16437.0,281.79,42.0,20,20,2,2014,3,0,2014-02-20,0,0.5629703535239787
2014-02-21 08:00:00,16165.0,275.58,100.0,8,21,2,2014,4,0,2014-02-21,0,0.789783392528285
2014-02-21 20:00:00,16486.0,278.51,93.0,20,21,2,2014,4,0,2014-02-21,0,0.5982729727667501
2014-02-22 09:00:00,16006.0,272.85,86.0,9,22,2,2014,5,1,2014-02-22,1,0.7283397701617438
2014-02-22 21:00:00,14895.0,284.63,27.0,21,22,2,2014,5,1,2014-02-22,0,0.5859411140672737
2014-02-23 21:00:00,16159.0,284.11,34.0,21,23,2,2014,6,1,2014-02-23,1,0.7307598733881661
2014-02-23 20:00:00,16094.0,284.47,34.0,20,23,2,2014,6,1,2014-02-23,0,0.6631338840813615
2014-02-24 08:00:00,18938.0,277.66,60.0,8,24,2,2014,0,0,2014-02-24,1,0.865265312223838
2014-02-24 20:00:00,18830.0,275.13,34.0,20,24,2,2014,0,0,2014-02-24,0,0.5614481941725756
2014-02-25 08:00:00,19376.0,268.38,49.0,8,25,2,2014,1,0,2014-02-25,1,0.8962441313543384
2014-02-25 19:00:00,18832.0,272.79,47.0,19,25,2,2014,1,0,2014-02-25,0,0.5360580704279938
2014-02-26 08:00:00,20109.0,267.21,58.0,8,26,2,2014,2,0,2014-02-26,0,0.8561729258678848
2014-02-26 20:00:00,20213.0,271.75,58.0,20,26,2,2014,2,0,2014-02-26,1,0.7526669350104236
2014-02-27 08:00:00,21056.0,262.45,37.0,8,27,2,2014,3,0,2014-02-27,1,0.9073784525865348
2014-02-27 20:00:00,20359.0,271.28,26.0,20,27,2,2014,3,0,2014-02-27,0,0.4945768566534299
2014-02-28 08:00:00,21966.0,261.11,32.0,8,28,2,2014,4,0,2014-02-28,1,0.8394273988783932
2014-02-28 09:00:00,21495.0,260.96,35.0,9,28,2,2014,4,0,2014-02-28,0,0.33421859285819133
2014-03-01 09:00:00,17341.0,262.72,57.0,9,1,3,2014,5,1,2014-03-01,1,0.7522466392109292
2014-03-01 20:00:00,16235.0,275.25,27.0,20,1,3,2014,5,1,2014-03-01,0,0.46835191307523033
2014-03-02 20:00:00,17718.0,276.86,48.0,20,2,3,2014,6,1,2014-03-02,1,0.7840987272579188
2014-03-02 09:00:00,15849.0,274.01,50.0,9,2,3,2014,6,1,2014-03-02,0,0.7283767183778579
2014-03-03 08:00:00,19830.0,269.33,68.0,8,3,3,2014,0,0,2014-03-03,0,0.8278239760727284
2014-03-03 20:00:00,20826.0,266.54,34.0,20,3,3,2014,0,0,2014-03-03,1,0.7173579281531144
2014-03-04 08:00:00,21436.0,262.19,36.0,8,4,3,2014,1,0,2014-03-04,1,0.9130690780486472
2014-03-04 20:00:00,19606.0,270.95,34.0,20,4,3,2014,1,0,2014-03-04,0,0.49743711513551736
2014-03-05 08:00:00,20097.0,268.99,35.0,8,5,3,2014,2,0,2014-03-05,1,0.9327882830109467
2014-03-05 20:00:00,18688.0,274.6,27.0,20,5,3,2014,2,0,2014-03-05,0,0.435953060955774
2014-03-06 08:00:00,19795.0,266.29,48.0,8,6,3,2014,3,0,2014-03-06,1,0.9485594577495621
2014-03-06 20:00:00,18151.0,271.48,30.0,20,6,3,2014,3,0,2014-03-06,0,0.32730592145975707
2014-03-07 08:00:00,18760.0,269.33,58.0,8,7,3,2014,4,0,2014-03-07,1,0.9021181727555
2014-03-07 20:00:00,16026.0,275.62,59.0,20,7,3,2014,4,0,2014-03-07,0,0.4225073953521404
2014-03-08 09:00:00,16046.0,274.82,74.0,9,8,3,2014,5,1,2014-03-08,1,0.7543495244974079
2014-03-08 21:00:00,15089.0,285.32,33.0,21,8,3,2014,5,1,2014-03-08,0,0.6956241627824261
2014-03-09 21:00:00,15747.0,278.66,24.0,21,9,3,2014,6,1,2014-03-09,1,0.7196311121856211
2014-03-09 09:00:00,14781.0,276.43,60.0,9,9,3,2014,6,1,2014-03-09,0,0.5851709551168753
2014-03-10 08:00:00,17920.0,275.86,44.0,8,10,3,2014,0,0,2014-03-10,1,0.9387347662488349
2014-03-10 21:00:00,15706.0,282.77,37.0,21,10,3,2014,0,0,2014-03-10,0,0.5197342215545304
2014-03-11 08:00:00,16541.0,277.01,65.0,8,11,3,2014,1,0,2014-03-11,1,0.9297083639840095
2014-03-11 09:00:00,16328.0,277.3,69.0,9,11,3,2014,1,0,2014-03-11,0,0.6157425456551204
2014-03-12 08:00:00,15997.0,279.52,65.0,8,12,3,2014,2,0,2014-03-12,0,0.8910340493458547
2014-03-12 20:00:00,17899.0,284.24,71.0,20,12,3,2014,2,0,2014-03-12,0,0.6673178259553925
2014-03-13 08:00:00,19985.0,268.38,57.0,8,13,3,2014,3,0,2014-03-13,1,0.9323200370792759
2014-03-13 09:00:00,19793.0,266.73,52.0,9,13,3,2014,3,0,2014-03-13,0,0.34531355381051937
2014-03-14 08:00:00,18922.0,266.82,34.0,8,14,3,2014,4,0,2014-03-14,1,0.9181043276348868
2014-03-14 09:00:00,18528.0,266.83,34.0,9,14,3,2014,4,0,2014-03-14,0,0.34692958811794733
2014-03-15 10:00:00,14396.0,278.69,42.0,10,15,3,2014,5,1,2014-03-15,1,0.5768195481245165
2014-03-15 21:00:00,13923.0,286.59,24.0,21,15,3,2014,5,1,2014-03-15,0,0.5404417958443756
2014-03-16 21:00:00,17595.0,274.67,24.0,21,16,3,2014,6,1,2014-03-16,1,0.6768114696275193
2014-03-16 09:00:00,14868.0,274.24,37.0,9,16,3,2014,6,1,2014-03-16,0,0.47830190723435434
2014-03-17 08:00:00,19129.0,269.17,23.0,8,17,3,2014,0,0,2014-03-17,1,0.8826459156195281
2014-03-17 19:00:00,17085.0,272.74,36.0,19,17,3,2014,0,0,2014-03-17,0,0.3402568647470211
2014-03-18 08:00:00,18559.0,268.48,49.0,8,18,3,2014,1,0,2014-03-18,1,0.8753324600338551
2014-03-18 21:00:00,16211.0,278.2,26.0,21,18,3,2014,1,0,2014-03-18,0,0.4114859655060792
2014-03-19 08:00:00,16870.0,271.15,74.0,8,19,3,2014,2,0,2014-03-19,1,0.9113042922067278
2014-03-19 21:00:00,16115.0,277.26,86.0,21,19,3,2014,2,0,2014-03-19,0,0.5759166953724945
2014-03-20 08:00:00,17104.0,277.38,93.0,8,20,3,2014,3,0,2014-03-20,1,0.8391283641054186
2014-03-20 20:00:00,15471.0,284.3,32.0,20,20,3,2014,3,0,2014-03-20,0,0.5149140199944312
2014-03-21 08:00:00,17433.0,276.88,44.0,8,21,3,2014,4,0,2014-03-21,1,0.9255567524317968
2014-03-21 09:00:00,17360.0,276.44,44.0,9,21,3,2014,4,0,2014-03-21,0,0.46007861298217745
2014-03-22 21:00:00,14036.0,290.05,23.0,21,22,3,2014,5,1,2014-03-22,0,0.5483475766345767
2014-03-22 20:00:00,13368.0,289.9,27.0,20,22,3,2014,5,1,2014-03-22,0,0.46559782414547973
2014-03-23 21:00:00,16202.0,276.69,25.0,21,23,3,2014,6,1,2014-03-23,1,0.7149279337610599
2014-03-23 09:00:00,14435.0,276.34,51.0,9,23,3,2014,6,1,2014-03-23,0,0.6260130107010595
2014-03-24 08:00:00,19567.0,267.14,44.0,8,24,3,2014,0,0,2014-03-24,1,0.8907828739700808
2014-03-24 09:00:00,19156.0,266.85,44.0,9,24,3,2014,0,0,2014-03-24,0,0.3244145642204168
2014-03-25 08:00:00,18536.0,266.94,42.0,8,25,3,2014,1,0,2014-03-25,0,0.7377501851173695
2014-03-25 21:00:00,18604.0,275.65,37.0,21,25,3,2014,1,0,2014-03-25,1,0.6165561326103949
2014-03-26 08:00:00,19654.0,272.92,47.0,8,26,3,2014,2,0,2014-03-26,1,0.9304419069320583
2014-03-26 09:00:00,19316.0,272.92,43.0,9,26,3,2014,2,0,2014-03-26,0,0.3827603752125067
2014-03-27 08:00:00,19181.0,267.68,49.0,8,27,3,2014,3,0,2014-03-27,1,0.9348786000818348
2014-03-27 09:00:00,18871.0,267.48,53.0,9,27,3,2014,3,0,2014-03-27,0,0.36482484150029754
2014-03-28 08:00:00,15599.0,274.95,64.0,8,28,3,2014,4,0,2014-03-28,0,0.8498996347834233
2014-03-28 21:00:00,14696.0,285.14,67.0,21,28,3,2014,4,0,2014-03-28,0,0.5755533304592645
2014-03-29 21:00:00,15327.0,280.56,93.0,21,29,3,2014,5,1,2014-03-29,1,0.762817683768562
2014-03-29 20:00:00,15030.0,280.66,93.0,20,29,3,2014,5,1,2014-03-29,0,0.6743115549898198
2014-03-30 21:00:00,15008.0,279.89,87.0,21,30,3,2014,6,1,2014-03-30,0,0.7074756640656815
2014-03-30 10:00:00,15596.0,280.57,93.0,10,30,3,2014,6,1,2014-03-30,1,0.5970919170648724
2014-03-31 08:00:00,17697.0,276.08,74.0,8,31,3,2014,0,0,2014-03-31,1,0.9141079291313438
2014-03-31 21:00:00,14952.0,285.07,37.0,21,31,3,2014,0,0,2014-03-31,0,0.5672206471635377
2014-04-01 08:00:00,15849.0,274.94,69.0,8,1,4,2014,1,0,2014-04-01,1,0.9199249318864505
2014-04-01 21:00:00,14650.0,287.82,38.0,21,1,4,2014,1,0,2014-04-01,0,0.6904887611883495
2014-04-02 08:00:00,14924.0,276.38,80.0,8,2,4,2014,2,0,2014-04-02,1,0.8146257876069218
2014-04-02 21:00:00,14816.0,284.47,71.0,21,2,4,2014,2,0,2014-04-02,0,0.6315219698122818
2014-04-03 21:00:00,15381.0,290.38,25.0,21,3,4,2014,3,0,2014-04-03,0,0.6627100185316985
2014-04-03 08:00:00,14962.0,278.99,93.0,8,3,4,2014,3,0,2014-04-03,0,0.6123275987465228
2014-04-04 08:00:00,14714.0,279.21,81.0,8,4,4,2014,4,0,2014-04-04,0,0.5361894782873251
2014-04-04 11:00:00,14985.0,278.36,70.0,11,4,4,2014,4,0,2014-04-04,1,0.49714053993428126
2014-04-05 21:00:00,13589.0,284.18,32.0,21,5,4,2014,5,1,2014-04-05,0,0.6709619792718058
2014-04-05 11:00:00,14496.0,277.79,81.0,11,5,4,2014,5,1,2014-04-05,1,0.6158041693761988
2014-04-06 21:00:00,13591.0,288.35,17.0,21,6,4,2014,6,1,2014-04-06,0,0.6270505332038259
2014-04-06 22:00:00,13437.0,287.88,30.0,22,6,4,2014,6,1,2014-04-06,0,0.44719094519748226
2014-04-07 08:00:00,15263.0,276.2,65.0,8,7,4,2014,0,0,2014-04-07,0,0.8214795788082192
2014-04-07 21:00:00,15494.0,281.62,61.0,21,7,4,2014,0,0,2014-04-07,1,0.6942343463983452
2014-04-08 21:00:00,14763.0,288.89,39.0,21,8,4,2014,1,0,2014-04-08,0,0.7233933765476511
2014-04-08 14:00:00,14485.0,284.83,100.0,14,8,4,2014,1,0,2014-04-08,0,0.5073230477620428
2014-04-09 08:00:00,15504.0,279.48,61.0,8,9,4,2014,2,0,2014-04-09,1,0.9083516873396189
2014-04-09 09:00:00,15282.0,278.83,65.0,9,9,4,2014,2,0,2014-04-09,0,0.6349854775058406
2014-04-10 08:00:00,15897.0,275.06,35.0,8,10,4,2014,3,0,2014-04-10,1,0.8421934967433706
2014-04-10 09:00:00,15552.0,274.65,38.0,9,10,4,2014,3,0,2014-04-10,0,0.4447477146908203
2014-04-11 09:00:00,14372.0,283.26,50.0,9,11,4,2014,4,0,2014-04-11,1,0.5985344697708469
2014-04-11 11:00:00,14256.0,284.22,50.0,11,11,4,2014,4,0,2014-04-11,0,0.469995470009219
2014-04-12 21:00:00,13075.0,294.31,28.0,21,12,4,2014,5,1,2014-04-12,1,0.8274005662242615
2014-04-12 10:00:00,12804.0,281.91,76.0,10,12,4,2014,5,1,2014-04-12,0,0.5154294325653317
2014-04-13 21:00:00,13873.0,298.15,30.0,21,13,4,2014,6,1,2014-04-13,1,0.6778748522211718
2014-04-13 20:00:00,13172.0,298.22,30.0,20,13,4,2014,6,1,2014-04-13,0,0.4177051298525032
2014-04-14 21:00:00,14970.0,296.22,34.0,21,14,4,2014,0,0,2014-04-14,1,0.7619331012109766
2014-04-14 14:00:00,14497.0,292.41,64.0,14,14,4,2014,0,0,2014-04-14,0,0.513520202144838
2014-04-15 21:00:00,17152.0,285.25,87.0,21,15,4,2014,1,0,2014-04-15,1,0.7626670003063363
2014-04-15 20:00:00,16461.0,289.26,82.0,20,15,4,2014,1,0,2014-04-15,0,0.6492148574169699
2014-04-16 08:00:00,18100.0,273.55,64.0,8,16,4,2014,2,0,2014-04-16,1,0.9265977337869981
2014-04-16 21:00:00,15601.0,281.23,24.0,21,16,4,2014,2,0,2014-04-16,0,0.5043920039945686
2014-04-17 08:00:00,16680.0,274.01,51.0,8,17,4,2014,3,0,2014-04-17,1,0.9456678981474681
2014-04-17 09:00:00,16390.0,273.89,59.0,9,17,4,2014,3,0,2014-04-17,0,0.5510943749090217
2014-04-18 10:00:00,14269.0,274.16,69.0,10,18,4,2014,4,0,2014-04-18,1,0.5167637516201669
2014-04-18 11:00:00,14076.0,274.4,64.0,11,18,4,2014,4,0,2014-04-18,0,0.3445727470115092
2014-04-19 10:00:00,12773.0,276.46,86.0,10,19,4,2014,5,1,2014-04-19,1,0.6045017327273982
2014-04-19 11:00:00,12747.0,277.21,80.0,11,19,4,2014,5,1,2014-04-19,0,0.45480769415932665
2014-04-20 22:00:00,12374.0,284.39,39.0,22,20,4,2014,6,1,2014-04-20,1,0.6439444115707397
2014-04-20 21:00:00,12266.0,285.2,39.0,21,20,4,2014,6,1,2014-04-20,0,0.13521786942398845
2014-04-21 21:00:00,14642.0,291.35,38.0,21,21,4,2014,0,0,2014-04-21,1,0.7506613243717584
2014-04-21 15:00:00,14488.0,286.76,30.0,15,21,4,2014,0,0,2014-04-21,0,0.44727139123247084
2014-04-22 13:00:00,14453.0,285.64,76.0,13,22,4,2014,1,0,2014-04-22,1,0.6540386558694933
2014-04-22 14:00:00,14445.0,288.23,62.0,14,22,4,2014,1,0,2014-04-22,0,0.5286157248177107
2014-04-23 08:00:00,14713.0,285.18,62.0,8,23,4,2014,2,0,2014-04-23,0,0.6895901729900821
2014-04-23 09:00:00,14719.0,284.05,66.0,9,23,4,2014,2,0,2014-04-23,1,0.6777864102277185
2014-04-24 08:00:00,15175.0,278.77,52.0,8,24,4,2014,3,0,2014-04-24,1,0.8796632852620927
2014-04-24 09:00:00,15117.0,278.49,41.0,9,24,4,2014,3,0,2014-04-24,0,0.5560274224805856
2014-04-25 11:00:00,15055.0,278.87,33.0,11,25,4,2014,4,0,2014-04-25,1,0.5327369844120092
2014-04-25 09:00:00,14777.0,278.31,33.0,9,25,4,2014,4,0,2014-04-25,0,0.49997284889477844
2014-04-26 11:00:00,12946.0,280.75,93.0,11,26,4,2014,5,1,2014-04-26,1,0.7163004118081598
2014-04-26 21:00:00,12674.0,288.28,54.0,21,26,4,2014,5,1,2014-04-26,0,0.5871450737274564
2014-04-27 21:00:00,13267.0,286.7,35.0,21,27,4,2014,6,1,2014-04-27,0,0.7871573777910392
2014-04-27 22:00:00,13287.0,286.53,35.0,22,27,4,2014,6,1,2014-04-27,1,0.7225751638146919
2014-04-28 21:00:00,14669.0,290.69,27.0,21,28,4,2014,0,0,2014-04-28,0,0.6685067827085278
2014-04-28 12:00:00,14745.0,281.42,57.0,12,28,4,2014,0,0,2014-04-28,1,0.5424160394714101
2014-04-29 09:00:00,14507.0,282.18,66.0,9,29,4,2014,1,0,2014-04-29,0,0.6348362595521052
2014-04-29 11:00:00,14774.0,281.69,76.0,11,29,4,2014,1,0,2014-04-29,1,0.6275288758392357
2014-04-30 21:00:00,14489.0,283.1215,97.0,21,30,4,2014,2,0,2014-04-30,0,0.555179296972374
2014-04-30 10:00:00,14501.0,279.343333333,99.0,10,30,4,2014,2,0,2014-04-30,0,0.3985763281456578
2014-05-01 21:00:00,14442.0,289.8605,94.0,21,1,5,2014,3,0,2014-05-01,1,0.4146165786309298
2014-05-01 11:00:00,14227.0,288.283666667,92.0,11,1,5,2014,3,0,2014-05-01,0,0.41264811356757664
2014-05-02 09:00:00,14490.0,285.7005,94.0,9,2,5,2014,4,0,2014-05-02,1,0.613957920658016
2014-05-02 11:00:00,14239.0,285.013333333,95.0,11,2,5,2014,4,0,2014-05-02,0,0.49028832495290575
2014-05-03 11:00:00,12782.0,283.995666667,65.0,11,3,5,2014,5,1,2014-05-03,1,0.6788829926680876
2014-05-03 10:00:00,12769.0,282.796333333,68.0,10,3,5,2014,5,1,2014-05-03,0,0.5162293707967425
2014-05-04 22:00:00,13016.0,288.24,42.0,22,4,5,2014,6,1,2014-05-04,1,0.7394430956626955
2014-05-04 21:00:00,12872.0,289.02,42.0,21,4,5,2014,6,1,2014-05-04,0,0.5219835440452667
2014-05-05 11:00:00,14420.0,282.94,52.0,11,5,5,2014,0,0,2014-05-05,0,0.4915318002479678
2014-05-05 12:00:00,14449.0,284.32,52.0,12,5,5,2014,0,0,2014-05-05,1,0.4562515876843716
2014-05-06 22:00:00,14590.0,292.31,31.0,22,6,5,2014,1,0,2014-05-06,1,0.6560164125016305
2014-05-06 21:00:00,14468.0,292.74,37.0,21,6,5,2014,1,0,2014-05-06,0,0.5089907578142037
2014-05-07 17:00:00,15467.0,291.75,36.0,17,7,5,2014,2,0,2014-05-07,1,0.7763872693671261
2014-05-07 18:00:00,15410.0,292.61,33.0,18,7,5,2014,2,0,2014-05-07,0,0.752406348720656
2014-05-08 17:00:00,16924.0,286.05,95.0,17,8,5,2014,3,0,2014-05-08,1,0.7474732010519066
2014-05-08 18:00:00,16864.0,286.18,91.0,18,8,5,2014,3,0,2014-05-08,0,0.706142089567028
2014-05-09 17:00:00,15333.0,288.07,92.0,17,9,5,2014,4,0,2014-05-09,0,0.6837983556272423
2014-05-09 16:00:00,15498.0,287.72,95.0,16,9,5,2014,4,0,2014-05-09,0,0.6638486331323508
2014-05-10 13:00:00,12964.0,289.76,99.0,13,10,5,2014,5,1,2014-05-10,1,0.633206345792381
2014-05-10 11:00:00,12934.0,287.92,95.0,11,10,5,2014,5,1,2014-05-10,0,0.5053007416389858
2014-05-11 22:00:00,14163.0,299.93,30.0,22,11,5,2014,6,1,2014-05-11,1,0.6604701193877405
2014-05-11 21:00:00,14148.0,299.92,31.0,21,11,5,2014,6,1,2014-05-11,0,0.3594892344541929
2014-05-12 18:00:00,17726.0,301.51,41.0,18,12,5,2014,0,0,2014-05-12,1,0.8429154853817645
2014-05-12 17:00:00,17711.0,303.05,32.0,17,12,5,2014,0,0,2014-05-12,0,0.6881056998921948
2014-05-13 17:00:00,18380.0,292.37,45.0,17,13,5,2014,1,0,2014-05-13,0,0.7877432164164964
2014-05-13 18:00:00,18191.0,292.77,45.0,18,13,5,2014,1,0,2014-05-13,0,0.7216637390675422
2014-05-14 17:00:00,16870.0,291.69,71.0,17,14,5,2014,2,0,2014-05-14,1,0.7648964346767975
2014-05-14 18:00:00,16700.0,292.76,56.0,18,14,5,2014,2,0,2014-05-14,0,0.7339696027667684
2014-05-15 15:00:00,14575.0,291.44,97.0,15,15,5,2014,3,0,2014-05-15,0,0.571662282438628
2014-05-15 14:00:00,14796.0,290.87,97.0,14,15,5,2014,3,0,2014-05-15,0,0.5464224292406812
2014-05-16 11:00:00,14302.0,291.22,98.0,11,16,5,2014,4,0,2014-05-16,1,0.6180963955276271
2014-05-16 12:00:00,14217.0,291.74,95.0,12,16,5,2014,4,0,2014-05-16,0,0.31656070785933266
2014-05-17 11:00:00,13150.0,284.66,81.0,11,17,5,2014,5,1,2014-05-17,0,0.5355280243738332
2014-05-17 22:00:00,12713.0,292.93,45.0,22,17,5,2014,5,1,2014-05-17,0,0.5310759122049142
2014-05-18 22:00:00,12943.0,291.04,45.0,22,18,5,2014,6,1,2014-05-18,1,0.7721231639336718
2014-05-18 21:00:00,12516.0,291.06,53.0,21,18,5,2014,6,1,2014-05-18,0,0.5435409188135921
2014-05-19 11:00:00,14505.0,282.11,50.0,11,19,5,2014,0,0,2014-05-19,1,0.6164792854178323
2014-05-19 12:00:00,14433.0,283.87,63.0,12,19,5,2014,0,0,2014-05-19,0,0.5320488421122787
2014-05-20 17:00:00,15090.0,296.98,27.0,17,20,5,2014,1,0,2014-05-20,0,0.7455252930266895
2014-05-20 18:00:00,15024.0,297.58,29.0,18,20,5,2014,1,0,2014-05-20,0,0.682364180146488
2014-05-21 17:00:00,16495.0,295.03,39.0,17,21,5,2014,2,0,2014-05-21,1,0.8061379216060025
2014-05-21 18:00:00,16420.0,295.31,42.0,18,21,5,2014,2,0,2014-05-21,0,0.7736217199569363
2014-05-22 17:00:00,16375.0,290.76,88.0,17,22,5,2014,3,0,2014-05-22,1,0.7287420065068438
2014-05-22 18:00:00,16167.0,290.53,88.0,18,22,5,2014,3,0,2014-05-22,0,0.6895263513907411
2014-05-23 16:00:00,14678.0,290.87,80.0,16,23,5,2014,4,0,2014-05-23,1,0.7530579300997252
2014-05-23 15:00:00,14678.0,289.44,84.0,15,23,5,2014,4,0,2014-05-23,1,0.7433573519792334
2014-05-24 20:00:00,12993.0,292.13,67.0,20,24,5,2014,5,1,2014-05-24,0,0.6744915195733435
2014-05-24 18:00:00,13320.0,292.82,76.0,18,24,5,2014,5,1,2014-05-24,1,0.6434168038452556
2014-05-25 19:00:00,14018.0,299.25,28.0,19,25,5,2014,6,1,2014-05-25,1,0.5978689017885328
2014-05-25 18:00:00,13953.0,298.85,29.0,18,25,5,2014,6,1,2014-05-25,0,0.34466543882109
2014-05-26 18:00:00,15963.0,302.58,27.0,18,26,5,2014,0,0,2014-05-26,1,0.8243337050249557
2014-05-26 17:00:00,15683.0,301.82,26.0,17,26,5,2014,0,0,2014-05-26,0,0.624708457373206
2014-05-27 18:00:00,18476.0,302.11,35.0,18,27,5,2014,1,0,2014-05-27,0,0.8210018679652202
2014-05-27 17:00:00,18684.0,302.78,35.0,17,27,5,2014,1,0,2014-05-27,1,0.8073605091251963
2014-05-28 16:00:00,18602.0,286.66,82.0,16,28,5,2014,2,0,2014-05-28,1,0.741980254854566
2014-05-28 15:00:00,18520.0,286.83,82.0,15,28,5,2014,2,0,2014-05-28,0,0.6838615480965777
2014-05-29 17:00:00,17394.0,290.29,55.0,17,29,5,2014,3,0,2014-05-29,1,0.7512745868804127
2014-05-29 18:00:00,17259.0,291.02,55.0,18,29,5,2014,3,0,2014-05-29,0,0.7451624692947705
2014-05-30 17:00:00,17242.0,295.12,46.0,17,30,5,2014,4,0,2014-05-30,1,0.8018861523009191
2014-05-30 18:00:00,17221.0,295.8,43.0,18,30,5,2014,4,0,2014-05-30,0,0.7870654400662564
2014-05-31 18:00:00,16352.0,294.78,35.0,18,31,5,2014,5,1,2014-05-31,1,0.7772148210747111
2014-05-31 17:00:00,16344.0,294.57,35.0,17,31,5,2014,5,1,2014-05-31,0,0.7209857729586973
2014-06-01 18:00:00,16771.0,297.13,42.0,18,1,6,2014,6,1,2014-06-01,0,0.8043356554672733
2014-06-01 17:00:00,16415.0,296.4,54.0,17,1,6,2014,6,1,2014-06-01,0,0.7389837880892539
2014-06-02 17:00:00,18267.0,298.44,44.0,17,2,6,2014,0,0,2014-06-02,1,0.8620205186974972
2014-06-02 18:00:00,18261.0,299.4,42.0,18,2,6,2014,0,0,2014-06-02,0,0.8221788408059822
2014-06-03 17:00:00,18829.0,302.5,59.0,17,3,6,2014,1,0,2014-06-03,0,0.8333829346816127
2014-06-03 18:00:00,18872.0,303.0,55.0,18,3,6,2014,1,0,2014-06-03,1,0.815172955661467
2014-06-04 17:00:00,16420.0,298.66,56.0,17,4,6,2014,2,0,2014-06-04,0,0.780119453915443
2014-06-04 18:00:00,16431.0,299.63,64.0,18,4,6,2014,2,0,2014-06-04,0,0.7291164260121086
2014-06-05 16:00:00,16109.0,290.32,99.0,16,5,6,2014,3,0,2014-06-05,1,0.6743715836380477
2014-06-05 17:00:00,16085.0,291.24,78.0,17,5,6,2014,3,0,2014-06-05,0,0.6701510048357426
2014-06-06 18:00:00,16565.0,295.6,51.0,18,6,6,2014,4,0,2014-06-06,1,0.7699403793300605
2014-06-06 17:00:00,16441.0,294.63,53.0,17,6,6,2014,4,0,2014-06-06,0,0.7512491991713233
2014-06-07 18:00:00,16066.0,299.85,53.0,18,7,6,2014,5,1,2014-06-07,1,0.734224723209626
2014-06-07 17:00:00,15890.0,298.88,49.0,17,7,6,2014,5,1,2014-06-07,0,0.7319350605672976
2014-06-08 18:00:00,14619.0,302.07,53.0,18,8,6,2014,6,1,2014-06-08,1,0.5478158944850645
2014-06-08 17:00:00,14565.0,301.96,46.0,17,8,6,2014,6,1,2014-06-08,0,0.5062676157278847
2014-06-09 17:00:00,16571.0,291.67,95.0,17,9,6,2014,0,0,2014-06-09,1,0.7059725007873336
2014-06-09 18:00:00,16531.0,292.11,93.0,18,9,6,2014,0,0,2014-06-09,0,0.6501361982809964
2014-06-10 17:00:00,17297.0,295.65,90.0,17,10,6,2014,1,0,2014-06-10,1,0.7542658366341527
2014-06-10 18:00:00,17245.0,295.88,90.0,18,10,6,2014,1,0,2014-06-10,0,0.6566195535251842
2014-06-11 17:00:00,17211.0,291.77,95.0,17,11,6,2014,2,0,2014-06-11,1,0.7389570201255719
2014-06-11 16:00:00,17112.0,290.57,80.0,16,11,6,2014,2,0,2014-06-11,0,0.6387388775460141
2014-06-12 16:00:00,17151.0,290.49,88.0,16,12,6,2014,3,0,2014-06-12,1,0.7193407107010779
2014-06-12 17:00:00,17146.0,291.03,79.0,17,12,6,2014,3,0,2014-06-12,0,0.706412705352803
2014-06-13 18:00:00,15988.0,297.03,71.0,18,13,6,2014,4,0,2014-06-13,0,0.6820702091903932
2014-06-13 17:00:00,16159.0,295.04,82.0,17,13,6,2014,4,0,2014-06-13,0,0.5591391871983302
2014-06-14 18:00:00,14606.0,296.36,59.0,18,14,6,2014,5,1,2014-06-14,1,0.7229047362484051
2014-06-14 21:00:00,13706.0,294.41,55.0,21,14,6,2014,5,1,2014-06-14,0,0.552283367502119
2014-06-15 18:00:00,16021.0,297.73,39.0,18,15,6,2014,6,1,2014-06-15,0,0.7789386505518836
2014-06-15 17:00:00,15624.0,296.64,47.0,17,15,6,2014,6,1,2014-06-15,0,0.7405076736050995
2014-06-16 17:00:00,19660.0,299.26,53.0,17,16,6,2014,0,0,2014-06-16,0,0.8376871360933055
2014-06-16 18:00:00,19731.0,299.74,41.0,18,16,6,2014,0,0,2014-06-16,0,0.8312475609879315
2014-06-17 17:00:00,21212.0,303.21,61.0,17,17,6,2014,1,0,2014-06-17,1,0.9042050767654816
2014-06-17 16:00:00,21114.0,302.43,66.0,16,17,6,2014,1,0,2014-06-17,0,0.8316351142064421
2014-06-18 17:00:00,20913.0,303.44,48.0,17,18,6,2014,2,0,2014-06-18,0,0.858763114286714
2014-06-18 16:00:00,21089.0,303.11,60.0,16,18,6,2014,2,0,2014-06-18,1,0.8220667377611309
2014-06-19 16:00:00,19235.0,295.11,77.0,16,19,6,2014,3,0,2014-06-19,1,0.7700138135582649
2014-06-19 17:00:00,19225.0,295.67,74.0,17,19,6,2014,3,0,2014-06-19,0,0.6983431201351804
2014-06-20 17:00:00,18358.0,298.37,33.0,17,20,6,2014,4,0,2014-06-20,0,0.7768237112906111
2014-06-20 18:00:00,17811.0,298.95,29.0,18,20,6,2014,4,0,2014-06-20,0,0.7145888485884434
2014-06-21 18:00:00,16742.0,296.89,44.0,18,21,6,2014,5,1,2014-06-21,1,0.8104106061623306
2014-06-21 17:00:00,16700.0,296.53,44.0,17,21,6,2014,5,1,2014-06-21,0,0.7750167375833209
2014-06-22 18:00:00,17444.0,298.54,46.0,18,22,6,2014,6,1,2014-06-22,1,0.8110660513120145
2014-06-22 17:00:00,17147.0,297.76,59.0,17,22,6,2014,6,1,2014-06-22,0,0.6881926838894481
2014-06-23 17:00:00,20489.0,300.47,63.0,17,23,6,2014,0,0,2014-06-23,1,0.8998253646013477
2014-06-23 15:00:00,20241.0,298.6,62.0,15,23,6,2014,0,0,2014-06-23,0,0.8210096045903853
2014-06-24 17:00:00,19947.0,299.54,56.0,17,24,6,2014,1,0,2014-06-24,0,0.8688394205488076
2014-06-24 18:00:00,19536.0,299.56,59.0,18,24,6,2014,1,0,2014-06-24,0,0.8438947709513633
2014-06-25 17:00:00,19255.0,300.96,63.0,17,25,6,2014,2,0,2014-06-25,1,0.8951140193532388
2014-06-25 16:00:00,19125.0,300.34,72.0,16,25,6,2014,2,0,2014-06-25,0,0.6782615461149258
2014-06-26 17:00:00,19818.0,301.14,50.0,17,26,6,2014,3,0,2014-06-26,1,0.8816253085771943
2014-06-26 16:00:00,19625.0,300.17,67.0,16,26,6,2014,3,0,2014-06-26,0,0.7298184180073349
2014-06-27 17:00:00,20279.0,299.06,51.0,17,27,6,2014,4,0,2014-06-27,1,0.8984848971042123
2014-06-27 18:00:00,20186.0,300.09,48.0,18,27,6,2014,4,0,2014-06-27,0,0.8192201198676388
2014-06-28 18:00:00,17784.0,302.33,28.0,18,28,6,2014,5,1,2014-06-28,0,0.8547606269660498
2014-06-28 17:00:00,17979.0,301.31,32.0,17,28,6,2014,5,1,2014-06-28,0,0.7984891130160687
2014-06-29 18:00:00,18002.0,301.3,48.0,18,29,6,2014,6,1,2014-06-29,0,0.8815497526185112
2014-06-29 17:00:00,18055.0,300.72,50.0,17,29,6,2014,6,1,2014-06-29,1,0.8677905990248748
2014-06-30 17:00:00,20198.0,301.26,50.0,17,30,6,2014,0,0,2014-06-30,1,0.9065023626075006
2014-06-30 18:00:00,20196.0,301.63,52.0,18,30,6,2014,0,0,2014-06-30,0,0.8742033524443835
2014-07-01 17:00:00,20860.0,303.63,59.0,17,1,7,2014,1,0,2014-07-01,0,0.870030383179992
2014-07-01 15:00:00,20302.0,301.55,61.0,15,1,7,2014,1,0,2014-07-01,0,0.8507059573563567
2014-07-02 17:00:00,20069.0,305.22,58.0,17,2,7,2014,2,0,2014-07-02,1,0.8718266052019018
2014-07-02 15:00:00,19878.0,302.29,62.0,15,2,7,2014,2,0,2014-07-02,0,0.8309371640863062
2014-07-03 17:00:00,16478.0,302.92,65.0,17,3,7,2014,3,0,2014-07-03,0,0.711035901152292
2014-07-03 15:00:00,16776.0,300.26,73.0,15,3,7,2014,3,0,2014-07-03,1,0.6374727339793531
2014-07-04 18:00:00,14195.0,294.6,85.0,18,4,7,2014,4,0,2014-07-04,1,0.5369215031871549
2014-07-04 17:00:00,14135.0,295.61,83.0,17,4,7,2014,4,0,2014-07-04,0,0.15336694135831533
2014-07-05 18:00:00,14860.0,298.34,32.0,18,5,7,2014,5,1,2014-07-05,1,0.7895522037919043
2014-07-05 17:00:00,14596.0,297.73,34.0,17,5,7,2014,5,1,2014-07-05,0,0.5852932566851312
2014-07-06 18:00:00,15543.0,302.14,33.0,18,6,7,2014,6,1,2014-07-06,0,0.6078047585207902
2014-07-06 17:00:00,15270.0,301.94,35.0,17,6,7,2014,6,1,2014-07-06,0,0.5767215221468153
2014-07-07 17:00:00,19368.0,303.73,40.0,17,7,7,2014,0,0,2014-07-07,1,0.8603311548680606
2014-07-07 16:00:00,19305.0,303.54,45.0,16,7,7,2014,0,0,2014-07-07,0,0.7726072932047601
2014-07-08 17:00:00,19331.0,305.74,43.0,17,8,7,2014,1,0,2014-07-08,1,0.8456556074031168
2014-07-08 16:00:00,19117.0,304.94,43.0,16,8,7,2014,1,0,2014-07-08,0,0.6560333848137688
2014-07-09 17:00:00,18430.0,302.73,38.0,17,9,7,2014,2,0,2014-07-09,1,0.8361445413919474
2014-07-09 15:00:00,18354.0,301.14,48.0,15,9,7,2014,2,0,2014-07-09,0,0.6908918072226357
2014-07-10 18:00:00,18631.0,300.15,51.0,18,10,7,2014,3,0,2014-07-10,1,0.861135993012991
2014-07-10 17:00:00,18557.0,299.16,54.0,17,10,7,2014,3,0,2014-07-10,0,0.8523074642392626
2014-07-11 18:00:00,19222.0,301.54,35.0,18,11,7,2014,4,0,2014-07-11,1,0.8663851587821584
2014-07-11 17:00:00,19183.0,301.54,35.0,17,11,7,2014,4,0,2014-07-11,0,0.86500741116845
2014-07-12 17:00:00,18478.0,302.34,48.0,17,12,7,2014,5,1,2014-07-12,1,0.8865198670583684
2014-07-12 18:00:00,18408.0,302.4,54.0,18,12,7,2014,5,1,2014-07-12,0,0.8392140927703368
2014-07-13 18:00:00,18906.0,300.95,65.0,18,13,7,2014,6,1,2014-07-13,1,0.8656877139704597
2014-07-13 17:00:00,18799.0,300.74,65.0,17,13,7,2014,6,1,2014-07-13,0,0.8143838538177414
2014-07-14 18:00:00,19195.0,301.15,69.0,18,14,7,2014,0,0,2014-07-14,0,0.8144170468071047
2014-07-14 17:00:00,19540.0,300.15,69.0,17,14,7,2014,0,0,2014-07-14,0,0.7941809759069351
2014-07-15 17:00:00,17116.0,301.63,66.0,17,15,7,2014,1,0,2014-07-15,1,0.7903911213051379
2014-07-15 18:00:00,17041.0,301.72,66.0,18,15,7,2014,1,0,2014-07-15,0,0.7532423851722883
2014-07-16 17:00:00,15896.0,297.72,50.0,17,16,7,2014,2,0,2014-07-16,1,0.7974495758189231
2014-07-16 18:00:00,15811.0,299.06,44.0,18,16,7,2014,2,0,2014-07-16,0,0.7841832185767736
2014-07-17 17:00:00,16337.0,298.87,47.0,17,17,7,2014,3,0,2014-07-17,0,0.8439507391447245
2014-07-17 18:00:00,16379.0,299.2,47.0,18,17,7,2014,3,0,2014-07-17,1,0.8331892461664012
2014-07-18 17:00:00,15647.0,299.5,39.0,17,18,7,2014,4,0,2014-07-18,0,0.7312768355843903
2014-07-18 15:00:00,15879.0,297.66,34.0,15,18,7,2014,4,0,2014-07-18,1,0.6686228328030275
2014-07-19 18:00:00,14035.0,297.77,50.0,18,19,7,2014,5,1,2014-07-19,1,0.6665938727693714
2014-07-19 21:00:00,13755.0,297.49,50.0,21,19,7,2014,5,1,2014-07-19,0,0.3406222148424488
2014-07-20 18:00:00,15923.0,297.98,64.0,18,20,7,2014,6,1,2014-07-20,0,0.6971917344663945
2014-07-20 17:00:00,15577.0,297.69,54.0,17,20,7,2014,6,1,2014-07-20,0,0.6451809599421432
2014-07-21 17:00:00,20225.0,300.47,48.0,17,21,7,2014,0,0,2014-07-21,1,0.8792900712727381
2014-07-21 18:00:00,20221.0,301.17,45.0,18,21,7,2014,0,0,2014-07-21,0,0.8485706019057281
2014-07-22 17:00:00,21411.0,302.6,51.0,17,22,7,2014,1,0,2014-07-22,1,0.9292937260420531
2014-07-22 15:00:00,21185.0,301.13,61.0,15,22,7,2014,1,0,2014-07-22,0,0.8560319962879906
2014-07-23 17:00:00,19246.0,303.82,58.0,17,23,7,2014,2,0,2014-07-23,1,0.8700268375810326
2014-07-23 15:00:00,19176.0,301.61,66.0,15,23,7,2014,2,0,2014-07-23,0,0.8222640377753097
2014-07-24 18:00:00,16704.0,298.47,53.0,18,24,7,2014,3,0,2014-07-24,0,0.7679928772969654
2014-07-24 17:00:00,16778.0,297.483426295,63.0,17,24,7,2014,3,0,2014-07-24,0,0.6969045525063702
2014-07-25 17:00:00,17090.0,299.63,36.0,17,25,7,2014,4,0,2014-07-25,1,0.8508079180541255
2014-07-25 18:00:00,16941.0,300.34,36.0,18,25,7,2014,4,0,2014-07-25,0,0.8214246454578809
2014-07-26 17:00:00,17360.0,298.48,61.0,17,26,7,2014,5,1,2014-07-26,1,0.8149519329846684
2014-07-26 18:00:00,17153.0,299.42,54.0,18,26,7,2014,5,1,2014-07-26,0,0.7858105313280009
2014-07-27 17:00:00,16145.0,300.9,65.0,17,27,7,2014,6,1,2014-07-27,1,0.8333354845614932
2014-07-27 18:00:00,16040.0,301.75,62.0,18,27,7,2014,6,1,2014-07-27,0,0.7622451543172027
2014-07-28 17:00:00,15935.0,300.35,51.0,17,28,7,2014,0,0,2014-07-28,0,0.7672708067577528
2014-07-28 18:00:00,15859.0,300.73,48.0,18,28,7,2014,0,0,2014-07-28,0,0.6996114195061337
2014-07-29 17:00:00,15519.0,296.31,44.0,17,29,7,2014,1,0,2014-07-29,1,0.7762001103183599
2014-07-29 18:00:00,15475.0,296.8,41.0,18,29,7,2014,1,0,2014-07-29,0,0.7666139115799375
2014-07-30 17:00:00,16229.0,298.18,34.0,17,30,7,2014,2,0,2014-07-30,1,0.8599331149333043
2014-07-30 18:00:00,16215.0,298.57,30.0,18,30,7,2014,2,0,2014-07-30,0,0.7223726931512524
2014-07-31 18:00:00,17615.0,300.27,44.0,18,31,7,2014,3,0,2014-07-31,0,0.8504495483602219
2014-07-31 17:00:00,17622.0,299.82,45.0,17,31,7,2014,3,0,2014-07-31,1,0.8502531942858563
2014-08-01 17:00:00,17433.0,300.77,51.0,17,1,8,2014,4,0,2014-08-01,0,0.8439817640141587
2014-08-01 18:00:00,17460.0,299.77,58.0,18,1,8,2014,4,0,2014-08-01,0,0.8043824895299054
2014-08-02 18:00:00,15076.0,295.75,61.0,18,2,8,2014,5,1,2014-08-02,1,0.7241206265628832
2014-08-02 17:00:00,15065.0,293.566283667,88.0,17,2,8,2014,5,1,2014-08-02,0,0.5339809722722226
2014-08-03 18:00:00,16358.0,296.82,64.0,18,3,8,2014,6,1,2014-08-03,1,0.7291947437126939
2014-08-03 17:00:00,16065.0,296.15,64.0,17,3,8,2014,6,1,2014-08-03,0,0.6848928533715948
2014-08-04 17:00:00,19514.0,300.41,54.0,17,4,8,2014,0,0,2014-08-04,0,0.89891974246585
2014-08-04 18:00:00,19627.0,300.63,51.0,18,4,8,2014,0,0,2014-08-04,1,0.8821936312143976
2014-08-05 17:00:00,19037.0,302.91,45.0,17,5,8,2014,1,0,2014-08-05,0,0.8176368013884249
2014-08-05 18:00:00,18926.0,303.2,40.0,18,5,8,2014,1,0,2014-08-05,0,0.7127858637215436
2014-08-06 17:00:00,18580.0,298.91,50.0,17,6,8,2014,2,0,2014-08-06,0,0.8675333234687682
2014-08-06 18:00:00,18345.0,299.83,54.0,18,6,8,2014,2,0,2014-08-06,0,0.8224044705682343
2014-08-07 17:00:00,18390.0,299.88,37.0,17,7,8,2014,3,0,2014-08-07,1,0.8770928421352003
2014-08-07 18:00:00,18254.0,300.18,37.0,18,7,8,2014,3,0,2014-08-07,0,0.8413586422878983
2014-08-08 17:00:00,17196.0,299.11,34.0,17,8,8,2014,4,0,2014-08-08,1,0.8557368999620089
2014-08-08 18:00:00,17071.0,299.67,34.0,18,8,8,2014,4,0,2014-08-08,0,0.8172838161136794
2014-08-09 17:00:00,16626.0,300.3,37.0,17,9,8,2014,5,1,2014-08-09,1,0.877028669021652
2014-08-09 18:00:00,16539.0,300.98,32.0,18,9,8,2014,5,1,2014-08-09,0,0.8543674912141127
2014-08-10 18:00:00,17187.0,302.19,29.0,18,10,8,2014,6,1,2014-08-10,1,0.8575034013337326
2014-08-10 17:00:00,17121.0,301.92,35.0,17,10,8,2014,6,1,2014-08-10,0,0.8128906810505613
2014-08-11 18:00:00,17670.0,302.247,36.0,18,11,8,2014,0,0,2014-08-11,0,0.8252851570720915
2014-08-11 17:00:00,17871.0,301.48,32.0,17,11,8,2014,0,0,2014-08-11,0,0.805946633242304
2014-08-12 17:00:00,17822.0,298.39,65.0,17,12,8,2014,1,0,2014-08-12,0,0.7899248826286319
2014-08-12 18:00:00,17624.0,298.73,69.0,18,12,8,2014,1,0,2014-08-12,0,0.6850237788983038
2014-08-13 18:00:00,16587.0,298.61,61.0,18,13,8,2014,2,0,2014-08-13,1,0.8163395742545042
2014-08-13 17:00:00,16570.0,297.69,65.0,17,13,8,2014,2,0,2014-08-13,0,0.7062243382476275
2014-08-14 18:00:00,16450.0,296.6,36.0,18,14,8,2014,3,0,2014-08-14,0,0.7744710419481031
2014-08-14 17:00:00,16498.0,295.56,41.0,17,14,8,2014,3,0,2014-08-14,1,0.7651956121907236
2014-08-15 18:00:00,16139.0,296.19996653,43.0,18,15,8,2014,4,0,2014-08-15,0,0.7827824628497672
2014-08-15 17:00:00,16212.0,294.52,40.0,17,15,8,2014,4,0,2014-08-15,1,0.7780835275168562
2014-08-16 17:00:00,15067.0,297.1932695,56.0,17,16,8,2014,5,1,2014-08-16,1,0.7315659489292565
2014-08-16 18:00:00,15045.0,297.345745491,45.0,18,16,8,2014,5,1,2014-08-16,0,0.7288339272786257
2014-08-17 18:00:00,16388.0,299.43031201,58.0,18,17,8,2014,6,1,2014-08-17,1,0.7585410465244636
2014-08-17 17:00:00,16360.0,299.462,59.0,17,17,8,2014,6,1,2014-08-17,0,0.709778822625971
2014-08-18 18:00:00,18855.0,297.890388788,57.0,18,18,8,2014,0,0,2014-08-18,1,0.8550862221896325
2014-08-18 17:00:00,18703.0,297.175666667,66.0,17,18,8,2014,0,0,2014-08-18,0,0.7741248077129849
2014-08-19 17:00:00,20000.0,298.23,54.0,17,19,8,2014,1,0,2014-08-19,0,0.9009101830055076
2014-08-19 18:00:00,20091.0,299.41,54.0,18,19,8,2014,1,0,2014-08-19,1,0.8819096440292162
2014-08-20 17:00:00,20220.0,299.7,44.0,17,20,8,2014,2,0,2014-08-20,1,0.917578427541639
2014-08-20 18:00:00,20156.0,300.67,42.0,18,20,8,2014,2,0,2014-08-20,0,0.8476976946803227
2014-08-21 17:00:00,18221.0,298.85,57.0,17,21,8,2014,3,0,2014-08-21,0,0.8448937130118395
2014-08-21 18:00:00,18111.0,298.91,65.0,18,21,8,2014,3,0,2014-08-21,0,0.7779886350265025
2014-08-22 17:00:00,19282.0,295.11,69.0,17,22,8,2014,4,0,2014-08-22,1,0.7890900344088823
2014-08-22 18:00:00,19084.0,296.01,69.0,18,22,8,2014,4,0,2014-08-22,0,0.7342882927765229
2014-08-23 17:00:00,19029.0,294.28,68.0,17,23,8,2014,5,1,2014-08-23,1,0.7950976005309391
2014-08-23 18:00:00,18855.0,294.63,64.0,18,23,8,2014,5,1,2014-08-23,0,0.7629905191702345
2014-08-24 18:00:00,18350.0,298.64,47.0,18,24,8,2014,6,1,2014-08-24,1,0.9037928485613398
2014-08-24 17:00:00,18193.0,298.48,47.0,17,24,8,2014,6,1,2014-08-24,0,0.8100332827148935
2014-08-25 17:00:00,20629.0,300.92,42.0,17,25,8,2014,0,0,2014-08-25,1,0.9260616990910457
2014-08-25 18:00:00,20454.0,301.79,37.0,18,25,8,2014,0,0,2014-08-25,0,0.8282379244660275
2014-08-26 17:00:00,19929.0,301.33,51.0,17,26,8,2014,1,0,2014-08-26,0,0.9052250305642866
2014-08-26 18:00:00,20055.0,302.3,48.0,18,26,8,2014,1,0,2014-08-26,1,0.8804785303215023
2014-08-27 17:00:00,20844.0,302.71,43.0,17,27,8,2014,2,0,2014-08-27,1,0.9180014298090485
2014-08-27 16:00:00,20782.0,301.21,48.0,16,27,8,2014,2,0,2014-08-27,0,0.7724709440554919
2014-08-28 18:00:00,19241.0,298.54,39.0,18,28,8,2014,3,0,2014-08-28,0,0.8675134007051305
2014-08-28 17:00:00,19307.0,297.72,47.0,17,28,8,2014,3,0,2014-08-28,1,0.8511771088460365
2014-08-29 17:00:00,19182.0,296.71,38.0,17,29,8,2014,4,0,2014-08-29,1,0.7794040242626243
2014-08-29 18:00:00,19156.0,297.23,38.0,18,29,8,2014,4,0,2014-08-29,0,0.7591356527124422
2014-08-30 17:00:00,18709.0,297.5,53.0,17,30,8,2014,5,1,2014-08-30,1,0.8098191745494157
2014-08-30 18:00:00,18599.0,297.61,53.0,18,30,8,2014,5,1,2014-08-30,0,0.7351982800289159
2014-08-31 18:00:00,16538.0,303.52,46.0,18,31,8,2014,6,1,2014-08-31,1,0.7845300426085554
2014-08-31 17:00:00,16454.0,301.56,55.0,17,31,8,2014,6,1,2014-08-31,0,0.7626031516742908
2014-09-01 17:00:00,18357.0,302.06,55.0,17,1,9,2014,0,0,2014-09-01,0,0.8004567876432951
2014-09-01 18:00:00,18451.0,302.4,55.0,18,1,9,2014,0,0,2014-09-01,1,0.7586456899699913
2014-09-02 15:00:00,19274.0,301.84,66.0,15,2,9,2014,1,0,2014-09-02,1,0.83488368342137
2014-09-02 17:00:00,19079.0,304.13,49.0,17,2,9,2014,1,0,2014-09-02,0,0.7061704629335673
2014-09-03 17:00:00,19870.0,299.88,35.0,17,3,9,2014,2,0,2014-09-03,1,0.8982522794752841
2014-09-03 18:00:00,19842.0,300.82,35.0,18,3,9,2014,2,0,2014-09-03,0,0.7757036542275745
2014-09-04 17:00:00,20468.0,301.5,37.0,17,4,9,2014,3,0,2014-09-04,1,0.9146591611500483
2014-09-04 18:00:00,20237.0,302.2,37.0,18,4,9,2014,3,0,2014-09-04,0,0.7914518256336578
2014-09-05 17:00:00,21344.0,300.46,65.0,17,5,9,2014,4,0,2014-09-05,0,0.8738909655698203
2014-09-05 16:00:00,21361.0,299.66,65.0,16,5,9,2014,4,0,2014-09-05,1,0.8476249355855364
2014-09-06 17:00:00,16328.0,302.88,66.0,17,6,9,2014,5,1,2014-09-06,0,0.5873200130039556
2014-09-06 18:00:00,15963.0,304.12,62.0,18,6,9,2014,5,1,2014-09-06,0,0.5742585886960413
2014-09-07 18:00:00,14938.0,297.9,44.0,18,7,9,2014,6,1,2014-09-07,1,0.8073607969196764
2014-09-07 17:00:00,14782.0,297.28,53.0,17,7,9,2014,6,1,2014-09-07,0,0.639793675944958
2014-09-08 18:00:00,16613.0,296.61,56.0,18,8,9,2014,0,0,2014-09-08,1,0.7934218138205418
2014-09-08 17:00:00,16559.0,296.19,53.0,17,8,9,2014,0,0,2014-09-08,0,0.790595447532176
2014-09-09 18:00:00,17606.0,294.73,64.0,18,9,9,2014,1,0,2014-09-09,1,0.8131482460799278
2014-09-09 17:00:00,17546.0,294.0,73.0,17,9,9,2014,1,0,2014-09-09,0,0.6956166188399002
2014-09-10 18:00:00,17627.0,296.93,50.0,18,10,9,2014,2,0,2014-09-10,0,0.7946264533414105
2014-09-10 17:00:00,17677.0,296.37,56.0,17,10,9,2014,2,0,2014-09-10,0,0.7901594367961313
2014-09-11 17:00:00,16147.0,297.82,65.0,17,11,9,2014,3,0,2014-09-11,1,0.8173223534066753
2014-09-11 18:00:00,15869.0,298.37,65.0,18,11,9,2014,3,0,2014-09-11,0,0.6865526322312637
2014-09-12 14:00:00,14548.0,290.88,55.0,14,12,9,2014,4,0,2014-09-12,1,0.48227931957326253
2014-09-12 15:00:00,14501.0,291.87,59.0,15,12,9,2014,4,0,2014-09-12,0,0.39604878699792123
2014-09-13 21:00:00,12995.0,290.23,82.0,21,13,9,2014,5,1,2014-09-13,1,0.7456614230592699
2014-09-13 20:00:00,12677.0,290.31,93.0,20,13,9,2014,5,1,2014-09-13,0,0.25756409128617863
2014-09-14 21:00:00,13401.0,293.211683029,35.0,21,14,9,2014,6,1,2014-09-14,1,0.8558794127316355
2014-09-14 20:00:00,12869.0,293.39,35.0,20,14,9,2014,6,1,2014-09-14,0,0.36836635959554437
2014-09-15 21:00:00,15181.0,294.14,35.0,21,15,9,2014,0,0,2014-09-15,1,0.8069283954571127
2014-09-15 20:00:00,15003.0,294.28,35.0,20,15,9,2014,0,0,2014-09-15,0,0.7626212079788413
2014-09-16 21:00:00,14881.0,292.79,49.0,21,16,9,2014,1,0,2014-09-16,1,0.7927652040925592
2014-09-16 20:00:00,14433.0,293.06,64.0,20,16,9,2014,1,0,2014-09-16,0,0.4973928072377629
2014-09-17 21:00:00,14958.0,294.47,33.0,21,17,9,2014,2,0,2014-09-17,1,0.7983745104559636
2014-09-17 17:00:00,14719.0,293.74,35.0,17,17,9,2014,2,0,2014-09-17,0,0.6643411840160828
2014-09-18 21:00:00,15153.0,296.06,33.0,21,18,9,2014,3,0,2014-09-18,1,0.7813564307827933
2014-09-18 17:00:00,14927.0,295.2,38.0,17,18,9,2014,3,0,2014-09-18,0,0.7364396654538719
2014-09-19 18:00:00,14728.0,290.52,51.0,18,19,9,2014,4,0,2014-09-19,0,0.6052077851656761
2014-09-19 21:00:00,14399.0,290.9,55.0,21,19,9,2014,4,0,2014-09-19,0,0.5476743597653977
2014-09-20 18:00:00,14716.0,296.03,64.0,18,20,9,2014,5,1,2014-09-20,1,0.7243310191341703
2014-09-20 17:00:00,14683.0,295.4,60.0,17,20,9,2014,5,1,2014-09-20,0,0.601673669655325
2014-09-21 18:00:00,14307.0,296.23,83.0,18,21,9,2014,6,1,2014-09-21,0,0.279576358730206
2014-09-21 21:00:00,14230.0,297.05,73.0,21,21,9,2014,6,1,2014-09-21,0,0.2461012714164457
2014-09-22 21:00:00,14793.0,292.47,43.0,21,22,9,2014,0,0,2014-09-22,1,0.798481820926046
2014-09-22 20:00:00,14417.0,292.98,43.0,20,22,9,2014,0,0,2014-09-22,0,0.4583539565863376
2014-09-23 21:00:00,14924.0,294.84,33.0,21,23,9,2014,1,0,2014-09-23,1,0.7940366418220235
2014-09-23 20:00:00,14659.0,294.5,33.0,20,23,9,2014,1,0,2014-09-23,0,0.6636151119398696
2014-09-24 21:00:00,14995.0,294.11,43.0,21,24,9,2014,2,0,2014-09-24,1,0.8097604883966831
2014-09-24 20:00:00,14807.0,294.33,46.0,20,24,9,2014,2,0,2014-09-24,0,0.7493915368239874
2014-09-25 21:00:00,15610.0,289.93,77.0,21,25,9,2014,3,0,2014-09-25,1,0.7066425506968497
2014-09-25 20:00:00,15436.0,289.44,82.0,20,25,9,2014,3,0,2014-09-25,0,0.5477868002657339
2014-09-26 17:00:00,15734.0,295.31,43.0,17,26,9,2014,4,0,2014-09-26,1,0.8304949681844086
2014-09-26 18:00:00,15662.0,296.3,46.0,18,26,9,2014,4,0,2014-09-26,0,0.7769086169918968
2014-09-27 18:00:00,14394.0,299.68,39.0,18,27,9,2014,5,1,2014-09-27,1,0.48439677711838053
2014-09-27 17:00:00,14328.0,299.67,39.0,17,27,9,2014,5,1,2014-09-27,0,0.35114048792398916
2014-09-28 21:00:00,14593.0,301.59,37.0,21,28,9,2014,6,1,2014-09-28,1,0.616971139694105
2014-09-28 18:00:00,14188.0,300.74,42.0,18,28,9,2014,6,1,2014-09-28,0,0.3258558161511346
2014-09-29 17:00:00,16336.0,297.87,53.0,17,29,9,2014,0,0,2014-09-29,1,0.8420005012463535
2014-09-29 18:00:00,16194.0,297.86,53.0,18,29,9,2014,0,0,2014-09-29,0,0.7939811346993606
2014-09-30 17:00:00,15268.0,294.52,60.0,17,30,9,2014,1,0,2014-09-30,1,0.7981807675532732
2014-09-30 21:00:00,15155.0,293.3,68.0,21,30,9,2014,1,0,2014-09-30,0,0.7581172058065289
2014-10-01 21:00:00,15002.0,291.18,88.0,21,1,10,2014,2,0,2014-10-01,1,0.7536972245960953
2014-10-01 20:00:00,14885.0,291.1,77.0,20,1,10,2014,2,0,2014-10-01,0,0.7418611094199088
2014-10-02 17:00:00,16026.0,291.54,63.0,17,2,10,2014,3,0,2014-10-02,1,0.7890332502803709
2014-10-02 20:00:00,15991.0,293.2,60.0,20,2,10,2014,3,0,2014-10-02,0,0.7833088098710796
2014-10-03 14:00:00,14875.0,288.7,72.0,14,3,10,2014,4,0,2014-10-03,0,0.4569374693958984
2014-10-03 13:00:00,14988.0,287.19,82.0,13,3,10,2014,4,0,2014-10-03,1,0.4326198450018993
2014-10-04 21:00:00,13287.0,292.62,56.0,21,4,10,2014,5,1,2014-10-04,1,0.8706191300789069
2014-10-04 20:00:00,13203.0,292.94,68.0,20,4,10,2014,5,1,2014-10-04,0,0.7765127621793979
2014-10-05 21:00:00,13510.0,288.03,38.0,21,5,10,2014,6,1,2014-10-05,1,0.819895606829382
2014-10-05 20:00:00,13344.0,288.28,38.0,20,5,10,2014,6,1,2014-10-05,0,0.7343034350938049
2014-10-06 20:00:00,14884.0,293.75,43.0,20,6,10,2014,0,0,2014-10-06,1,0.8360859466313415
2014-10-06 21:00:00,14762.0,293.36,46.0,21,6,10,2014,0,0,2014-10-06,0,0.7770851596153416
2014-10-07 20:00:00,14851.0,294.36,52.0,20,7,10,2014,1,0,2014-10-07,1,0.8280088555325423
2014-10-07 21:00:00,14784.0,293.73,49.0,21,7,10,2014,1,0,2014-10-07,0,0.7586410887468663
2014-10-08 21:00:00,14329.0,294.93,37.0,21,8,10,2014,2,0,2014-10-08,1,0.6606901505211475
2014-10-08 20:00:00,14225.0,295.08,37.0,20,8,10,2014,2,0,2014-10-08,0,0.303746975789315
2014-10-09 21:00:00,14753.0,292.31,28.0,21,9,10,2014,3,0,2014-10-09,1,0.7054154067362347
2014-10-09 20:00:00,14722.0,292.27,28.0,20,9,10,2014,3,0,2014-10-09,0,0.6665857020899493
2014-10-10 11:00:00,14513.0,280.53,62.0,11,10,10,2014,4,0,2014-10-10,0,0.4458778698145122
2014-10-10 12:00:00,14530.0,281.09,62.0,12,10,10,2014,4,0,2014-10-10,1,0.43642098000749135
2014-10-11 21:00:00,13046.0,285.61,71.0,21,11,10,2014,5,1,2014-10-11,0,0.6773539982265047
2014-10-11 20:00:00,13066.0,285.6,71.0,20,11,10,2014,5,1,2014-10-11,0,0.6709595375227981
2014-10-12 20:00:00,13548.0,290.07,36.0,20,12,10,2014,6,1,2014-10-12,1,0.8101269787931347
2014-10-12 21:00:00,13514.0,289.93,29.0,21,12,10,2014,6,1,2014-10-12,0,0.7208307731923758
2014-10-13 20:00:00,15354.0,290.62,68.0,20,13,10,2014,0,0,2014-10-13,1,0.8262434617361905
2014-10-13 19:00:00,14716.0,290.66,63.0,19,13,10,2014,0,0,2014-10-13,0,0.7374858691036685
2014-10-14 20:00:00,15550.0,296.481990536,70.0,20,14,10,2014,1,0,2014-10-14,1,0.7903598279476418
2014-10-14 17:00:00,14795.0,296.67,64.0,17,14,10,2014,1,0,2014-10-14,0,0.6318668273330182
2014-10-15 20:00:00,14829.0,296.93,78.0,20,15,10,2014,2,0,2014-10-15,1,0.7331556609072234
2014-10-15 21:00:00,14680.0,296.47,78.0,21,15,10,2014,2,0,2014-10-15,0,0.5606801349137505
2014-10-16 20:00:00,14803.0,294.01,56.0,20,16,10,2014,3,0,2014-10-16,1,0.8041461746054516
2014-10-16 21:00:00,14737.0,294.1,56.0,21,16,10,2014,3,0,2014-10-16,0,0.7463410674516244
2014-10-17 20:00:00,14092.0,294.81,46.0,20,17,10,2014,4,0,2014-10-17,0,0.2820751744428762
2014-10-17 14:00:00,14287.0,289.02,67.0,14,17,10,2014,4,0,2014-10-17,0,0.24825212634634497
2014-10-18 20:00:00,13471.0,292.21,42.0,20,18,10,2014,5,1,2014-10-18,1,0.8505599935329723
2014-10-18 21:00:00,13464.0,291.75,42.0,21,18,10,2014,5,1,2014-10-18,0,0.8453073582561973
2014-10-19 21:00:00,13736.0,284.37,32.0,21,19,10,2014,6,1,2014-10-19,1,0.7667335349020493
2014-10-19 20:00:00,13722.0,284.66,32.0,20,19,10,2014,6,1,2014-10-19,0,0.6570771000842509
2014-10-20 08:00:00,15509.0,276.14,64.0,8,20,10,2014,0,0,2014-10-20,0,0.8121935896148176
2014-10-20 20:00:00,15534.0,288.08,38.0,20,20,10,2014,0,0,2014-10-20,1,0.7802019607990408
2014-10-21 20:00:00,15744.0,290.43,68.0,20,21,10,2014,1,0,2014-10-21,1,0.8101509209839063
2014-10-21 19:00:00,15222.0,291.05,63.0,19,21,10,2014,1,0,2014-10-21,0,0.7920186355657858
2014-10-22 20:00:00,15744.0,286.34,76.0,20,22,10,2014,2,0,2014-10-22,1,0.81048349990395
2014-10-22 19:00:00,15294.0,286.459356966,82.0,19,22,10,2014,2,0,2014-10-22,0,0.7403200265261134
2014-10-23 08:00:00,15450.0,284.74,76.0,8,23,10,2014,3,0,2014-10-23,1,0.7909086488582743
2014-10-23 20:00:00,15028.0,284.67,87.0,20,23,10,2014,3,0,2014-10-23,0,0.6823599046184359
2014-10-24 08:00:00,15817.0,283.62,71.0,8,24,10,2014,4,0,2014-10-24,1,0.8743672817754005
2014-10-24 09:00:00,15760.0,283.52,76.0,9,24,10,2014,4,0,2014-10-24,0,0.6063927603249073
2014-10-25 21:00:00,13000.0,292.16,42.0,21,25,10,2014,5,1,2014-10-25,0,0.8394158443919874
2014-10-25 20:00:00,13221.0,292.82,37.0,20,25,10,2014,5,1,2014-10-25,0,0.80757056060754
2014-10-26 21:00:00,13441.0,288.69,38.0,21,26,10,2014,6,1,2014-10-26,0,0.8034150329702981
2014-10-26 20:00:00,13539.0,289.16,36.0,20,26,10,2014,6,1,2014-10-26,1,0.7423947621575998
2014-10-27 08:00:00,15586.0,283.79,61.0,8,27,10,2014,0,0,2014-10-27,1,0.8836404733851468
2014-10-27 20:00:00,15186.0,290.39,34.0,20,27,10,2014,0,0,2014-10-27,0,0.7371726774314844
2014-10-28 20:00:00,14970.0,295.19,46.0,20,28,10,2014,1,0,2014-10-28,1,0.8330701511591481
2014-10-28 21:00:00,14550.0,294.01,52.0,21,28,10,2014,1,0,2014-10-28,0,0.6784254234252706
2014-10-29 20:00:00,15159.0,291.46,32.0,20,29,10,2014,2,0,2014-10-29,1,0.6872053524078808
2014-10-29 21:00:00,15020.0,288.31,42.0,21,29,10,2014,2,0,2014-10-29,0,0.675115030783284
2014-10-30 08:00:00,15868.0,279.93,87.0,8,30,10,2014,3,0,2014-10-30,1,0.8989219973106821
2014-10-30 20:00:00,15277.0,286.66,41.0,20,30,10,2014,3,0,2014-10-30,0,0.7415588755569692
2014-10-31 08:00:00,16082.0,276.59,75.0,8,31,10,2014,4,0,2014-10-31,1,0.8846314177092789
2014-10-31 20:00:00,15492.0,284.44,57.0,20,31,10,2014,4,0,2014-10-31,0,0.7363272722074876
2014-11-01 20:00:00,15418.0,281.39,75.0,20,1,11,2014,5,1,2014-11-01,1,0.7856008667115896
2014-11-01 19:00:00,15071.0,281.34,75.0,19,1,11,2014,5,1,2014-11-01,0,0.7316921420804189
2014-11-02 20:00:00,15193.0,281.91,36.0,20,2,11,2014,6,1,2014-11-02,1,0.718764337962353
2014-11-02 19:00:00,15154.0,281.39,36.0,19,2,11,2014,6,1,2014-11-02,0,0.6853199706112126
2014-11-03 08:00:00,17151.0,277.17,48.0,8,3,11,2014,0,0,2014-11-03,1,0.8840025153982758
2014-11-03 09:00:00,16894.0,276.88,59.0,9,3,11,2014,0,0,2014-11-03,0,0.6659174124005317
2014-11-04 08:00:00,15576.0,284.15,34.0,8,4,11,2014,1,0,2014-11-04,1,0.8030607009351395
2014-11-04 09:00:00,15545.0,284.37,34.0,9,4,11,2014,1,0,2014-11-04,0,0.6101270803658416
2014-11-05 19:00:00,15280.0,290.12,45.0,19,5,11,2014,2,0,2014-11-05,1,0.8152140565264887
2014-11-05 20:00:00,15238.0,289.75,40.0,20,5,11,2014,2,0,2014-11-05,0,0.744498591054093
2014-11-06 19:00:00,15882.0,282.76,93.0,19,6,11,2014,3,0,2014-11-06,1,0.8002259586321339
2014-11-06 20:00:00,15749.0,282.86,87.0,20,6,11,2014,3,0,2014-11-06,0,0.779845734362479
2014-11-07 08:00:00,15890.0,281.79,87.0,8,7,11,2014,4,0,2014-11-07,0,0.8624418573763585
2014-11-07 19:00:00,16184.0,283.610351105,56.0,19,7,11,2014,4,0,2014-11-07,1,0.7873457659592414
2014-11-08 09:00:00,15555.0,275.82,64.0,9,8,11,2014,5,1,2014-11-08,1,0.7962440903092244
2014-11-08 19:00:00,14778.0,279.965,87.0,19,8,11,2014,5,1,2014-11-08,0,0.553816859393799
2014-11-09 20:00:00,14666.0,286.51,49.0,20,9,11,2014,6,1,2014-11-09,0,0.6808974291823556
2014-11-09 21:00:00,14693.0,285.94,33.0,21,9,11,2014,6,1,2014-11-09,1,0.6490693091243529
2014-11-10 08:00:00,16587.0,275.81,75.0,8,10,11,2014,0,0,2014-11-10,1,0.8685156141776534
2014-11-10 20:00:00,15590.0,287.664375065,45.0,20,10,11,2014,0,0,2014-11-10,0,0.7444158817000303
2014-11-11 08:00:00,15864.0,278.1,81.0,8,11,11,2014,1,0,2014-11-11,1,0.8562757460963121
2014-11-11 19:00:00,15268.0,289.97983445,72.0,19,11,11,2014,1,0,2014-11-11,0,0.7640022253724567
2014-11-12 20:00:00,16878.0,290.486777462,72.0,20,12,11,2014,2,0,2014-11-12,0,0.7605589347721434
2014-11-12 19:00:00,17081.0,291.26,72.0,19,12,11,2014,2,0,2014-11-12,1,0.7481530636089306
2014-11-13 08:00:00,16997.0,277.36582996,64.0,8,13,11,2014,3,0,2014-11-13,0,0.8486920902013907
2014-11-13 19:00:00,18167.0,281.146745445,65.0,19,13,11,2014,3,0,2014-11-13,0,0.7645370219756981
2014-11-14 08:00:00,18427.0,275.43,93.0,8,14,11,2014,4,0,2014-11-14,1,0.846541851689718
2014-11-14 20:00:00,18145.0,277.959045905,63.0,20,14,11,2014,4,0,2014-11-14,0,0.6831615027363677
2014-11-15 08:00:00,17702.0,271.367268938,63.0,8,15,11,2014,5,1,2014-11-15,1,0.769471472675395
2014-11-15 20:00:00,16647.0,277.514949977,59.0,20,15,11,2014,5,1,2014-11-15,0,0.7109836615418577
2014-11-16 19:00:00,16687.0,278.43,52.0,19,16,11,2014,6,1,2014-11-16,1,0.8233032501130302
2014-11-16 20:00:00,16593.0,278.453214711,52.0,20,16,11,2014,6,1,2014-11-16,0,0.778642652987096
2014-11-17 08:00:00,17061.0,276.684142857,83.0,8,17,11,2014,0,0,2014-11-17,0,0.8002615050623427
2014-11-17 19:00:00,19343.0,280.715837838,94.0,19,17,11,2014,0,0,2014-11-17,1,0.7862733730198347
2014-11-18 19:00:00,20783.0,272.626346869,26.0,19,18,11,2014,1,0,2014-11-18,1,0.7186629910150925
2014-11-18 20:00:00,20764.0,271.870173434,63.0,20,18,11,2014,1,0,2014-11-18,0,0.6335385195585549
2014-11-19 08:00:00,21181.0,267.79,38.0,8,19,11,2014,2,0,2014-11-19,1,0.9131457094095231
2014-11-19 19:00:00,18906.0,272.00789011,65.0,19,19,11,2014,2,0,2014-11-19,0,0.6707713487851739
2014-11-20 20:00:00,18709.0,279.773,79.0,20,20,11,2014,3,0,2014-11-20,1,0.810153963257028
2014-11-20 08:00:00,18539.0,271.651445844,54.0,8,20,11,2014,3,0,2014-11-20,0,0.8061847855971028
2014-11-21 08:00:00,19937.0,271.042367347,43.0,8,21,11,2014,4,0,2014-11-21,1,0.9081817721672135
2014-11-21 19:00:00,18456.0,275.173636763,67.0,19,21,11,2014,4,0,2014-11-21,0,0.7082931479227536
2014-11-22 09:00:00,17736.0,267.82,62.0,9,22,11,2014,5,1,2014-11-22,1,0.8042691532507298
2014-11-22 19:00:00,15910.0,277.5195288,61.0,19,22,11,2014,5,1,2014-11-22,0,0.6541861207378256
2014-11-23 19:00:00,15321.0,284.902825903,53.0,19,23,11,2014,6,1,2014-11-23,1,0.782393315253633
2014-11-23 20:00:00,15262.0,286.6,32.0,20,23,11,2014,6,1,2014-11-23,0,0.5651650723035284
2014-11-24 19:00:00,15741.0,292.896116248,65.0,19,24,11,2014,0,0,2014-11-24,1,0.8052822331664895
2014-11-24 20:00:00,15716.0,291.188058124,76.0,20,24,11,2014,0,0,2014-11-24,0,0.7776167016572677
2014-11-25 19:00:00,16864.0,284.031,69.0,19,25,11,2014,1,0,2014-11-25,0,0.7717750597802271
2014-11-25 20:00:00,16885.0,283.71,69.0,20,25,11,2014,1,0,2014-11-25,1,0.7694856080201771
2014-11-26 08:00:00,17078.0,279.939715543,61.0,8,26,11,2014,2,0,2014-11-26,0,0.8617224887894749
2014-11-26 09:00:00,17313.0,279.91,60.0,9,26,11,2014,2,0,2014-11-26,0,0.6222192772787863
2014-11-27 19:00:00,15032.0,276.452352357,90.0,19,27,11,2014,3,0,2014-11-27,0,0.48378809248165083
2014-11-27 20:00:00,15137.0,275.64,78.0,20,27,11,2014,3,0,2014-11-27,0,0.47031301863197333
2014-11-28 08:00:00,15584.0,271.720018789,89.0,8,28,11,2014,4,0,2014-11-28,0,0.670139594066888
2014-11-28 20:00:00,16447.0,274.18,40.0,20,28,11,2014,4,0,2014-11-28,1,0.6123182555549915
2014-11-29 09:00:00,15680.0,268.42341333,67.0,9,29,11,2014,5,1,2014-11-29,0,0.6797848967646957
2014-11-29 10:00:00,15688.0,268.03,62.0,10,29,11,2014,5,1,2014-11-29,1,0.5258168359142716
2014-11-30 19:00:00,14406.0,281.78,53.0,19,30,11,2014,6,1,2014-11-30,1,0.7240272545037051
2014-11-30 20:00:00,14314.0,282.166082336,61.0,20,30,11,2014,6,1,2014-11-30,0,0.5096813631975019
2014-12-01 19:00:00,17379.0,289.6,55.0,19,1,12,2014,0,0,2014-12-01,1,0.7900766974709849
2014-12-01 20:00:00,17312.0,287.46,55.0,20,1,12,2014,0,0,2014-12-01,0,0.7415553469572145
2014-12-02 19:00:00,18114.0,275.53,96.0,19,2,12,2014,1,0,2014-12-02,1,0.7305322250411266
2014-12-02 08:00:00,17601.0,276.31,48.0,8,2,12,2014,1,0,2014-12-02,0,0.6283070328463658
2014-12-03 20:00:00,17656.0,280.05,93.0,20,3,12,2014,2,0,2014-12-03,1,0.8414146591465058
2014-12-03 19:00:00,17516.0,279.76328655,87.0,19,3,12,2014,2,0,2014-12-03,0,0.8052367018362422
2014-12-04 08:00:00,18058.0,275.31,64.0,8,4,12,2014,3,0,2014-12-04,0,0.6193733148024504
2014-12-04 19:00:00,18175.0,280.03,36.0,19,4,12,2014,3,0,2014-12-04,0,0.6067002867154897
2014-12-05 08:00:00,17149.0,272.82,71.0,8,5,12,2014,4,0,2014-12-05,1,0.7398388727970711
2014-12-05 19:00:00,16711.0,280.178466936,74.0,19,5,12,2014,4,0,2014-12-05,0,0.6852993033026961
2014-12-06 19:00:00,16169.0,280.38,93.0,19,6,12,2014,5,1,2014-12-06,1,0.825461232990103
2014-12-06 21:00:00,15907.0,280.16,93.0,21,6,12,2014,5,1,2014-12-06,0,0.5843714200584114
2014-12-07 20:00:00,16863.0,279.22,36.0,20,7,12,2014,6,1,2014-12-07,0,0.5749313950957622
2014-12-07 19:00:00,16700.0,278.13,30.0,19,7,12,2014,6,1,2014-12-07,0,0.4659900909046067
2014-12-08 19:00:00,18406.0,271.55,63.0,19,8,12,2014,0,0,2014-12-08,1,0.7525045543617063
2014-12-08 20:00:00,18387.0,272.09,63.0,20,8,12,2014,0,0,2014-12-08,0,0.6269425338052088
2014-12-09 19:00:00,18031.0,278.0,87.0,19,9,12,2014,1,0,2014-12-09,1,0.689039019058555
2014-12-09 08:00:00,17592.0,275.21,86.0,8,9,12,2014,1,0,2014-12-09,0,0.6886868346366148
2014-12-10 19:00:00,19154.0,274.83,80.0,19,10,12,2014,2,0,2014-12-10,1,0.67460193901479
2014-12-10 08:00:00,17926.0,277.72,75.0,8,10,12,2014,2,0,2014-12-10,0,0.6058117948153048
2014-12-11 08:00:00,19124.0,272.67,86.0,8,11,12,2014,3,0,2014-12-11,1,0.7932217209994716
2014-12-11 19:00:00,18773.0,275.0,64.0,19,11,12,2014,3,0,2014-12-11,0,0.7059454322912297
2014-12-12 08:00:00,19330.0,273.52,59.0,8,12,12,2014,4,0,2014-12-12,1,0.8955151342572951
2014-12-12 19:00:00,17887.0,275.72,67.0,19,12,12,2014,4,0,2014-12-12,0,0.7231681484513947
2014-12-13 09:00:00,16840.0,274.97,69.0,9,13,12,2014,5,1,2014-12-13,0,0.8339896175121031
2014-12-13 19:00:00,16519.0,279.03,48.0,19,13,12,2014,5,1,2014-12-13,0,0.743279592325578
2014-12-14 19:00:00,16498.0,280.12,56.0,19,14,12,2014,6,1,2014-12-14,1,0.8084282307174331
2014-12-14 20:00:00,16481.0,280.45,52.0,20,14,12,2014,6,1,2014-12-14,0,0.759352252860721
2014-12-15 08:00:00,17492.0,274.48,74.0,8,15,12,2014,0,0,2014-12-15,1,0.7987081609916347
2014-12-15 19:00:00,17183.0,281.69,49.0,19,15,12,2014,0,0,2014-12-15,0,0.7572297864491984
2014-12-16 19:00:00,17438.0,281.28,75.0,19,16,12,2014,1,0,2014-12-16,1,0.8262131542447512
2014-12-16 20:00:00,17393.0,281.2,75.0,20,16,12,2014,1,0,2014-12-16,0,0.7737586044073764
2014-12-17 19:00:00,18412.0,283.8,57.0,19,17,12,2014,2,0,2014-12-17,1,0.8080515941988742
2014-12-17 20:00:00,18336.0,283.29,57.0,20,17,12,2014,2,0,2014-12-17,0,0.7119785851509451
2014-12-18 19:00:00,18831.0,277.91,45.0,19,18,12,2014,3,0,2014-12-18,1,0.7992391828065267
2014-12-18 20:00:00,18692.0,277.92,45.0,20,18,12,2014,3,0,2014-12-18,0,0.749026822088212
2014-12-19 19:00:00,18241.0,275.56,48.0,19,19,12,2014,4,0,2014-12-19,0,0.7162669112159066
2014-12-19 08:00:00,18623.0,275.54,64.0,8,19,12,2014,4,0,2014-12-19,1,0.6836959241627426
2014-12-20 19:00:00,17328.0,273.23,66.0,19,20,12,2014,5,1,2014-12-20,1,0.7098174477936587
2014-12-20 20:00:00,17202.0,273.39,59.0,20,20,12,2014,5,1,2014-12-20,0,0.5614243523091916
2014-12-21 19:00:00,16715.0,274.77,69.0,19,21,12,2014,6,1,2014-12-21,0,0.6134406263048175
2014-12-21 20:00:00,16882.0,275.09,69.0,20,21,12,2014,6,1,2014-12-21,0,0.5587850931973393
2014-12-22 08:00:00,17545.0,274.45,80.0,8,22,12,2014,0,0,2014-12-22,0,0.7317603691843075
2014-12-22 19:00:00,17229.0,277.222736419,80.0,19,22,12,2014,0,0,2014-12-22,0,0.674345299198903
2014-12-23 19:00:00,15668.0,280.773441258,93.0,19,23,12,2014,1,0,2014-12-23,0,0.7551485319945518
2014-12-23 20:00:00,15520.0,280.89,93.0,20,23,12,2014,1,0,2014-12-23,0,0.7514350258963208
2014-12-24 11:00:00,13819.0,280.39,100.0,11,24,12,2014,2,0,2014-12-24,1,0.18017463588385219
2014-12-24 12:00:00,13778.0,280.65,93.0,12,24,12,2014,2,0,2014-12-24,0,0.10923762898405244
2014-12-25 22:00:00,13881.0,282.994074392,43.0,22,25,12,2014,3,0,2014-12-25,1,0.5760772034387073
2014-12-25 21:00:00,13876.0,283.45,40.0,21,25,12,2014,3,0,2014-12-25,0,0.199733321753818
2014-12-26 09:00:00,15495.0,275.35,80.0,9,26,12,2014,4,0,2014-12-26,1,0.6081491502448507
2014-12-26 20:00:00,14633.0,279.625587274,67.0,20,26,12,2014,4,0,2014-12-26,0,0.5297782884270077
2014-12-27 19:00:00,14080.0,281.607666667,80.0,19,27,12,2014,5,1,2014-12-27,1,0.29924565926788477
2014-12-27 11:00:00,13964.0,274.733666667,93.0,11,27,12,2014,5,1,2014-12-27,0,0.1942227444611192
2014-12-28 19:00:00,15194.0,281.13,91.0,19,28,12,2014,6,1,2014-12-28,1,0.7901329255840384
2014-12-28 20:00:00,15193.0,281.378,90.0,20,28,12,2014,6,1,2014-12-28,0,0.7031816029278853
2014-12-29 19:00:00,17419.0,277.013800507,68.0,19,29,12,2014,0,0,2014-12-29,1,0.7792784033954591
2014-12-29 20:00:00,17317.0,276.919,55.0,20,29,12,2014,0,0,2014-12-29,0,0.679971893264956
2014-12-30 19:00:00,18219.0,273.348908577,67.0,19,30,12,2014,1,0,2014-12-30,1,0.7614785155394863
2014-12-30 08:00:00,17307.0,269.958,61.0,8,30,12,2014,1,0,2014-12-30,0,0.6017762269928525
2014-12-31 09:00:00,18359.0,267.002,68.0,9,31,12,2014,2,0,2014-12-31,1,0.6187811853624958
2014-12-31 19:00:00,18161.0,271.307386945,77.0,19,31,12,2014,2,0,2014-12-31,0,0.5810534669690597
2015-01-01 19:00:00,16662.0,272.838278841,73.0,19,1,1,2015,3,0,2015-01-01,1,0.610138826124047
2015-01-01 08:00:00,16573.0,266.576,57.0,8,1,1,2015,3,0,2015-01-01,0,0.5707816337809074
2015-01-02 08:00:00,16133.0,272.405,62.0,8,2,1,2015,4,0,2015-01-02,0,0.7480192485140401
2015-01-02 19:00:00,16662.0,276.237,56.0,19,2,1,2015,4,0,2015-01-02,1,0.5515879726235883
2015-01-03 12:00:00,15701.0,266.718,79.0,12,3,1,2015,5,1,2015-01-03,1,0.44521385925378604
2015-01-03 19:00:00,15414.0,274.868,74.0,19,3,1,2015,5,1,2015-01-03,0,0.3629333255244269
2015-01-04 20:00:00,15970.0,284.335912181,95.0,20,4,1,2015,6,1,2015-01-04,0,0.5107145016751555
2015-01-04 19:00:00,16027.0,282.55,98.0,19,4,1,2015,6,1,2015-01-04,1,0.4676808877147257
2015-01-05 19:00:00,20225.0,274.85,38.0,19,5,1,2015,0,0,2015-01-05,1,0.6717740080122248
2015-01-05 08:00:00,19031.0,278.55,66.0,8,5,1,2015,0,0,2015-01-05,0,0.6540814372570841
2015-01-06 08:00:00,19617.0,265.85,52.0,8,6,1,2015,1,0,2015-01-06,0,0.7616644085386212
2015-01-06 19:00:00,20085.0,267.45,81.0,19,6,1,2015,1,0,2015-01-06,1,0.7384559503355232
2015-01-07 21:00:00,22903.0,266.344463668,55.0,21,7,1,2015,2,0,2015-01-07,1,0.7259978057270076
2015-01-07 20:00:00,22816.0,266.95,62.0,20,7,1,2015,2,0,2015-01-07,0,0.6297825656915421
2015-01-08 08:00:00,23657.0,259.45,54.0,8,8,1,2015,3,0,2015-01-08,1,0.7867579245425312
2015-01-08 19:00:00,22450.0,266.65,49.0,19,8,1,2015,3,0,2015-01-08,0,0.5675624256320057
2015-01-09 08:00:00,20551.0,266.889640676,83.0,8,9,1,2015,4,0,2015-01-09,0,0.7444617825616966
2015-01-09 19:00:00,20727.0,272.234333333,91.0,19,9,1,2015,4,0,2015-01-09,1,0.7387904553559085
2015-01-10 09:00:00,21314.0,262.631825678,58.0,9,10,1,2015,5,1,2015-01-10,1,0.42476563870391565
2015-01-10 20:00:00,19660.0,265.857,56.0,20,10,1,2015,5,1,2015-01-10,0,0.36812371348993994
2015-01-11 09:00:00,18954.0,260.498,65.0,9,11,1,2015,6,1,2015-01-11,1,0.5645184713066252
2015-01-11 20:00:00,17657.0,271.757,66.0,20,11,1,2015,6,1,2015-01-11,0,0.5109606580688597
2015-01-12 19:00:00,18784.0,276.032,100.0,19,12,1,2015,0,0,2015-01-12,1,0.7384163385563671
2015-01-12 08:00:00,18320.0,268.177,74.0,8,12,1,2015,0,0,2015-01-12,0,0.725442290478163
2015-01-13 20:00:00,20122.0,268.208,70.0,20,13,1,2015,1,0,2015-01-13,1,0.7515580078536813
2015-01-13 08:00:00,19402.0,270.625,84.0,8,13,1,2015,1,0,2015-01-13,0,0.7410861786194427
2015-01-14 08:00:00,20370.0,263.074,70.0,8,14,1,2015,2,0,2015-01-14,0,0.870468645104105
2015-01-14 20:00:00,19884.0,268.975,88.0,20,14,1,2015,2,0,2015-01-14,0,0.5022929212984224
2015-01-15 08:00:00,20349.0,262.175,86.0,8,15,1,2015,3,0,2015-01-15,1,0.8461382349401053
2015-01-15 19:00:00,19106.0,271.612666667,100.0,19,15,1,2015,3,0,2015-01-15,0,0.5198982081417332
2015-01-16 08:00:00,19233.0,266.696,86.0,8,16,1,2015,4,0,2015-01-16,1,0.9096494187047449
2015-01-16 19:00:00,18082.0,274.097,79.0,19,16,1,2015,4,0,2015-01-16,0,0.46472047951818274
2015-01-17 09:00:00,17929.0,261.778,70.0,9,17,1,2015,5,1,2015-01-17,1,0.6928513141283728
2015-01-17 10:00:00,17733.0,261.778,70.0,10,17,1,2015,5,1,2015-01-17,0,0.32940504294630285
2015-01-18 20:00:00,16262.0,276.06,96.0,20,18,1,2015,6,1,2015-01-18,1,0.6200601638964849
2015-01-18 21:00:00,16005.0,276.06,96.0,21,18,1,2015,6,1,2015-01-18,0,0.4754402439305149
2015-01-19 08:00:00,17797.0,272.622,90.0,8,19,1,2015,0,0,2015-01-19,0,0.7559339810901794
2015-01-19 09:00:00,17972.0,272.622,90.0,9,19,1,2015,0,0,2015-01-19,1,0.5211609183874925
2015-01-20 08:00:00,18550.0,267.537,84.0,8,20,1,2015,1,0,2015-01-20,1,0.8517747978789392
2015-01-20 19:00:00,17188.0,275.061,78.0,19,20,1,2015,1,0,2015-01-20,0,0.4783067421530562
2015-01-21 08:00:00,17384.0,265.103189573,86.0,8,21,1,2015,2,0,2015-01-21,0,0.5592422924488706
2015-01-21 21:00:00,17485.0,271.049,78.0,21,21,1,2015,2,0,2015-01-21,1,0.4998347361580062
2015-01-22 08:00:00,18378.0,268.652,86.0,8,22,1,2015,3,0,2015-01-22,1,0.8630060611704309
2015-01-22 20:00:00,18247.0,274.975529474,81.0,20,22,1,2015,3,0,2015-01-22,0,0.48213604074374244
2015-01-23 08:00:00,18465.0,266.094047926,89.0,8,23,1,2015,4,0,2015-01-23,1,0.844865044159838
2015-01-23 19:00:00,17954.0,274.088,82.0,19,23,1,2015,4,0,2015-01-23,0,0.43111556957256725
2015-01-24 19:00:00,17152.0,273.806,92.0,19,24,1,2015,5,1,2015-01-24,0,0.5379979223052509
2015-01-24 20:00:00,16980.0,273.942060298,93.0,20,24,1,2015,5,1,2015-01-24,0,0.5362200882069408
2015-01-25 19:00:00,16828.0,275.066,71.0,19,25,1,2015,6,1,2015-01-25,0,0.5334640123565818
2015-01-25 20:00:00,16945.0,275.037527916,76.0,20,25,1,2015,6,1,2015-01-25,1,0.5211820965060225
2015-01-26 08:00:00,18445.0,266.858,85.0,8,26,1,2015,0,0,2015-01-26,0,0.7583276318426476
2015-01-26 20:00:00,19700.0,269.786059347,92.0,20,26,1,2015,0,0,2015-01-26,1,0.7015663008443014
2015-01-27 08:00:00,20495.0,269.061,85.0,8,27,1,2015,1,0,2015-01-27,1,0.8615728636831902
2015-01-27 20:00:00,19920.0,268.430005093,83.0,20,27,1,2015,1,0,2015-01-27,0,0.5758582659782838
2015-01-28 08:00:00,21408.0,263.738,76.0,8,28,1,2015,2,0,2015-01-28,1,0.8313190094840993
2015-01-28 20:00:00,19423.0,270.290526254,75.0,20,28,1,2015,2,0,2015-01-28,0,0.5217494287579535
2015-01-29 08:00:00,19558.0,256.275,60.0,8,29,1,2015,3,0,2015-01-29,1,0.706765625822013
2015-01-29 20:00:00,18287.0,269.767873442,88.0,20,29,1,2015,3,0,2015-01-29,0,0.4120520089872003
2015-01-30 20:00:00,19201.0,271.537,74.0,20,30,1,2015,4,0,2015-01-30,1,0.6844665750327146
2015-01-30 08:00:00,18787.0,271.376,93.0,8,30,1,2015,4,0,2015-01-30,0,0.6718436554910483
2015-01-31 09:00:00,19408.0,264.184,68.0,9,31,1,2015,5,1,2015-01-31,1,0.7640401331318813
2015-01-31 10:00:00,18894.0,264.184,68.0,10,31,1,2015,5,1,2015-01-31,0,0.4824695268833182
2015-02-01 19:00:00,17001.0,272.294,85.0,19,1,2,2015,6,1,2015-02-01,1,0.6806617174675913
2015-02-01 20:00:00,16604.0,272.123375855,89.0,20,1,2,2015,6,1,2015-02-01,0,0.5902822081102774
2015-02-02 08:00:00,17737.0,270.917,96.0,8,2,2,2015,0,0,2015-02-02,0,0.7850369814002733
2015-02-02 20:00:00,20393.0,274.944138783,99.0,20,2,2,2015,0,0,2015-02-02,1,0.7626792155292733
2015-02-03 08:00:00,20655.0,265.551159652,85.0,8,3,2,2015,1,0,2015-02-03,1,0.831977955408124
2015-02-03 09:00:00,20433.0,264.894544639,69.0,9,3,2,2015,1,0,2015-02-03,0,0.5472083105516322
2015-02-04 08:00:00,19301.0,260.94,75.0,8,4,2,2015,2,0,2015-02-04,1,0.8905348439429956
2015-02-04 20:00:00,17821.0,275.185,80.0,20,4,2,2015,2,0,2015-02-04,0,0.48837379856263397
2015-02-05 08:00:00,19555.0,272.489,91.0,8,5,2,2015,3,0,2015-02-05,0,0.7724353584828384
2015-02-05 21:00:00,20534.0,267.155,67.0,21,5,2,2015,3,0,2015-02-05,1,0.7329798333963882
2015-02-06 08:00:00,21809.0,259.264,71.0,8,6,2,2015,4,0,2015-02-06,1,0.8821823560861378
2015-02-06 20:00:00,18517.0,267.489,73.0,20,6,2,2015,4,0,2015-02-06,0,0.44378870525252895
2015-02-07 20:00:00,15264.0,271.525982343,87.0,20,7,2,2015,5,1,2015-02-07,0,0.3923423813920975
2015-02-07 19:00:00,15009.0,271.644,83.0,19,7,2,2015,5,1,2015-02-07,0,0.38421354322431417
2015-02-08 20:00:00,14972.0,276.250017527,95.0,20,8,2,2015,6,1,2015-02-08,1,0.4565137608373064
2015-02-08 21:00:00,14745.0,276.534,95.0,21,8,2,2015,6,1,2015-02-08,0,0.44508024197094026
2015-02-09 08:00:00,16547.0,274.445,100.0,8,9,2,2015,0,0,2015-02-09,0,0.8170053195238605
2015-02-09 20:00:00,18186.0,274.697678284,95.0,20,9,2,2015,0,0,2015-02-09,1,0.6641840285699887
2015-02-10 08:00:00,19214.0,273.238,92.0,8,10,2,2015,1,0,2015-02-10,1,0.9214443378549692
2015-02-10 20:00:00,19078.0,274.41,83.0,20,10,2,2015,1,0,2015-02-10,0,0.5815756527797666
2015-02-11 08:00:00,19643.0,266.936,81.0,8,11,2,2015,2,0,2015-02-11,1,0.7838111484725663
2015-02-11 20:00:00,18090.0,271.855,79.0,20,11,2,2015,2,0,2015-02-11,0,0.44528977307522744
2015-02-12 20:00:00,20846.0,273.541,87.0,20,12,2,2015,3,0,2015-02-12,1,0.7108826455190099
2015-02-12 19:00:00,20412.0,274.787,86.0,19,12,2,2015,3,0,2015-02-12,0,0.6714582513147023
2015-02-13 08:00:00,22083.0,261.874,69.0,8,13,2,2015,4,0,2015-02-13,1,0.9427476017666793
2015-02-13 09:00:00,21707.0,261.874,69.0,9,13,2,2015,4,0,2015-02-13,0,0.47460678350116126
2015-02-14 21:00:00,19894.0,269.93,86.0,21,14,2,2015,5,1,2015-02-14,1,0.7282675727031136
2015-02-14 20:00:00,19778.0,269.93,86.0,20,14,2,2015,5,1,2015-02-14,0,0.6351268047371019
2015-02-15 21:00:00,20962.0,263.650141522,81.0,21,15,2,2015,6,1,2015-02-15,1,0.6848456522509343
2015-02-15 20:00:00,20944.0,264.936453624,87.0,20,15,2,2015,6,1,2015-02-15,0,0.5073686030127478
2015-02-16 21:00:00,21627.0,266.183,63.0,21,16,2,2015,0,0,2015-02-16,0,0.6100574617811027
2015-02-16 08:00:00,21905.0,258.207,68.0,8,16,2,2015,0,0,2015-02-16,0,0.5664392178998188
2015-02-17 08:00:00,21710.0,261.757642784,80.0,8,17,2,2015,1,0,2015-02-17,0,0.7198000198990633
2015-02-17 09:00:00,21734.0,262.075722002,79.0,9,17,2,2015,1,0,2015-02-17,1,0.6986468128497754
2015-02-18 20:00:00,22351.0,269.784052509,83.0,20,18,2,2015,2,0,2015-02-18,1,0.7474153169873827
2015-02-18 21:00:00,22243.0,269.919,77.0,21,18,2,2015,2,0,2015-02-18,0,0.5678325396268543
2015-02-19 08:00:00,23562.0,263.920775182,90.0,8,19,2,2015,3,0,2015-02-19,0,0.4755374949019224
2015-02-19 21:00:00,23693.0,263.42,66.0,21,19,2,2015,3,0,2015-02-19,1,0.3916730559628987
2015-02-20 08:00:00,24739.0,256.392,69.0,8,20,2,2015,4,0,2015-02-20,1,0.5277761114231909
2015-02-20 21:00:00,21270.0,263.861,65.0,21,20,2,2015,4,0,2015-02-20,0,0.4772105652543577
2015-02-21 10:00:00,19763.0,250.774,65.0,10,21,2,2015,5,1,2015-02-21,1,0.5574762609413889
2015-02-21 20:00:00,18605.0,269.477,85.0,20,21,2,2015,5,1,2015-02-21,0,0.4536059824833894
2015-02-22 20:00:00,17819.0,279.18,88.0,20,22,2,2015,6,1,2015-02-22,1,0.7510602986562769
2015-02-22 21:00:00,17721.0,279.18,88.0,21,22,2,2015,6,1,2015-02-22,0,0.6597090006181014
2015-02-23 21:00:00,21235.0,266.323,63.0,21,23,2,2015,0,0,2015-02-23,1,0.7413184062877599
2015-02-23 08:00:00,20197.0,270.561,87.0,8,23,2,2015,0,0,2015-02-23,0,0.7351249277682641
2015-02-24 20:00:00,20547.0,265.487,71.0,20,24,2,2015,1,0,2015-02-24,0,0.5716048788434781
2015-02-24 21:00:00,20379.0,265.487,71.0,21,24,2,2015,1,0,2015-02-24,0,0.5428287858709647
2015-02-25 08:00:00,20347.0,258.233,75.0,8,25,2,2015,2,0,2015-02-25,1,0.6169042138447269
2015-02-25 20:00:00,18926.0,271.961,75.0,20,25,2,2015,2,0,2015-02-25,0,0.5863887520521329
2015-02-26 08:00:00,19636.0,262.207,74.0,8,26,2,2015,3,0,2015-02-26,0,0.8503738486535596
2015-02-26 21:00:00,19908.0,268.04,78.0,21,26,2,2015,3,0,2015-02-26,1,0.6666340952750603
2015-02-27 08:00:00,21327.0,263.872,100.0,8,27,2,2015,4,0,2015-02-27,1,0.7538881028691965
2015-02-27 21:00:00,20000.0,265.752236406,84.0,21,27,2,2015,4,0,2015-02-27,0,0.49024280856969016
2015-02-28 08:00:00,19954.0,258.654,75.0,8,28,2,2015,5,1,2015-02-28,1,0.6489842027010038
2015-02-28 09:00:00,19943.0,258.654,75.0,9,28,2,2015,5,1,2015-02-28,0,0.4259874208600845
2015-03-01 20:00:00,17663.0,269.367,89.0,20,1,3,2015,6,1,2015-03-01,1,0.6405806899479295
2015-03-01 21:00:00,17416.0,269.367,89.0,21,1,3,2015,6,1,2015-03-01,0,0.547722632704654
2015-03-02 08:00:00,18652.0,271.708,95.0,8,2,3,2015,0,0,2015-03-02,0,0.6847575701840947
2015-03-02 20:00:00,18404.0,273.429998035,73.0,20,2,3,2015,0,0,2015-03-02,0,0.6160971283825785
2015-03-03 08:00:00,18534.0,262.411,73.0,8,3,3,2015,1,0,2015-03-03,0,0.5976304107488843
2015-03-03 10:00:00,18582.0,262.411,73.0,10,3,3,2015,1,0,2015-03-03,1,0.5320348029486168
2015-03-04 08:00:00,17165.0,274.82,93.0,8,4,3,2015,2,0,2015-03-04,0,0.8503136728987215
2015-03-04 20:00:00,18138.0,279.054581169,84.0,20,4,3,2015,2,0,2015-03-04,1,0.6693978483378262
2015-03-05 20:00:00,20160.0,267.6,73.0,20,5,3,2015,3,0,2015-03-05,1,0.7317443321188603
2015-03-05 08:00:00,18584.0,275.32,93.0,8,5,3,2015,3,0,2015-03-05,0,0.7176625322811597
2015-03-06 08:00:00,21843.0,262.39,56.0,8,6,3,2015,4,0,2015-03-06,1,0.9192288993883158
2015-03-06 20:00:00,19117.0,268.702834129,49.0,20,6,3,2015,4,0,2015-03-06,0,0.47333200339510234
2015-03-07 09:00:00,18343.0,262.6,66.0,9,7,3,2015,5,1,2015-03-07,0,0.611933980574496
2015-03-07 20:00:00,15809.0,275.25,40.0,20,7,3,2015,5,1,2015-03-07,0,0.45348577442364246
2015-03-08 09:00:00,15669.0,273.0,64.0,9,8,3,2015,6,1,2015-03-08,1,0.7923356991449788
2015-03-08 21:00:00,15219.0,280.370767436,37.0,21,8,3,2015,6,1,2015-03-08,0,0.69605796831501
2015-03-09 08:00:00,17531.0,270.353293635,63.0,8,9,3,2015,0,0,2015-03-09,1,0.9271493560863288
2015-03-09 20:00:00,15166.0,284.46,34.0,20,9,3,2015,0,0,2015-03-09,0,0.5422203040248149
2015-03-10 08:00:00,16759.0,270.869369512,70.0,8,10,3,2015,1,0,2015-03-10,1,0.9077202094210324
2015-03-10 20:00:00,15999.0,279.455333333,89.0,20,10,3,2015,1,0,2015-03-10,0,0.6363558533490514
2015-03-11 08:00:00,15903.0,277.615,94.0,8,11,3,2015,2,0,2015-03-11,1,0.8833303731323414
2015-03-11 21:00:00,15536.0,281.194,90.0,21,11,3,2015,2,0,2015-03-11,0,0.7061784159608119
2015-03-12 08:00:00,17155.0,274.217666667,89.0,8,12,3,2015,3,0,2015-03-12,1,0.9298953340960316
2015-03-12 20:00:00,14845.0,277.702,83.0,20,12,3,2015,3,0,2015-03-12,0,0.5431863623628979
2015-03-13 08:00:00,16351.0,270.118333333,95.0,8,13,3,2015,4,0,2015-03-13,1,0.9003427984794474
2015-03-13 20:00:00,15469.0,276.114,74.0,20,13,3,2015,4,0,2015-03-13,0,0.44610016996600044
2015-03-14 11:00:00,14510.0,276.281,95.0,11,14,3,2015,5,1,2015-03-14,1,0.6697597632698096
2015-03-14 10:00:00,14391.0,276.299,96.0,10,14,3,2015,5,1,2015-03-14,0,0.468298328363121
2015-03-15 21:00:00,14123.0,278.134,79.0,21,15,3,2015,6,1,2015-03-15,1,0.6158691564244105
2015-03-15 11:00:00,13823.0,275.673333333,92.0,11,15,3,2015,6,1,2015-03-15,0,0.5481354882691984
2015-03-16 08:00:00,16322.0,274.020333333,80.0,8,16,3,2015,0,0,2015-03-16,1,0.9214472853696349
2015-03-16 21:00:00,14825.0,280.1455,70.0,21,16,3,2015,0,0,2015-03-16,0,0.5423021888409904
2015-03-17 08:00:00,15339.0,278.107666667,81.0,8,17,3,2015,1,0,2015-03-17,0,0.7809046028258144
2015-03-17 21:00:00,15741.0,279.4805,74.0,21,17,3,2015,1,0,2015-03-17,1,0.6683485695653567
2015-03-18 08:00:00,17854.0,272.324333333,75.0,8,18,3,2015,2,0,2015-03-18,1,0.8986861820310552
2015-03-18 09:00:00,17634.0,272.291,75.0,9,18,3,2015,2,0,2015-03-18,0,0.4196666799212309
2015-03-19 08:00:00,17085.0,271.48,79.0,8,19,3,2015,3,0,2015-03-19,1,0.9104907690674803
2015-03-19 20:00:00,16227.0,277.115333333,66.0,20,19,3,2015,3,0,2015-03-19,0,0.5700104513099256
2015-03-20 08:00:00,16768.0,270.154333333,88.0,8,20,3,2015,4,0,2015-03-20,1,0.9190931834703661
2015-03-20 21:00:00,15350.0,273.836,89.0,21,20,3,2015,4,0,2015-03-20,0,0.4358822851263177
2015-03-21 11:00:00,14421.0,271.730333333,100.0,11,21,3,2015,5,1,2015-03-21,1,0.6250155011838421
2015-03-21 10:00:00,14399.0,271.647666667,100.0,10,21,3,2015,5,1,2015-03-21,0,0.4846275281574106
2015-03-22 21:00:00,14596.0,273.483,90.0,21,22,3,2015,6,1,2015-03-22,1,0.6431427652705638
2015-03-22 11:00:00,13994.0,271.828333333,97.0,11,22,3,2015,6,1,2015-03-22,0,0.3240622289808989
2015-03-23 08:00:00,16831.0,268.736333333,87.0,8,23,3,2015,0,0,2015-03-23,1,0.8136622302524765
2015-03-23 21:00:00,16500.0,273.5395,74.0,21,23,3,2015,0,0,2015-03-23,0,0.4943988445040404
2015-03-24 08:00:00,17227.0,269.256333333,88.0,8,24,3,2015,1,0,2015-03-24,1,0.9154160751937003
2015-03-24 20:00:00,15101.0,276.179666667,73.0,20,24,3,2015,1,0,2015-03-24,0,0.41774486237548003
2015-03-25 08:00:00,16082.0,269.212,95.0,8,25,3,2015,2,0,2015-03-25,1,0.9003886684134741
2015-03-25 21:00:00,14950.0,277.7865,80.0,21,25,3,2015,2,0,2015-03-25,0,0.5538236441416273
2015-03-26 08:00:00,15517.0,275.571333333,88.0,8,26,3,2015,3,0,2015-03-26,0,0.8400599863516532
2015-03-26 21:00:00,15636.0,284.6745,93.0,21,26,3,2015,3,0,2015-03-26,1,0.7571863152120168
2015-03-27 08:00:00,16411.0,278.747333333,95.0,8,27,3,2015,4,0,2015-03-27,0,0.7317737256054465
2015-03-27 20:00:00,16111.0,279.230666667,93.0,20,27,3,2015,4,0,2015-03-27,0,0.6294169810799972
2015-03-28 21:00:00,16243.0,274.8715,81.0,21,28,3,2015,5,1,2015-03-28,0,0.5506734116730088
2015-03-28 09:00:00,17079.0,273.816,96.0,9,28,3,2015,5,1,2015-03-28,1,0.4703159331285718
2015-03-29 21:00:00,15188.0,280.36,24.0,21,29,3,2015,6,1,2015-03-29,0,0.6830496957648424
2015-03-29 20:00:00,14623.0,278.778,47.0,20,29,3,2015,6,1,2015-03-29,0,0.5886305363307255
2015-03-30 08:00:00,16291.0,272.276,62.0,8,30,3,2015,0,0,2015-03-30,1,0.9229208399328224
2015-03-30 21:00:00,15258.0,281.665,64.0,21,30,3,2015,0,0,2015-03-30,0,0.5804739344490789
2015-03-31 08:00:00,16305.0,276.305666667,71.0,8,31,3,2015,1,0,2015-03-31,1,0.9281063112668501
2015-03-31 21:00:00,15071.0,280.3465,64.0,21,31,3,2015,1,0,2015-03-31,0,0.5600990441862648
2015-04-01 08:00:00,16562.0,272.803333333,97.0,8,1,4,2015,2,0,2015-04-01,1,0.8285011706468999
2015-04-01 21:00:00,14664.0,278.865,66.0,21,1,4,2015,2,0,2015-04-01,0,0.547452482343284
2015-04-02 08:00:00,15702.0,272.964333333,72.0,8,2,4,2015,3,0,2015-04-02,1,0.9161152155669234
2015-04-02 09:00:00,15654.0,274.2945,73.0,9,2,4,2015,3,0,2015-04-02,0,0.5041529897509783
2015-04-03 12:00:00,13824.0,289.034,60.0,12,3,4,2015,4,0,2015-04-03,1,0.5542652412994759
2015-04-03 13:00:00,13590.0,289.245666667,61.0,13,3,4,2015,4,0,2015-04-03,0,0.3018279922433607
2015-04-04 10:00:00,13698.0,284.264,90.0,10,4,4,2015,5,1,2015-04-04,1,0.709216498970643
2015-04-04 11:00:00,13672.0,282.404,91.0,11,4,4,2015,5,1,2015-04-04,0,0.6427058055024587
2015-04-05 09:00:00,14028.0,277.4645,69.0,9,5,4,2015,6,1,2015-04-05,1,0.7540232436561425
2015-04-05 10:00:00,13759.0,277.094,69.0,10,5,4,2015,6,1,2015-04-05,0,0.7158415944554696
2015-04-06 08:00:00,15120.0,277.610666667,74.0,8,6,4,2015,0,0,2015-04-06,0,0.7802124821997937
2015-04-06 21:00:00,14758.0,286.0555,58.0,21,6,4,2015,0,0,2015-04-06,0,0.6939148809356059
2015-04-07 21:00:00,15096.0,285.2765,83.0,21,7,4,2015,1,0,2015-04-07,1,0.7524684225322322
2015-04-07 20:00:00,14722.0,287.819666667,76.0,20,7,4,2015,1,0,2015-04-07,0,0.6763897562700193
2015-04-08 21:00:00,14770.0,278.6195,85.0,21,8,4,2015,2,0,2015-04-08,1,0.680879277975393
2015-04-08 11:00:00,14619.0,277.665333333,94.0,11,8,4,2015,2,0,2015-04-08,0,0.4408485341744913
2015-04-09 21:00:00,14896.0,279.949,80.0,21,9,4,2015,3,0,2015-04-09,0,0.6080730767227381
2015-04-09 13:00:00,14932.0,276.962,96.0,13,9,4,2015,3,0,2015-04-09,1,0.4901450905160327
2015-04-10 11:00:00,14446.0,278.235666667,95.0,11,10,4,2015,4,0,2015-04-10,1,0.3762840368049034
2015-04-10 12:00:00,14413.0,279.426,96.0,12,10,4,2015,4,0,2015-04-10,0,0.30645230888973435
2015-04-11 11:00:00,13074.0,282.062333333,68.0,11,11,4,2015,5,1,2015-04-11,1,0.7188204858344317
2015-04-11 10:00:00,13018.0,281.880666667,69.0,10,11,4,2015,5,1,2015-04-11,0,0.6240547134775407
2015-04-12 21:00:00,13220.0,284.362,59.0,21,12,4,2015,6,1,2015-04-12,1,0.8239177152676167
2015-04-12 22:00:00,13066.0,285.441666667,56.0,22,12,4,2015,6,1,2015-04-12,0,0.6266334583450591
2015-04-13 21:00:00,14860.0,288.163,47.0,21,13,4,2015,0,0,2015-04-13,1,0.7526426079024547
2015-04-13 14:00:00,14529.0,283.613,60.0,14,13,4,2015,0,0,2015-04-13,0,0.5169962624292752
2015-04-14 21:00:00,14296.0,287.0295,54.0,21,14,4,2015,1,0,2015-04-14,1,0.5696011846039365
2015-04-14 13:00:00,14195.0,288.685666667,61.0,13,14,4,2015,1,0,2015-04-14,0,0.4512950250432578
2015-04-15 10:00:00,14394.0,281.728333333,60.0,10,15,4,2015,2,0,2015-04-15,1,0.5793848760334872
2015-04-15 12:00:00,14283.0,283.4765,60.0,12,15,4,2015,2,0,2015-04-15,0,0.5504269606753247
2015-04-16 11:00:00,14557.0,281.365,48.0,11,16,4,2015,3,0,2015-04-16,1,0.6205378886052086
2015-04-16 10:00:00,14515.0,281.026,50.0,10,16,4,2015,3,0,2015-04-16,0,0.5271101906843122
2015-04-17 14:00:00,14174.0,286.886,82.0,14,17,4,2015,4,0,2015-04-17,1,0.5693585911169811
2015-04-17 11:00:00,14157.0,284.634,89.0,11,17,4,2015,4,0,2015-04-17,0,0.4313065209905662
2015-04-18 21:00:00,13008.0,293.6245,39.0,21,18,4,2015,5,1,2015-04-18,1,0.8347621426045327
2015-04-18 18:00:00,13003.0,293.181,46.0,18,18,4,2015,5,1,2015-04-18,0,0.45073698668498435
2015-04-19 21:00:00,13200.0,285.181,48.0,21,19,4,2015,6,1,2015-04-19,1,0.8598190744911524
2015-04-19 20:00:00,12944.0,286.837333333,41.0,20,19,4,2015,6,1,2015-04-19,0,0.5530477572823006
2015-04-20 14:00:00,14441.0,283.551,93.0,14,20,4,2015,0,0,2015-04-20,1,0.6646392410701786
2015-04-20 21:00:00,14380.0,286.4795,95.0,21,20,4,2015,0,0,2015-04-20,0,0.5230089916734575
2015-04-21 11:00:00,14240.0,286.503666667,93.0,11,21,4,2015,1,0,2015-04-21,0,0.4628277323872242
2015-04-21 21:00:00,14314.0,286.489096462,62.0,21,21,4,2015,1,0,2015-04-21,1,0.45497037861087947
2015-04-22 08:00:00,14737.0,277.419,68.0,8,22,4,2015,2,0,2015-04-22,0,0.7833057991671667
2015-04-22 21:00:00,14908.0,285.956929969,72.0,21,22,4,2015,2,0,2015-04-22,1,0.6920081360458318
2015-04-23 08:00:00,15591.0,278.343,62.0,8,23,4,2015,3,0,2015-04-23,1,0.9167882140781239
2015-04-23 09:00:00,15350.0,278.382788655,61.0,9,23,4,2015,3,0,2015-04-23,0,0.6208787529507668
2015-04-24 08:00:00,15854.0,274.803,54.0,8,24,4,2015,4,0,2015-04-24,1,0.9183667319776453
2015-04-24 09:00:00,15593.0,275.037314686,53.0,9,24,4,2015,4,0,2015-04-24,0,0.5053655012463499
2015-04-25 21:00:00,13669.0,286.455875772,33.0,21,25,4,2015,5,1,2015-04-25,0,0.7034337526684206
2015-04-25 11:00:00,13850.0,276.309173472,53.0,11,25,4,2015,5,1,2015-04-25,1,0.6556393969344403
2015-04-26 22:00:00,13225.0,286.145,36.0,22,26,4,2015,6,1,2015-04-26,1,0.7757623977108904
2015-04-26 21:00:00,13062.0,288.21934584,32.0,21,26,4,2015,6,1,2015-04-26,0,0.7265882771266962
2015-04-27 08:00:00,15265.0,277.946,65.0,8,27,4,2015,0,0,2015-04-27,1,0.8841497033807245
2015-04-27 21:00:00,14620.0,286.977,38.0,21,27,4,2015,0,0,2015-04-27,0,0.6825922400145652
2015-04-28 08:00:00,15426.0,282.205702213,67.0,8,28,4,2015,1,0,2015-04-28,1,0.8740482526955796
2015-04-28 09:00:00,15146.0,282.129,65.0,9,28,4,2015,1,0,2015-04-28,0,0.654757593787356
2015-04-29 08:00:00,14752.0,283.302,65.0,8,29,4,2015,2,0,2015-04-29,1,0.8153372284708708
2015-04-29 09:00:00,14613.0,283.765743835,64.0,9,29,4,2015,2,0,2015-04-29,0,0.6392127670779657
2015-04-30 11:00:00,14415.0,282.997557909,72.0,11,30,4,2015,3,0,2015-04-30,1,0.6576664743764375
2015-04-30 13:00:00,14319.0,283.544436862,70.0,13,30,4,2015,3,0,2015-04-30,0,0.5254871205646867
2015-05-01 11:00:00,14451.0,281.72053527,71.0,11,1,5,2015,4,0,2015-05-01,1,0.5481776649070842
2015-05-01 10:00:00,14450.0,281.809,69.0,10,1,5,2015,4,0,2015-05-01,0,0.4683163102473075
2015-05-02 10:00:00,12630.0,281.648,72.0,10,2,5,2015,5,1,2015-05-02,1,0.5626249639744806
2015-05-02 22:00:00,12628.0,291.058,47.0,22,2,5,2015,5,1,2015-05-02,0,0.5374934323077148
2015-05-03 22:00:00,13325.0,293.613,30.0,22,3,5,2015,6,1,2015-05-03,1,0.5457719532354052
2015-05-03 21:00:00,13285.0,297.359583182,24.0,21,3,5,2015,6,1,2015-05-03,0,0.44496306604243663
2015-05-04 16:00:00,15032.0,297.043333333,32.0,16,4,5,2015,0,0,2015-05-04,1,0.700867072675321
2015-05-04 17:00:00,14935.0,297.726666667,30.0,17,4,5,2015,0,0,2015-05-04,0,0.6287241784242822
2015-05-05 17:00:00,15933.0,300.399638298,37.0,17,5,5,2015,1,0,2015-05-05,0,0.7702973270196847
2015-05-05 16:00:00,15990.0,300.739,37.0,16,5,5,2015,1,0,2015-05-05,1,0.7271272692576553
2015-05-06 18:00:00,16584.0,288.317,70.0,18,6,5,2015,2,0,2015-05-06,1,0.727425189434792
2015-05-06 17:00:00,16530.0,288.317,70.0,17,6,5,2015,2,0,2015-05-06,0,0.7164085689832812
2015-05-07 18:00:00,17176.0,299.165,42.0,18,7,5,2015,3,0,2015-05-07,0,0.7772921250375496
2015-05-07 17:00:00,17274.0,299.165,42.0,17,7,5,2015,3,0,2015-05-07,1,0.7704546218200214
2015-05-08 17:00:00,18057.0,302.265,38.0,17,8,5,2015,4,0,2015-05-08,1,0.8568256143035602
2015-05-08 18:00:00,17796.0,302.265,38.0,18,8,5,2015,4,0,2015-05-08,0,0.8366383566433251
2015-05-09 18:00:00,16410.0,297.148,58.0,18,9,5,2015,5,1,2015-05-09,1,0.7577291341431579
2015-05-09 17:00:00,16366.0,296.505647059,59.0,17,9,5,2015,5,1,2015-05-09,0,0.6792049321654856
2015-05-10 18:00:00,15761.0,300.969,58.0,18,10,5,2015,6,1,2015-05-10,1,0.7733243745695468
2015-05-10 17:00:00,15708.0,300.556633642,57.0,17,10,5,2015,6,1,2015-05-10,0,0.612620832264573
2015-05-11 17:00:00,18451.0,300.823010495,58.0,17,11,5,2015,0,0,2015-05-11,0,0.81392881046402
2015-05-11 16:00:00,18547.0,301.044,59.0,16,11,5,2015,0,0,2015-05-11,1,0.7958572196315297
2015-05-12 17:00:00,15743.0,301.289649746,55.0,17,12,5,2015,1,0,2015-05-12,1,0.7762278908593959
2015-05-12 18:00:00,15534.0,301.363,56.0,18,12,5,2015,1,0,2015-05-12,0,0.6413454952362221
2015-05-13 18:00:00,14372.0,293.697,38.0,18,13,5,2015,2,0,2015-05-13,1,0.5793975565691045
2015-05-13 17:00:00,14348.0,293.726245283,38.0,17,13,5,2015,2,0,2015-05-13,0,0.3656160741814353
2015-05-14 22:00:00,14302.0,292.987262835,30.0,22,14,5,2015,3,0,2015-05-14,1,0.6058791748344469
2015-05-14 21:00:00,14222.0,293.798,30.0,21,14,5,2015,3,0,2015-05-14,0,0.35655430474978905
2015-05-15 17:00:00,15161.0,294.768009458,36.0,17,15,5,2015,4,0,2015-05-15,1,0.8006396431076788
2015-05-15 18:00:00,15131.0,294.915,36.0,18,15,5,2015,4,0,2015-05-15,0,0.7877400751530783
2015-05-16 17:00:00,14598.0,301.734,45.0,17,16,5,2015,5,1,2015-05-16,1,0.6905454635447762
2015-05-16 11:00:00,13568.0,286.574,93.0,11,16,5,2015,5,1,2015-05-16,0,0.5651772249828325
2015-05-17 18:00:00,15990.0,300.114,62.0,18,17,5,2015,6,1,2015-05-17,1,0.787113563891079
2015-05-17 17:00:00,15705.0,299.791153238,59.0,17,17,5,2015,6,1,2015-05-17,0,0.6130097344485427
2015-05-18 18:00:00,17866.0,296.096438736,65.0,18,18,5,2015,0,0,2015-05-18,0,0.7235986605394039
2015-05-18 17:00:00,18102.0,296.418,65.0,17,18,5,2015,0,0,2015-05-18,1,0.721196265528025
2015-05-19 17:00:00,16210.0,291.684,96.0,17,19,5,2015,1,0,2015-05-19,1,0.6925708926783546
2015-05-19 18:00:00,16041.0,291.684,96.0,18,19,5,2015,1,0,2015-05-19,0,0.6292544186798995
2015-05-20 17:00:00,14614.0,291.447663438,52.0,17,20,5,2015,2,0,2015-05-20,1,0.7248111339533895
2015-05-20 18:00:00,14526.0,291.298,51.0,18,20,5,2015,2,0,2015-05-20,0,0.6216077411049258
2015-05-21 11:00:00,14202.0,284.54,58.0,11,21,5,2015,3,0,2015-05-21,1,0.698763155727791
2015-05-21 12:00:00,14202.0,284.54,58.0,12,21,5,2015,3,0,2015-05-21,1,0.6718392089905098
2015-05-22 11:00:00,14197.0,285.112,93.0,11,22,5,2015,4,0,2015-05-22,1,0.5791963173760929
2015-05-22 12:00:00,14092.0,286.022,74.0,12,22,5,2015,4,0,2015-05-22,0,0.41769696205756196
2015-05-23 18:00:00,13064.0,289.16,48.0,18,23,5,2015,5,1,2015-05-23,1,0.6653256710474715
2015-05-23 19:00:00,13053.0,290.085,39.0,19,23,5,2015,5,1,2015-05-23,0,0.5209646371349843
2015-05-24 18:00:00,14321.0,297.44,40.0,18,24,5,2015,6,1,2015-05-24,1,0.6488612073862816
2015-05-24 22:00:00,13638.0,285.944,42.0,22,24,5,2015,6,1,2015-05-24,0,0.5226030146154129
2015-05-25 18:00:00,15326.0,298.085118195,46.0,18,25,5,2015,0,0,2015-05-25,1,0.805676742542309
2015-05-25 17:00:00,15216.0,298.743666667,44.0,17,25,5,2015,0,0,2015-05-25,0,0.7614653300024002
2015-05-26 17:00:00,18471.0,300.16,44.0,17,26,5,2015,1,0,2015-05-26,0,0.8583280141907511
2015-05-26 18:00:00,18201.0,300.16,44.0,18,26,5,2015,1,0,2015-05-26,0,0.7689792989694014
2015-05-27 17:00:00,18132.0,300.946,50.0,17,27,5,2015,2,0,2015-05-27,1,0.862999925877774
2015-05-27 18:00:00,18059.0,300.946,50.0,18,27,5,2015,2,0,2015-05-27,0,0.8294026348886814
2015-05-28 17:00:00,18249.0,301.019,51.0,17,28,5,2015,3,0,2015-05-28,1,0.8885125839042136
2015-05-28 18:00:00,18186.0,301.019,51.0,18,28,5,2015,3,0,2015-05-28,0,0.7915901930528604
2015-05-29 17:00:00,18630.0,297.384,53.0,17,29,5,2015,4,0,2015-05-29,1,0.738254704803797
2015-05-29 18:00:00,18349.0,297.384,53.0,18,29,5,2015,4,0,2015-05-29,0,0.7046461950610938
2015-05-30 17:00:00,17120.0,299.898,51.0,17,30,5,2015,5,1,2015-05-30,1,0.8199366427421602
2015-05-30 18:00:00,17027.0,299.898,51.0,18,30,5,2015,5,1,2015-05-30,0,0.7781384408063516
2015-05-31 17:00:00,14853.0,299.905308921,54.0,17,31,5,2015,6,1,2015-05-31,0,0.6276616395132809
2015-05-31 16:00:00,15039.0,299.048,57.0,16,31,5,2015,6,1,2015-05-31,1,0.5948412769208147
2015-06-01 14:00:00,15186.0,286.48,93.0,14,1,6,2015,0,0,2015-06-01,1,0.6492402087086969
2015-06-01 15:00:00,15186.0,286.65,100.0,15,1,6,2015,0,0,2015-06-01,1,0.6447680735511159
2015-06-02 15:00:00,14610.0,284.13,87.0,15,2,6,2015,1,0,2015-06-02,0,0.39848020083987173
2015-06-02 14:00:00,14660.0,283.74,87.0,14,2,6,2015,1,0,2015-06-02,1,0.38185768525642677
2015-06-03 17:00:00,14766.0,289.975,86.0,17,3,6,2015,2,0,2015-06-03,1,0.6729707476174667
2015-06-03 18:00:00,14707.0,289.975,86.0,18,3,6,2015,2,0,2015-06-03,0,0.6139061139680057
2015-06-04 17:00:00,16982.0,291.303,61.0,17,4,6,2015,3,0,2015-06-04,1,0.7657079277868682
2015-06-04 18:00:00,16905.0,291.303,61.0,18,4,6,2015,3,0,2015-06-04,0,0.7462955768732427
2015-06-05 17:00:00,17923.0,292.337,59.0,17,5,6,2015,4,0,2015-06-05,0,0.7688128294593226
2015-06-05 18:00:00,17664.0,292.337,59.0,18,5,6,2015,4,0,2015-06-05,0,0.7323133793848682
2015-06-06 18:00:00,15378.0,296.221,56.0,18,6,6,2015,5,1,2015-06-06,1,0.7598864079193821
2015-06-06 17:00:00,15131.0,296.221,56.0,17,6,6,2015,5,1,2015-06-06,0,0.7105972074803151
2015-06-07 18:00:00,16251.0,294.774,47.0,18,7,6,2015,6,1,2015-06-07,1,0.8210024497954762
2015-06-07 17:00:00,16032.0,294.774,47.0,17,7,6,2015,6,1,2015-06-07,0,0.7472835780307431
2015-06-08 17:00:00,17620.0,297.09,61.0,17,8,6,2015,0,0,2015-06-08,0,0.7629036489683698
2015-06-08 18:00:00,17223.0,297.93,61.0,18,8,6,2015,0,0,2015-06-08,0,0.7211085368785802
2015-06-09 18:00:00,17119.0,298.9,57.0,18,9,6,2015,1,0,2015-06-09,1,0.819882525165395
2015-06-09 17:00:00,17080.0,298.76,58.0,17,9,6,2015,1,0,2015-06-09,0,0.7999448255559652
2015-06-10 18:00:00,19595.0,299.78,47.0,18,10,6,2015,2,0,2015-06-10,1,0.8373095978970763
2015-06-10 17:00:00,19511.0,299.12,42.0,17,10,6,2015,2,0,2015-06-10,0,0.8046881116369842
2015-06-11 17:00:00,20630.0,303.407,43.0,17,11,6,2015,3,0,2015-06-11,1,0.8932911174622734
2015-06-11 15:00:00,20328.0,300.741,50.0,15,11,6,2015,3,0,2015-06-11,0,0.7821612127189174
2015-06-12 17:00:00,19370.0,303.115,53.0,17,12,6,2015,4,0,2015-06-12,0,0.840873897028335
2015-06-12 15:00:00,20019.0,298.974,66.0,15,12,6,2015,4,0,2015-06-12,1,0.8295173414281091
2015-06-13 18:00:00,17879.0,300.289,51.0,18,13,6,2015,5,1,2015-06-13,0,0.8446524368949094
2015-06-13 17:00:00,18177.0,300.289,51.0,17,13,6,2015,5,1,2015-06-13,0,0.7775288725456599
2015-06-14 18:00:00,18615.0,301.029,42.0,18,14,6,2015,6,1,2015-06-14,0,0.8547681093367495
2015-06-14 17:00:00,18679.0,301.029,42.0,17,14,6,2015,6,1,2015-06-14,1,0.8464558662068865
2015-06-15 17:00:00,20785.0,298.93,65.0,17,15,6,2015,0,0,2015-06-15,0,0.8308581468901829
2015-06-15 16:00:00,21034.0,297.98,88.0,16,15,6,2015,0,0,2015-06-15,1,0.7229683181862768
2015-06-16 16:00:00,20019.0,295.38,78.0,16,16,6,2015,1,0,2015-06-16,0,0.6986128703440092
2015-06-16 18:00:00,19959.0,296.42,73.0,18,16,6,2015,1,0,2015-06-16,0,0.6741511148069737
2015-06-17 17:00:00,17664.0,298.52,44.0,17,17,6,2015,2,0,2015-06-17,0,0.826347025096889
2015-06-17 18:00:00,17493.0,298.5,53.0,18,17,6,2015,2,0,2015-06-17,0,0.7631218303098728
2015-06-18 17:00:00,20517.0,295.403,69.0,17,18,6,2015,3,0,2015-06-18,0,0.7469662681823543
2015-06-18 16:00:00,20646.0,294.308,74.0,16,18,6,2015,3,0,2015-06-18,1,0.7374838186622545
2015-06-19 15:00:00,17793.0,298.901,64.0,15,19,6,2015,4,0,2015-06-19,0,0.6584745102716824
2015-06-19 17:00:00,17467.0,296.179,94.0,17,19,6,2015,4,0,2015-06-19,0,0.5996963459664623
2015-06-20 16:00:00,16166.0,292.994,90.0,16,20,6,2015,5,1,2015-06-20,1,0.6171376449089413
2015-06-20 17:00:00,16137.0,292.119,98.0,17,20,6,2015,5,1,2015-06-20,0,0.5184084558033729
2015-06-21 18:00:00,18120.0,298.297,90.0,18,21,6,2015,6,1,2015-06-21,1,0.7352321066312772
2015-06-21 17:00:00,18079.0,298.297,90.0,17,21,6,2015,6,1,2015-06-21,0,0.6603718482001275
2015-06-22 17:00:00,20671.0,300.189,56.0,17,22,6,2015,0,0,2015-06-22,0,0.8568320467080157
2015-06-22 18:00:00,20636.0,300.189,56.0,18,22,6,2015,0,0,2015-06-22,0,0.8481841263650616
2015-06-23 15:00:00,20540.0,302.14,58.0,15,23,6,2015,1,0,2015-06-23,1,0.8587622651605855
2015-06-23 16:00:00,20537.0,303.373,54.0,16,23,6,2015,1,0,2015-06-23,0,0.7995652661827799
2015-06-24 17:00:00,19461.0,299.332,56.0,17,24,6,2015,2,0,2015-06-24,1,0.8494148041115827
2015-06-24 18:00:00,19179.0,299.332,56.0,18,24,6,2015,2,0,2015-06-24,0,0.8378966190601099
2015-06-25 18:00:00,18327.0,300.32,36.0,18,25,6,2015,3,0,2015-06-25,1,0.829980478983996
2015-06-25 17:00:00,18212.0,299.76,42.0,17,25,6,2015,3,0,2015-06-25,0,0.7900643786956668
2015-06-26 18:00:00,17688.0,298.52,57.0,18,26,6,2015,4,0,2015-06-26,0,0.7721723351060237
2015-06-26 17:00:00,17979.0,297.7,57.0,17,26,6,2015,4,0,2015-06-26,0,0.682594985606468
2015-06-27 20:00:00,13669.0,291.53,63.0,20,27,6,2015,5,1,2015-06-27,0,0.5746857560665769
2015-06-27 21:00:00,13525.0,290.39,77.0,21,27,6,2015,5,1,2015-06-27,0,0.5691520213205874
2015-06-28 19:00:00,14553.0,293.41,77.0,19,28,6,2015,6,1,2015-06-28,1,0.6805223830409368
2015-06-28 21:00:00,14024.0,294.56,64.0,21,28,6,2015,6,1,2015-06-28,0,0.4810666705687019
2015-06-29 17:00:00,15419.0,295.78,53.0,17,29,6,2015,0,0,2015-06-29,0,0.7417513844240874
2015-06-29 18:00:00,15423.0,296.23,57.0,18,29,6,2015,0,0,2015-06-29,0,0.7323494631666004
2015-06-30 17:00:00,16732.0,299.52,47.0,17,30,6,2015,1,0,2015-06-30,0,0.7873642502037356
2015-06-30 18:00:00,16554.0,299.81,51.0,18,30,6,2015,1,0,2015-06-30,0,0.7565971762588944
2015-07-01 17:00:00,16584.0,298.99,58.0,17,1,7,2015,2,0,2015-07-01,1,0.8397533348571216
2015-07-01 18:00:00,16529.0,299.63,54.0,18,1,7,2015,2,0,2015-07-01,0,0.7714167858795854
2015-07-02 18:00:00,15381.0,298.61,51.0,18,2,7,2015,3,0,2015-07-02,1,0.8020534196440978
2015-07-02 15:00:00,15191.0,297.01,64.0,15,2,7,2015,3,0,2015-07-02,0,0.5411965874230106
2015-07-03 18:00:00,14159.0,298.86,39.0,18,3,7,2015,4,0,2015-07-03,1,0.6773348069749491
2015-07-03 17:00:00,14049.0,297.96,50.0,17,3,7,2015,4,0,2015-07-03,0,0.3775438063309371
2015-07-04 18:00:00,15169.0,294.24,38.0,18,4,7,2015,5,1,2015-07-04,1,0.8306652838870728
2015-07-04 19:00:00,14819.0,294.53,60.0,19,4,7,2015,5,1,2015-07-04,0,0.541567863758506
2015-07-05 18:00:00,15485.0,299.94,54.0,18,5,7,2015,6,1,2015-07-05,1,0.7184680301864422
2015-07-05 17:00:00,15469.0,298.84,57.0,17,5,7,2015,6,1,2015-07-05,0,0.6583330369602943
2015-07-06 17:00:00,19045.0,300.4,61.0,17,6,7,2015,0,0,2015-07-06,0,0.8653513551890675
2015-07-06 18:00:00,19091.0,300.76,69.0,18,6,7,2015,0,0,2015-07-06,1,0.8307809356882544
2015-07-07 17:00:00,18617.0,302.55,62.0,17,7,7,2015,1,0,2015-07-07,0,0.8513018663732762
2015-07-07 15:00:00,19072.0,300.75,66.0,15,7,7,2015,1,0,2015-07-07,1,0.8246165926467246
2015-07-08 17:00:00,16335.0,302.08,62.0,17,8,7,2015,2,0,2015-07-08,0,0.7610404938295631
2015-07-08 18:00:00,16204.0,301.98,55.0,18,8,7,2015,2,0,2015-07-08,0,0.7139931095978735
2015-07-09 15:00:00,17606.0,293.55,88.0,15,9,7,2015,3,0,2015-07-09,1,0.6976133499597396
2015-07-09 18:00:00,17207.0,296.16,69.0,18,9,7,2015,3,0,2015-07-09,0,0.6836457809473699
2015-07-10 17:00:00,17440.0,298.72,54.0,17,10,7,2015,4,0,2015-07-10,0,0.8220065695090005
2015-07-10 18:00:00,17217.0,299.79,48.0,18,10,7,2015,4,0,2015-07-10,0,0.7986880084022049
2015-07-11 17:00:00,16815.0,301.19,48.0,17,11,7,2015,5,1,2015-07-11,1,0.8647257584033752
2015-07-11 18:00:00,16809.0,301.56,35.0,18,11,7,2015,5,1,2015-07-11,0,0.8596892911811926
2015-07-12 18:00:00,16091.0,302.82,43.0,18,12,7,2015,6,1,2015-07-12,1,0.8439659643646569
2015-07-12 17:00:00,15891.0,302.12,42.0,17,12,7,2015,6,1,2015-07-12,0,0.6659313426849365
2015-07-13 17:00:00,18105.0,301.67,48.0,17,13,7,2015,0,0,2015-07-13,0,0.8312873108291224
2015-07-13 18:00:00,17836.0,301.77,43.0,18,13,7,2015,0,0,2015-07-13,0,0.8301064643287697
2015-07-14 17:00:00,18098.0,298.58,61.0,17,14,7,2015,1,0,2015-07-14,0,0.814468162087407
2015-07-14 15:00:00,18420.0,297.94,65.0,15,14,7,2015,1,0,2015-07-14,1,0.7512299503273323
2015-07-15 17:00:00,17134.0,298.72,88.0,17,15,7,2015,2,0,2015-07-15,1,0.7059293445534504
2015-07-15 18:00:00,17049.0,299.09,74.0,18,15,7,2015,2,0,2015-07-15,0,0.5971850858880772
2015-07-16 18:00:00,17877.0,297.09,49.0,18,16,7,2015,3,0,2015-07-16,1,0.7731685150887461
2015-07-16 17:00:00,17692.0,296.6,41.0,17,16,7,2015,3,0,2015-07-16,0,0.7653512719357946
2015-07-17 17:00:00,19998.0,298.66,57.0,17,17,7,2015,4,0,2015-07-17,1,0.8723515014942965
2015-07-17 18:00:00,19940.0,299.3,51.0,18,17,7,2015,4,0,2015-07-17,0,0.8644278114661244
2015-07-18 18:00:00,19995.0,300.24,69.0,18,18,7,2015,5,1,2015-07-18,0,0.7533474188289392
2015-07-18 17:00:00,20040.0,299.1,78.0,17,18,7,2015,5,1,2015-07-18,1,0.5806934607942084
2015-07-19 17:00:00,18895.0,305.27,59.0,17,19,7,2015,6,1,2015-07-19,0,0.7916317902548908
2015-07-19 15:00:00,19180.0,302.73,62.0,15,19,7,2015,6,1,2015-07-19,1,0.7892915892020489
2015-07-20 17:00:00,20608.0,305.35,43.0,17,20,7,2015,0,0,2015-07-20,1,0.9000560311876517
2015-07-20 15:00:00,20468.0,303.94,55.0,15,20,7,2015,0,0,2015-07-20,0,0.7926991649806613
2015-07-21 17:00:00,19897.0,301.96,54.0,17,21,7,2015,1,0,2015-07-21,1,0.8990774914286626
2015-07-21 18:00:00,19665.0,302.46,54.0,18,21,7,2015,1,0,2015-07-21,0,0.8644890716214223
2015-07-22 17:00:00,19049.0,300.13,37.0,17,22,7,2015,2,0,2015-07-22,1,0.8712018466779137
2015-07-22 18:00:00,19003.0,300.79,36.0,18,22,7,2015,2,0,2015-07-22,0,0.8239447254435808
2015-07-23 17:00:00,19183.0,299.74,39.0,17,23,7,2015,3,0,2015-07-23,0,0.8728887028510759
2015-07-23 18:00:00,19188.0,300.34,41.0,18,23,7,2015,3,0,2015-07-23,1,0.8572972802304034
2015-07-24 17:00:00,19958.0,300.09,41.0,17,24,7,2015,4,0,2015-07-24,1,0.8963013467149525
2015-07-24 18:00:00,19928.0,300.82,39.0,18,24,7,2015,4,0,2015-07-24,0,0.8192185575640756
2015-07-25 18:00:00,19146.0,301.99,25.0,18,25,7,2015,5,1,2015-07-25,1,0.8447123262200096
2015-07-25 17:00:00,19098.0,301.58,32.0,17,25,7,2015,5,1,2015-07-25,0,0.7974782948053282
2015-07-26 17:00:00,18894.0,302.65,46.0,17,26,7,2015,6,1,2015-07-26,1,0.8806548699486444
2015-07-26 18:00:00,18738.0,303.51,43.0,18,26,7,2015,6,1,2015-07-26,0,0.8201759321778727
2015-07-27 18:00:00,20935.0,301.51,52.0,18,27,7,2015,0,0,2015-07-27,1,0.8826484871520308
2015-07-27 17:00:00,20865.0,300.57,61.0,17,27,7,2015,0,0,2015-07-27,0,0.8551743842041262
2015-07-28 17:00:00,21871.0,304.03,41.0,17,28,7,2015,1,0,2015-07-28,1,0.8882504510902852
2015-07-28 15:00:00,21621.0,301.73,65.0,15,28,7,2015,1,0,2015-07-28,0,0.8260741218899199
2015-07-29 17:00:00,21748.0,306.14,41.0,17,29,7,2015,2,0,2015-07-29,0,0.8022476155451344
2015-07-29 15:00:00,21798.0,304.39,49.0,15,29,7,2015,2,0,2015-07-29,0,0.7709950932025795
2015-07-30 18:00:00,20669.0,302.53,66.0,18,30,7,2015,3,0,2015-07-30,1,0.8589375055991773
2015-07-30 17:00:00,20661.0,302.03,70.0,17,30,7,2015,3,0,2015-07-30,0,0.7571803358501341
2015-07-31 17:00:00,20002.0,302.99,37.0,17,31,7,2015,4,0,2015-07-31,1,0.8921189406103781
2015-07-31 15:00:00,19703.0,300.71,51.0,15,31,7,2015,4,0,2015-07-31,0,0.7928200264286512
2015-08-01 18:00:00,17703.0,303.12,40.0,18,1,8,2015,5,1,2015-08-01,1,0.8312269277672247
2015-08-01 17:00:00,17565.0,302.85,51.0,17,1,8,2015,5,1,2015-08-01,0,0.7734298340733159
2015-08-02 18:00:00,18678.0,303.31,27.0,18,2,8,2015,6,1,2015-08-02,1,0.828251303294171
2015-08-02 17:00:00,18367.0,302.5,30.0,17,2,8,2015,6,1,2015-08-02,0,0.7471088000518846
2015-08-03 17:00:00,20053.0,303.46,38.0,17,3,8,2015,0,0,2015-08-03,1,0.8605194629889202
2015-08-03 16:00:00,19829.0,302.16,43.0,16,3,8,2015,0,0,2015-08-03,0,0.7770064144604589
2015-08-04 17:00:00,19841.0,302.61,40.0,17,4,8,2015,1,0,2015-08-04,1,0.8984235811105757
2015-08-04 16:00:00,19791.0,301.41,48.0,16,4,8,2015,1,0,2015-08-04,0,0.7644695380425128
2015-08-05 17:00:00,19929.0,301.48,33.0,17,5,8,2015,2,0,2015-08-05,0,0.8579322583663769
2015-08-05 18:00:00,19979.0,302.33,30.0,18,5,8,2015,2,0,2015-08-05,1,0.8195422584544663
2015-08-06 17:00:00,16668.0,298.86,39.0,17,6,8,2015,3,0,2015-08-06,1,0.8685464935029992
2015-08-06 18:00:00,16562.0,299.81,47.0,18,6,8,2015,3,0,2015-08-06,0,0.8096753608989405
2015-08-07 17:00:00,17608.0,299.48,44.0,17,7,8,2015,4,0,2015-08-07,0,0.8575945817052798
2015-08-07 18:00:00,17717.0,300.23,44.0,18,7,8,2015,4,0,2015-08-07,1,0.8400866794947475
2015-08-08 18:00:00,17927.0,299.74,42.0,18,8,8,2015,5,1,2015-08-08,1,0.8762310477778567
2015-08-08 17:00:00,17918.0,299.21,50.0,17,8,8,2015,5,1,2015-08-08,0,0.8331233812747059
2015-08-09 18:00:00,17776.0,300.8,47.0,18,9,8,2015,6,1,2015-08-09,1,0.9034970513147874
2015-08-09 17:00:00,17695.0,300.19,47.0,17,9,8,2015,6,1,2015-08-09,0,0.836219976545176
2015-08-10 17:00:00,19213.0,299.67,48.0,17,10,8,2015,0,0,2015-08-10,0,0.8833115350992727
2015-08-10 15:00:00,19742.0,298.12,61.0,15,10,8,2015,0,0,2015-08-10,1,0.8167294421467329
2015-08-11 15:00:00,19194.0,294.91,88.0,15,11,8,2015,1,0,2015-08-11,1,0.7403429876909534
2015-08-11 16:00:00,19126.0,295.45,88.0,16,11,8,2015,1,0,2015-08-11,0,0.6595714378874252
2015-08-12 18:00:00,17951.0,300.61,47.0,18,12,8,2015,2,0,2015-08-12,1,0.8493331786314574
2015-08-12 17:00:00,17906.0,299.78,51.0,17,12,8,2015,2,0,2015-08-12,0,0.8431147442360547
2015-08-13 18:00:00,18664.0,299.75,34.0,18,13,8,2015,3,0,2015-08-13,1,0.8835784019582458
2015-08-13 17:00:00,18635.0,299.07,47.0,17,13,8,2015,3,0,2015-08-13,0,0.8787829282394856
2015-08-14 17:00:00,19522.0,301.75,35.0,17,14,8,2015,4,0,2015-08-14,1,0.8939874333044624
2015-08-14 18:00:00,19453.0,302.4,39.0,18,14,8,2015,4,0,2015-08-14,0,0.8469763606328737
2015-08-15 18:00:00,18742.0,305.17,32.0,18,15,8,2015,5,1,2015-08-15,1,0.8449713103234869
2015-08-15 17:00:00,18657.0,304.07,38.0,17,15,8,2015,5,1,2015-08-15,0,0.8040453801258767
2015-08-16 18:00:00,19316.0,304.73,46.0,18,16,8,2015,6,1,2015-08-16,1,0.8781751784145613
2015-08-16 17:00:00,19195.0,304.03,43.0,17,16,8,2015,6,1,2015-08-16,0,0.7891771562029273
2015-08-17 15:00:00,20579.0,302.39,52.0,15,17,8,2015,0,0,2015-08-17,1,0.8503314745925722
2015-08-17 17:00:00,20104.0,305.52,36.0,17,17,8,2015,0,0,2015-08-17,0,0.7467393024374078
2015-08-18 17:00:00,19681.0,303.88,55.0,17,18,8,2015,1,0,2015-08-18,1,0.8804069317082789
2015-08-18 16:00:00,19301.0,302.68,62.0,16,18,8,2015,1,0,2015-08-18,0,0.8189046515051958
2015-08-19 17:00:00,20580.0,302.56,58.0,17,19,8,2015,2,0,2015-08-19,0,0.904723994031864
2015-08-19 15:00:00,20649.0,301.07,74.0,15,19,8,2015,2,0,2015-08-19,1,0.810556604887972
2015-08-20 17:00:00,18285.0,302.2,62.0,17,20,8,2015,3,0,2015-08-20,1,0.8760138538195154
2015-08-20 18:00:00,18008.0,301.55,62.0,18,20,8,2015,3,0,2015-08-20,0,0.814267392954773
2015-08-21 17:00:00,17604.0,299.9,51.0,17,21,8,2015,4,0,2015-08-21,1,0.8464444823158435
2015-08-21 18:00:00,17426.0,300.9,42.0,18,21,8,2015,4,0,2015-08-21,0,0.8312166306734536
2015-08-22 18:00:00,16651.0,300.34,39.0,18,22,8,2015,5,1,2015-08-22,1,0.8960964155595835
2015-08-22 17:00:00,16595.0,299.46,42.0,17,22,8,2015,5,1,2015-08-22,0,0.8048706017475457
2015-08-23 18:00:00,17587.0,300.17,54.0,18,23,8,2015,6,1,2015-08-23,1,0.8498713968899232
2015-08-23 17:00:00,17408.0,299.48,61.0,17,23,8,2015,6,1,2015-08-23,0,0.7753004560473209
2015-08-24 17:00:00,18272.0,301.38,51.0,17,24,8,2015,0,0,2015-08-24,1,0.8786822318166735
2015-08-24 18:00:00,18044.0,302.15,48.0,18,24,8,2015,0,0,2015-08-24,0,0.8343331025217714
2015-08-25 17:00:00,15945.0,302.57,40.0,17,25,8,2015,1,0,2015-08-25,1,0.8122103261846719
2015-08-25 18:00:00,15723.0,303.17,65.0,18,25,8,2015,1,0,2015-08-25,0,0.5007302406420473
2015-08-26 17:00:00,15165.0,299.08,39.0,17,26,8,2015,2,0,2015-08-26,1,0.84727876849826
2015-08-26 18:00:00,15051.0,299.83,39.0,18,26,8,2015,2,0,2015-08-26,0,0.7056750542281857
2015-08-27 18:00:00,16196.0,298.18,47.0,18,27,8,2015,3,0,2015-08-27,1,0.8488186740290279
2015-08-27 17:00:00,16063.0,297.85,41.0,17,27,8,2015,3,0,2015-08-27,0,0.8085298554971384
2015-08-28 18:00:00,17144.0,298.07,44.0,18,28,8,2015,4,0,2015-08-28,0,0.82843561906555
2015-08-28 17:00:00,17397.0,297.44,47.0,17,28,8,2015,4,0,2015-08-28,1,0.7283087052902143
2015-08-29 17:00:00,16780.0,300.4,42.0,17,29,8,2015,5,1,2015-08-29,1,0.870074732644011
2015-08-29 18:00:00,16696.0,301.07,42.0,18,29,8,2015,5,1,2015-08-29,0,0.8642065722577316
2015-08-30 18:00:00,17711.0,303.22,42.0,18,30,8,2015,6,1,2015-08-30,1,0.8435947294059771
2015-08-30 17:00:00,17540.0,302.19,51.0,17,30,8,2015,6,1,2015-08-30,0,0.8026770755738554
2015-08-31 17:00:00,20487.0,302.74,48.0,17,31,8,2015,0,0,2015-08-31,1,0.9253082869480947
2015-08-31 16:00:00,20370.0,301.64,54.0,16,31,8,2015,0,0,2015-08-31,0,0.8231152978821034
2015-09-01 17:00:00,20480.0,301.88,51.0,17,1,9,2015,1,0,2015-09-01,1,0.9298695068110248
2015-09-01 15:00:00,20427.0,300.28,61.0,15,1,9,2015,1,0,2015-09-01,0,0.8184658313140752
2015-09-02 17:00:00,20494.0,303.38,58.0,17,2,9,2015,2,0,2015-09-02,0,0.8503137961151478
2015-09-02 15:00:00,20815.0,300.25,61.0,15,2,9,2015,2,0,2015-09-02,1,0.8441652319541464
2015-09-03 15:00:00,20625.0,301.26,54.0,15,3,9,2015,3,0,2015-09-03,1,0.8720387152556861
2015-09-03 17:00:00,20483.0,303.95,45.0,17,3,9,2015,3,0,2015-09-03,0,0.8502343142195028
2015-09-04 17:00:00,19730.0,299.71,65.0,17,4,9,2015,4,0,2015-09-04,0,0.8524636091076714
2015-09-04 16:00:00,19946.0,299.72,65.0,16,4,9,2015,4,0,2015-09-04,1,0.831312401294013
2015-09-05 17:00:00,17806.0,298.12,56.0,17,5,9,2015,5,1,2015-09-05,1,0.8478078787408501
2015-09-05 18:00:00,17788.0,299.46,56.0,18,5,9,2015,5,1,2015-09-05,0,0.7758077875339879
2015-09-06 18:00:00,18551.0,301.28,37.0,18,6,9,2015,6,1,2015-09-06,1,0.8669496219270766
2015-09-06 17:00:00,18549.0,299.93,50.0,17,6,9,2015,6,1,2015-09-06,0,0.8302290158163924
2015-09-07 17:00:00,19492.0,302.84,33.0,17,7,9,2015,0,0,2015-09-07,0,0.7615245160579822
2015-09-07 16:00:00,19163.0,300.87,54.0,16,7,9,2015,0,0,2015-09-07,0,0.7434010781344668
2015-09-08 15:00:00,20899.0,302.44,43.0,15,8,9,2015,1,0,2015-09-08,1,0.8278212152419304
2015-09-08 17:00:00,20775.0,306.33,43.0,17,8,9,2015,1,0,2015-09-08,0,0.6649899707642742
2015-09-09 15:00:00,19032.0,301.24,69.0,15,9,9,2015,2,0,2015-09-09,1,0.7705176172053726
2015-09-09 17:00:00,18799.0,303.33,52.0,17,9,9,2015,2,0,2015-09-09,0,0.7257127996590849
2015-09-10 17:00:00,17787.0,296.28,78.0,17,10,9,2015,3,0,2015-09-10,1,0.7385410911900939
2015-09-10 18:00:00,17717.0,296.74,88.0,18,10,9,2015,3,0,2015-09-10,0,0.5782989387212889
2015-09-11 17:00:00,16739.0,296.6,65.0,17,11,9,2015,4,0,2015-09-11,0,0.7903367876055352
2015-09-11 18:00:00,16349.0,297.79,61.0,18,11,9,2015,4,0,2015-09-11,0,0.7698775084370335
2015-09-12 21:00:00,13031.0,296.52,73.0,21,12,9,2015,5,1,2015-09-12,0,0.3793652218174461
2015-09-12 20:00:00,12765.0,297.03,69.0,20,12,9,2015,5,1,2015-09-12,0,0.1926665719354053
2015-09-13 21:00:00,13214.0,294.07,68.0,21,13,9,2015,6,1,2015-09-13,1,0.8004577444956579
2015-09-13 22:00:00,12758.0,293.51,64.0,22,13,9,2015,6,1,2015-09-13,0,0.22462600907595495
2015-09-14 17:00:00,15078.0,294.99,40.0,17,14,9,2015,0,0,2015-09-14,1,0.7891091817763456
2015-09-14 18:00:00,15011.0,295.71,40.0,18,14,9,2015,0,0,2015-09-14,0,0.7472250197211875
2015-09-15 17:00:00,16406.0,298.12,41.0,17,15,9,2015,1,0,2015-09-15,0,0.8465655062149529
2015-09-15 18:00:00,16437.0,299.33,32.0,18,15,9,2015,1,0,2015-09-15,1,0.8230164602327775
2015-09-16 17:00:00,17419.0,300.46,39.0,17,16,9,2015,2,0,2015-09-16,1,0.8734337477405362
2015-09-16 18:00:00,17392.0,301.37,40.0,18,16,9,2015,2,0,2015-09-16,0,0.8053385426937527
2015-09-17 17:00:00,17985.0,301.53,35.0,17,17,9,2015,3,0,2015-09-17,1,0.8441117571964704
2015-09-17 18:00:00,17926.0,302.41,35.0,18,17,9,2015,3,0,2015-09-17,0,0.7833679538963858
2015-09-18 17:00:00,17389.0,300.83,42.0,17,18,9,2015,4,0,2015-09-18,1,0.8588442327293393
2015-09-18 18:00:00,17193.0,301.53,37.0,18,18,9,2015,4,0,2015-09-18,0,0.8031435576918082
2015-09-19 18:00:00,15149.0,299.72,51.0,18,19,9,2015,5,1,2015-09-19,0,0.7189902917769859
2015-09-19 16:00:00,15295.0,297.7,77.0,16,19,9,2015,5,1,2015-09-19,1,0.6476799879873072
2015-09-20 18:00:00,13800.0,296.79,49.0,18,20,9,2015,6,1,2015-09-20,0,0.49220796453096405
2015-09-20 21:00:00,14125.0,297.18,27.0,21,20,9,2015,6,1,2015-09-20,1,0.48640782547887623
2015-09-21 17:00:00,15404.0,292.72,52.0,17,21,9,2015,0,0,2015-09-21,1,0.8051953511099035
2015-09-21 18:00:00,15348.0,293.73,40.0,18,21,9,2015,0,0,2015-09-21,0,0.8018678414105445
2015-09-22 17:00:00,16176.0,293.13,64.0,17,22,9,2015,1,0,2015-09-22,1,0.8065009417522065
2015-09-22 18:00:00,15999.0,293.73,60.0,18,22,9,2015,1,0,2015-09-22,0,0.7860802364409626
2015-09-23 17:00:00,16471.0,295.69,40.0,17,23,9,2015,2,0,2015-09-23,0,0.8303357703025207
2015-09-23 18:00:00,16497.0,296.67,36.0,18,23,9,2015,2,0,2015-09-23,1,0.823870675223055
2015-09-24 18:00:00,16626.0,298.33,36.0,18,24,9,2015,3,0,2015-09-24,0,0.8238736965114941
2015-09-24 17:00:00,16698.0,297.42,42.0,17,24,9,2015,3,0,2015-09-24,1,0.7382503981063686
2015-09-25 17:00:00,15117.0,294.75,50.0,17,25,9,2015,4,0,2015-09-25,0,0.7811247452684539
2015-09-25 18:00:00,14819.0,295.27,52.0,18,25,9,2015,4,0,2015-09-25,0,0.6562591388002896
2015-09-26 21:00:00,13601.0,293.26,43.0,21,26,9,2015,5,1,2015-09-26,1,0.8405993810557735
2015-09-26 20:00:00,13372.0,293.59,49.0,20,26,9,2015,5,1,2015-09-26,0,0.7326111315870655
2015-09-27 21:00:00,14368.0,293.43,64.0,21,27,9,2015,6,1,2015-09-27,1,0.7249019812945382
2015-09-27 18:00:00,13774.0,292.58,64.0,18,27,9,2015,6,1,2015-09-27,0,0.6173196087952414
2015-09-28 17:00:00,16910.0,295.63,64.0,17,28,9,2015,0,0,2015-09-28,0,0.8068763582986209
2015-09-28 18:00:00,16948.0,296.94,64.0,18,28,9,2015,0,0,2015-09-28,0,0.793576469838619
2015-09-29 18:00:00,15459.0,299.78,65.0,18,29,9,2015,1,0,2015-09-29,0,0.6126982119180301
2015-09-29 16:00:00,15626.0,298.64,65.0,16,29,9,2015,1,0,2015-09-29,0,0.5289817357478467
2015-09-30 21:00:00,14699.0,293.58,60.0,21,30,9,2015,2,0,2015-09-30,0,0.7078016402089449
2015-09-30 20:00:00,14668.0,293.52,73.0,20,30,9,2015,2,0,2015-09-30,0,0.6010180150692064
2015-10-01 21:00:00,14111.0,288.73,71.0,21,1,10,2015,3,0,2015-10-01,1,0.610488004266318
2015-10-01 20:00:00,14048.0,288.9,67.0,20,1,10,2015,3,0,2015-10-01,0,0.26272841395986835
2015-10-02 11:00:00,13899.0,284.03,81.0,11,2,10,2015,4,0,2015-10-02,1,0.5642114699051641
2015-10-02 12:00:00,13866.0,283.79,71.0,12,2,10,2015,4,0,2015-10-02,0,0.2757293712504053
2015-10-03 20:00:00,13122.0,284.16,87.0,20,3,10,2015,5,1,2015-10-03,0,0.5729552563567744
2015-10-03 11:00:00,13280.0,282.32,93.0,11,3,10,2015,5,1,2015-10-03,0,0.4545986750413289
2015-10-04 21:00:00,13187.0,290.02,55.0,21,4,10,2015,6,1,2015-10-04,1,0.885458722834413
2015-10-04 20:00:00,13121.0,289.84,55.0,20,4,10,2015,6,1,2015-10-04,0,0.7716407747430927
2015-10-05 20:00:00,15078.0,290.78,82.0,20,5,10,2015,0,0,2015-10-05,1,0.8007891519736865
2015-10-05 21:00:00,14905.0,290.81,55.0,21,5,10,2015,0,0,2015-10-05,0,0.7630354428963261
2015-10-06 20:00:00,15046.0,294.89,47.0,20,6,10,2015,1,0,2015-10-06,1,0.8432450654795542
2015-10-06 21:00:00,15028.0,294.81,50.0,21,6,10,2015,1,0,2015-10-06,0,0.7786779325239496
2015-10-07 20:00:00,15064.0,294.68,53.0,20,7,10,2015,2,0,2015-10-07,0,0.8178828173297145
2015-10-07 17:00:00,15080.0,292.31,55.0,17,7,10,2015,2,0,2015-10-07,1,0.7829011076676334
2015-10-08 20:00:00,15420.0,293.08,63.0,20,8,10,2015,3,0,2015-10-08,1,0.8141628273644858
2015-10-08 17:00:00,15337.0,292.69,56.0,17,8,10,2015,3,0,2015-10-08,0,0.7808317835766533
2015-10-09 14:00:00,14900.0,290.89,77.0,14,9,10,2015,4,0,2015-10-09,1,0.53209672772556
2015-10-09 15:00:00,14740.0,292.53,73.0,15,9,10,2015,4,0,2015-10-09,0,0.4797308798032707
2015-10-10 20:00:00,12745.0,290.22,41.0,20,10,10,2015,5,1,2015-10-10,1,0.6498037880182261
2015-10-10 21:00:00,12588.0,290.33,39.0,21,10,10,2015,5,1,2015-10-10,0,0.3944758219094597
2015-10-11 20:00:00,13245.0,293.19,42.0,20,11,10,2015,6,1,2015-10-11,1,0.8587006692210198
2015-10-11 21:00:00,13228.0,293.06,37.0,21,11,10,2015,6,1,2015-10-11,0,0.8501690656335837
2015-10-12 20:00:00,15002.0,296.75,38.0,20,12,10,2015,0,0,2015-10-12,1,0.8072054596639053
2015-10-12 21:00:00,14795.0,295.63,43.0,21,12,10,2015,0,0,2015-10-12,0,0.7604665111321792
2015-10-13 20:00:00,14442.0,293.46,73.0,20,13,10,2015,1,0,2015-10-13,1,0.7118479847457988
2015-10-13 21:00:00,14328.0,293.84,68.0,21,13,10,2015,1,0,2015-10-13,0,0.5213912396100693
2015-10-14 21:00:00,14316.0,291.4,52.0,21,14,10,2015,2,0,2015-10-14,0,0.4688535791228981
2015-10-14 20:00:00,14370.0,291.35,52.0,20,14,10,2015,2,0,2015-10-14,1,0.4551665570753047
2015-10-15 20:00:00,14491.0,290.32,45.0,20,15,10,2015,3,0,2015-10-15,0,0.5758447483085094
2015-10-15 21:00:00,14376.0,290.45,42.0,21,15,10,2015,3,0,2015-10-15,0,0.48552013495280505
2015-10-16 10:00:00,14281.0,284.21,71.0,10,16,10,2015,4,0,2015-10-16,1,0.48810900227988313
2015-10-16 11:00:00,14267.0,283.82,93.0,11,16,10,2015,4,0,2015-10-16,0,0.2794315355618598
2015-10-17 21:00:00,13527.0,284.89,34.0,21,17,10,2015,5,1,2015-10-17,0,0.7345559245153033
2015-10-17 20:00:00,13578.0,284.53,34.0,20,17,10,2015,5,1,2015-10-17,0,0.6431283240040753
2015-10-18 21:00:00,14189.0,281.56,27.0,21,18,10,2015,6,1,2015-10-18,1,0.6488338358882771
2015-10-18 20:00:00,14029.0,281.56,31.0,20,18,10,2015,6,1,2015-10-18,0,0.5325545679907321
2015-10-19 08:00:00,16601.0,273.08,85.0,8,19,10,2015,0,0,2015-10-19,1,0.8710074025770608
2015-10-19 20:00:00,15008.0,283.98,34.0,20,19,10,2015,0,0,2015-10-19,0,0.6098123621478895
2015-10-20 08:00:00,15645.0,281.04,94.0,8,20,10,2015,1,0,2015-10-20,1,0.8640178781707186
2015-10-20 20:00:00,14683.0,294.0,28.0,20,20,10,2015,1,0,2015-10-20,0,0.613240252917873
2015-10-21 08:00:00,14858.0,284.89,58.0,8,21,10,2015,2,0,2015-10-21,1,0.8289881871380105
2015-10-21 09:00:00,14716.0,284.27,62.0,9,21,10,2015,2,0,2015-10-21,0,0.5752231457709367
2015-10-22 20:00:00,14717.0,295.64,33.0,20,22,10,2015,3,0,2015-10-22,1,0.7737915086445433
2015-10-22 21:00:00,14503.0,295.41,36.0,21,22,10,2015,3,0,2015-10-22,0,0.587932834619492
2015-10-23 11:00:00,14161.0,284.57,62.0,11,23,10,2015,4,0,2015-10-23,1,0.5330169052542124
2015-10-23 12:00:00,14050.0,283.77,66.0,12,23,10,2015,4,0,2015-10-23,0,0.37939755131603264
2015-10-24 20:00:00,12920.0,285.89,58.0,20,24,10,2015,5,1,2015-10-24,1,0.7301553028198494
2015-10-24 21:00:00,12805.0,286.23,76.0,21,24,10,2015,5,1,2015-10-24,0,0.40763858178449097
2015-10-25 20:00:00,13169.0,291.89,45.0,20,25,10,2015,6,1,2015-10-25,1,0.8435548859685552
2015-10-25 21:00:00,13067.0,291.62,43.0,21,25,10,2015,6,1,2015-10-25,0,0.8174170327389296
2015-10-26 20:00:00,14737.0,287.61,71.0,20,26,10,2015,0,0,2015-10-26,1,0.7892097664580766
2015-10-26 21:00:00,14584.0,287.77,30.0,21,26,10,2015,0,0,2015-10-26,0,0.5371800386749473
2015-10-27 20:00:00,15422.0,287.156811634,55.0,20,27,10,2015,1,0,2015-10-27,1,0.7810416241103226
2015-10-27 19:00:00,15098.0,287.07,50.0,19,27,10,2015,1,0,2015-10-27,0,0.7359173545774762
2015-10-28 20:00:00,14565.0,289.34135814,94.0,20,28,10,2015,2,0,2015-10-28,0,0.5781548587572484
2015-10-28 08:00:00,14547.0,284.14,66.0,8,28,10,2015,2,0,2015-10-28,0,0.510723805945963
2015-10-29 20:00:00,14605.0,291.388054945,57.0,20,29,10,2015,3,0,2015-10-29,1,0.7969427833212618
2015-10-29 21:00:00,14555.0,292.4,30.0,21,29,10,2015,3,0,2015-10-29,0,0.5958044862093338
2015-10-30 08:00:00,15219.0,282.81,43.0,8,30,10,2015,4,0,2015-10-30,1,0.8371299476051649
2015-10-30 09:00:00,15174.0,282.53805,43.0,9,30,10,2015,4,0,2015-10-30,0,0.606608610129906
2015-10-31 20:00:00,13059.0,285.135362266,54.0,20,31,10,2015,5,1,2015-10-31,0,0.7399925249338382
2015-10-31 21:00:00,12896.0,284.73,54.0,21,31,10,2015,5,1,2015-10-31,0,0.42213683414876707
2015-11-01 19:00:00,13181.0,289.975262286,67.0,19,1,11,2015,6,1,2015-11-01,1,0.7987331482036854
2015-11-01 20:00:00,13119.0,290.84,67.0,20,1,11,2015,6,1,2015-11-01,0,0.7310235988330345
2015-11-02 19:00:00,14846.0,290.32,48.0,19,2,11,2015,0,0,2015-11-02,1,0.7947582362461185
2015-11-02 20:00:00,14714.0,290.4,45.0,20,2,11,2015,0,0,2015-11-02,0,0.723760869272664
2015-11-03 20:00:00,14795.0,294.361728527,45.0,20,3,11,2015,1,0,2015-11-03,0,0.7656585681885724
2015-11-03 19:00:00,14949.0,296.07,35.0,19,3,11,2015,1,0,2015-11-03,1,0.763491727446749
2015-11-04 19:00:00,14775.0,293.69,43.0,19,4,11,2015,2,0,2015-11-04,1,0.7133579080583295
2015-11-04 20:00:00,14620.0,293.036524575,48.0,20,4,11,2015,2,0,2015-11-04,0,0.6894613118889715
2015-11-05 20:00:00,14946.0,293.577782447,79.0,20,5,11,2015,3,0,2015-11-05,0,0.7193132050780886
2015-11-05 19:00:00,15203.0,294.4,77.0,19,5,11,2015,3,0,2015-11-05,1,0.6883622871285394
2015-11-06 12:00:00,14353.0,291.4,93.0,12,6,11,2015,4,0,2015-11-06,1,0.4909657430433477
2015-11-06 11:00:00,14271.0,290.615888403,94.0,11,6,11,2015,4,0,2015-11-06,0,0.2656823090629521
2015-11-07 19:00:00,13417.0,289.15,48.0,19,7,11,2015,5,1,2015-11-07,1,0.8181109271170147
2015-11-07 20:00:00,13240.0,288.974780559,55.0,20,7,11,2015,5,1,2015-11-07,0,0.7318977200445658
2015-11-08 21:00:00,14078.0,286.393862069,31.0,21,8,11,2015,6,1,2015-11-08,1,0.7303102359151648
2015-11-08 19:00:00,13911.0,286.87,33.0,19,8,11,2015,6,1,2015-11-08,0,0.6072817190843588
2015-11-09 08:00:00,15855.0,275.8,100.0,8,9,11,2015,0,0,2015-11-09,1,0.86427507882145
2015-11-09 20:00:00,15393.0,287.541851789,39.0,20,9,11,2015,0,0,2015-11-09,0,0.7150197979171188
2015-11-10 19:00:00,15227.0,286.56,93.0,19,10,11,2015,1,0,2015-11-10,1,0.8281751321627598
2015-11-10 20:00:00,15045.0,286.650712238,95.0,20,10,11,2015,1,0,2015-11-10,0,0.6585367530533898
2015-11-11 08:00:00,15072.0,283.506863292,91.0,8,11,11,2015,2,0,2015-11-11,1,0.7761456214544191
2015-11-11 19:00:00,14735.0,287.92,63.0,19,11,11,2015,2,0,2015-11-11,0,0.7162208383454274
2015-11-12 19:00:00,15029.0,286.65,87.0,19,12,11,2015,3,0,2015-11-12,1,0.8003092940914419
2015-11-12 20:00:00,14845.0,286.644868421,89.0,20,12,11,2015,3,0,2015-11-12,0,0.6532844278337072
2015-11-13 08:00:00,15148.0,284.756811802,63.0,8,13,11,2015,4,0,2015-11-13,1,0.8460739834605633
2015-11-13 20:00:00,14983.0,285.365072886,47.0,20,13,11,2015,4,0,2015-11-13,0,0.7097588842469876
2015-11-14 09:00:00,14213.0,279.73,48.0,9,14,11,2015,5,1,2015-11-14,1,0.5945607590471104
2015-11-14 20:00:00,13866.0,282.45,34.0,20,14,11,2015,5,1,2015-11-14,0,0.4425361136943121
2015-11-15 20:00:00,13526.0,286.697480927,43.0,20,15,11,2015,6,1,2015-11-15,0,0.7081543732607969
2015-11-15 21:00:00,13475.0,287.56,29.0,21,15,11,2015,6,1,2015-11-15,0,0.6241638073045623
2015-11-16 08:00:00,16328.0,281.642886386,64.0,8,16,11,2015,0,0,2015-11-16,1,0.899835905347221
2015-11-16 20:00:00,15145.0,290.16273913,46.0,20,16,11,2015,0,0,2015-11-16,0,0.7916420430623134
2015-11-17 19:00:00,15115.0,283.15,43.0,19,17,11,2015,1,0,2015-11-17,1,0.6884189133985089
2015-11-17 08:00:00,14797.0,280.644912996,59.0,8,17,11,2015,1,0,2015-11-17,0,0.6669840000942808
2015-11-18 19:00:00,14752.0,286.88,67.0,19,18,11,2015,2,0,2015-11-18,1,0.7558567623914629
2015-11-18 20:00:00,14560.0,287.162224568,69.0,20,18,11,2015,2,0,2015-11-18,0,0.6648708616840299
2015-11-19 19:00:00,14902.0,289.57,93.0,19,19,11,2015,3,0,2015-11-19,1,0.7854409640703801
2015-11-19 20:00:00,14860.0,289.480289382,92.0,20,19,11,2015,3,0,2015-11-19,0,0.6931674333642073
2015-11-20 08:00:00,16065.0,287.81,87.0,8,20,11,2015,4,0,2015-11-20,1,0.630145437491593
2015-11-20 09:00:00,16026.0,287.73,82.0,9,20,11,2015,4,0,2015-11-20,0,0.48557896351484364
2015-11-21 09:00:00,14985.0,275.75,52.0,9,21,11,2015,5,1,2015-11-21,1,0.7490937989948079
2015-11-21 19:00:00,14360.0,282.9,37.0,19,21,11,2015,5,1,2015-11-21,0,0.57785295820187
2015-11-22 19:00:00,16096.0,282.32,37.0,19,22,11,2015,6,1,2015-11-22,1,0.7535691742477444
2015-11-22 20:00:00,16014.0,282.23,37.0,20,22,11,2015,6,1,2015-11-22,0,0.6922408072637681
2015-11-23 08:00:00,17840.0,276.66385336,61.0,8,23,11,2015,0,0,2015-11-23,1,0.8499067262752991
2015-11-23 19:00:00,16861.0,278.4,26.0,19,23,11,2015,0,0,2015-11-23,0,0.42666347053334414
2015-11-24 08:00:00,17618.0,269.76,68.0,8,24,11,2015,1,0,2015-11-24,1,0.9061278552622649
2015-11-24 20:00:00,15894.0,280.314826185,49.0,20,24,11,2015,1,0,2015-11-24,0,0.639197337556642
2015-11-25 08:00:00,15346.0,273.23,85.0,8,25,11,2015,2,0,2015-11-25,1,0.7856681217278019
2015-11-25 09:00:00,15292.0,272.53,64.0,9,25,11,2015,2,0,2015-11-25,0,0.5249585997488566
2015-11-26 11:00:00,13247.0,273.84,100.0,11,26,11,2015,3,0,2015-11-26,1,0.5635812025562832
2015-11-26 10:00:00,13222.0,273.84,84.0,10,26,11,2015,3,0,2015-11-26,0,0.1618698213279277
2015-11-27 19:00:00,12755.0,290.98,48.0,19,27,11,2015,4,0,2015-11-27,1,0.5681734435939481
2015-11-27 20:00:00,12663.0,290.384173913,54.0,20,27,11,2015,4,0,2015-11-27,0,0.18928906177691715
2015-11-28 19:00:00,13566.0,286.6,67.0,19,28,11,2015,5,1,2015-11-28,1,0.7926117839920417
2015-11-28 20:00:00,13486.0,286.43,87.0,20,28,11,2015,5,1,2015-11-28,0,0.5806176708042077
2015-11-29 19:00:00,14320.0,281.97,31.0,19,29,11,2015,6,1,2015-11-29,1,0.6374875928433192
2015-11-29 20:00:00,14265.0,281.96,32.0,20,29,11,2015,6,1,2015-11-29,0,0.43560559585025227
2015-11-30 08:00:00,15655.0,274.476520518,68.0,8,30,11,2015,0,0,2015-11-30,0,0.7830857332301082
2015-11-30 19:00:00,16210.0,280.06,61.0,19,30,11,2015,0,0,2015-11-30,1,0.7459386426382367
2015-12-01 19:00:00,15755.0,282.39,87.0,19,1,12,2015,1,0,2015-12-01,1,0.8060903460300058
2015-12-01 20:00:00,15733.0,283.190008264,91.0,20,1,12,2015,1,0,2015-12-01,0,0.765717275038676
2015-12-02 19:00:00,16321.0,283.65,87.0,19,2,12,2015,2,0,2015-12-02,1,0.8049949888282404
2015-12-02 20:00:00,16212.0,284.150157585,91.0,20,2,12,2015,2,0,2015-12-02,0,0.7780229142878476
2015-12-03 19:00:00,17104.0,282.368428335,45.0,19,3,12,2015,3,0,2015-12-03,0,0.7530142304757287
2015-12-03 20:00:00,17238.0,282.15,43.0,20,3,12,2015,3,0,2015-12-03,1,0.732964057872803
2015-12-04 19:00:00,16390.0,283.73,43.0,19,4,12,2015,4,0,2015-12-04,0,0.713402410042958
2015-12-04 20:00:00,16430.0,283.73,43.0,20,4,12,2015,4,0,2015-12-04,0,0.7051929471956653
2015-12-05 09:00:00,16458.0,273.83,69.0,9,5,12,2015,5,1,2015-12-05,1,0.8633633334782427
2015-12-05 19:00:00,15301.0,283.9,79.0,19,5,12,2015,5,1,2015-12-05,0,0.7386733255229666
2015-12-06 09:00:00,15890.0,273.235522305,90.0,9,6,12,2015,6,1,2015-12-06,1,0.7184953386257688
2015-12-06 19:00:00,15260.0,284.23182348,53.0,19,6,12,2015,6,1,2015-12-06,0,0.7004268399165501
2015-12-07 08:00:00,16977.0,274.68,86.0,8,7,12,2015,0,0,2015-12-07,1,0.6956873860772316
2015-12-07 19:00:00,16670.0,285.204210776,37.0,19,7,12,2015,0,0,2015-12-07,0,0.622211469904281
2015-12-08 08:00:00,16692.0,278.053941016,71.0,8,8,12,2015,1,0,2015-12-08,1,0.7872986402571682
2015-12-08 19:00:00,16328.0,281.69,57.0,19,8,12,2015,1,0,2015-12-08,0,0.7547929402587268
2015-12-09 08:00:00,17293.0,274.08,86.0,8,9,12,2015,2,0,2015-12-09,1,0.7739518948854244
2015-12-09 19:00:00,16118.0,283.0,61.0,19,9,12,2015,2,0,2015-12-09,0,0.6870032531426433
2015-12-10 08:00:00,16080.0,282.919346588,83.0,8,10,12,2015,3,0,2015-12-10,1,0.776056150890868
2015-12-10 19:00:00,15767.0,288.48,55.0,19,10,12,2015,3,0,2015-12-10,0,0.7487646198580886
2015-12-11 08:00:00,15336.0,279.911910137,90.0,8,11,12,2015,4,0,2015-12-11,1,0.7051228463444825
2015-12-11 19:00:00,14700.0,288.13,59.0,19,11,12,2015,4,0,2015-12-11,0,0.610371991357236
2015-12-12 19:00:00,13553.0,290.07,55.0,19,12,12,2015,5,1,2015-12-12,0,0.72482984569621
2015-12-12 18:00:00,13562.0,290.37,55.0,18,12,12,2015,5,1,2015-12-12,1,0.6755539465173664
2015-12-13 19:00:00,14066.0,291.46,63.0,19,13,12,2015,6,1,2015-12-13,1,0.6918273638546059
2015-12-13 20:00:00,13968.0,291.38,63.0,20,13,12,2015,6,1,2015-12-13,0,0.6235770976544903
2015-12-14 19:00:00,15628.0,287.93103296,90.0,19,14,12,2015,0,0,2015-12-14,1,0.7620185609781922
2015-12-14 20:00:00,15488.0,289.48,82.0,20,14,12,2015,0,0,2015-12-14,0,0.7093437794270778
2015-12-15 20:00:00,16087.0,288.48,47.0,20,15,12,2015,1,0,2015-12-15,1,0.7790922214322267
2015-12-15 19:00:00,16086.0,287.740259631,58.0,19,15,12,2015,1,0,2015-12-15,0,0.7299691221032455
2015-12-16 08:00:00,16312.0,282.514009751,62.0,8,16,12,2015,2,0,2015-12-16,1,0.7886123634962025
2015-12-16 19:00:00,15398.0,283.3,50.0,19,16,12,2015,2,0,2015-12-16,0,0.7010164274355287
2015-12-17 19:00:00,16591.0,286.060567571,93.0,19,17,12,2015,3,0,2015-12-17,1,0.8016475009827673
2015-12-17 20:00:00,16482.0,286.56,93.0,20,17,12,2015,3,0,2015-12-17,0,0.7874347735981072
2015-12-18 19:00:00,17962.0,280.89,52.0,19,18,12,2015,4,0,2015-12-18,1,0.7867124769957299
2015-12-18 20:00:00,17797.0,280.61,49.0,20,18,12,2015,4,0,2015-12-18,0,0.7054083709233239
2015-12-19 09:00:00,16680.0,275.36,47.0,9,19,12,2015,5,1,2015-12-19,1,0.8552516952920521
2015-12-19 20:00:00,16554.0,276.52,41.0,20,19,12,2015,5,1,2015-12-19,0,0.5803297582180441
2015-12-20 09:00:00,16399.0,275.267473245,45.0,9,20,12,2015,6,1,2015-12-20,1,0.8451656482928592
2015-12-20 20:00:00,15936.0,278.57876144,47.0,20,20,12,2015,6,1,2015-12-20,0,0.601521418011605
2015-12-21 09:00:00,16484.0,275.848606592,56.0,9,21,12,2015,0,0,2015-12-21,1,0.7480637787358614
2015-12-21 19:00:00,16077.0,283.27,50.0,19,21,12,2015,0,0,2015-12-21,0,0.6978790066329329
2015-12-22 19:00:00,15051.0,286.95,87.0,19,22,12,2015,1,0,2015-12-22,1,0.706928982673802
2015-12-22 20:00:00,14939.0,287.103227089,88.0,20,22,12,2015,1,0,2015-12-22,0,0.6517668803367218
2015-12-23 19:00:00,14478.0,285.84,93.0,19,23,12,2015,2,0,2015-12-23,1,0.3975117498580548
2015-12-23 20:00:00,14285.0,285.938440367,93.0,20,23,12,2015,2,0,2015-12-23,0,0.2274849205845103
2015-12-24 11:00:00,12221.0,289.73,83.0,11,24,12,2015,3,0,2015-12-24,1,0.5452700100330543
2015-12-24 12:00:00,12152.0,290.106167698,81.0,12,24,12,2015,3,0,2015-12-24,0,0.16193189483464696
2015-12-25 12:00:00,12088.0,284.33,100.0,12,25,12,2015,4,0,2015-12-25,1,0.5812964537126257
2015-12-25 13:00:00,11942.0,284.28,100.0,13,25,12,2015,4,0,2015-12-25,0,0.2371883935211855
2015-12-26 19:00:00,13293.0,283.52,53.0,19,26,12,2015,5,1,2015-12-26,1,0.6482562161691459
2015-12-26 20:00:00,13152.0,283.45,50.0,20,26,12,2015,5,1,2015-12-26,0,0.46217989810654736
2015-12-27 14:00:00,15488.0,283.36,87.0,14,27,12,2015,6,1,2015-12-27,1,0.4383771564532376
2015-12-27 20:00:00,13687.0,287.62,77.0,20,27,12,2015,6,1,2015-12-27,0,0.43799743044250183
2015-12-28 19:00:00,16113.0,277.61,48.0,19,28,12,2015,0,0,2015-12-28,0,0.6816507691375503
2015-12-28 20:00:00,15857.0,277.24,52.0,20,28,12,2015,0,0,2015-12-28,0,0.5837938502070398
2015-12-29 20:00:00,15322.0,280.219469027,94.0,20,29,12,2015,1,0,2015-12-29,1,0.7594841455672148
2015-12-29 19:00:00,15320.0,277.43,93.0,19,29,12,2015,1,0,2015-12-29,0,0.6409757145833092
2015-12-30 19:00:00,15260.0,278.94,81.0,19,30,12,2015,2,0,2015-12-30,1,0.7165886750046632
2015-12-30 20:00:00,15134.0,279.03,87.0,20,30,12,2015,2,0,2015-12-30,0,0.6564712805997657
2015-12-31 19:00:00,15360.0,281.21,66.0,19,31,12,2015,3,0,2015-12-31,1,0.7185398407161643
2015-12-31 20:00:00,15030.0,281.22,66.0,20,31,12,2015,3,0,2015-12-31,0,0.6251709511011312
2016-01-01 20:00:00,15595.0,276.93,55.0,20,1,1,2016,4,0,2016-01-01,1,0.5719757910733532
2016-01-01 19:00:00,15594.0,277.07,60.0,19,1,1,2016,4,0,2016-01-01,0,0.5157698123492724
2016-01-02 20:00:00,15481.0,277.09,41.0,20,2,1,2016,5,1,2016-01-02,1,0.6670619530450727
2016-01-02 19:00:00,15383.0,277.15,41.0,19,2,1,2016,5,1,2016-01-02,0,0.5630316369267806
2016-01-03 20:00:00,15976.0,279.041258614,54.0,20,3,1,2016,6,1,2016-01-03,1,0.7435047953797786
2016-01-03 19:00:00,15946.0,279.39,42.0,19,3,1,2016,6,1,2016-01-03,0,0.6378184755119694
2016-01-04 08:00:00,17696.0,273.433461978,80.0,8,4,1,2016,0,0,2016-01-04,0,0.7242825242485165
2016-01-04 20:00:00,18928.0,269.98,28.0,20,4,1,2016,0,0,2016-01-04,1,0.5536652726096961
2016-01-05 08:00:00,20424.0,261.42,51.0,8,5,1,2016,1,0,2016-01-05,1,0.8858121834096765
2016-01-05 20:00:00,19010.0,270.73,25.0,20,5,1,2016,1,0,2016-01-05,0,0.4489942391081098
2016-01-06 08:00:00,20502.0,265.15,57.0,8,6,1,2016,2,0,2016-01-06,1,0.9172770674647979
2016-01-06 09:00:00,20107.0,264.96,85.0,9,6,1,2016,2,0,2016-01-06,0,0.3419483523861534
2016-01-07 08:00:00,19303.0,268.87,85.0,8,7,1,2016,3,0,2016-01-07,1,0.9033527043201433
2016-01-07 20:00:00,17102.0,280.08,28.0,20,7,1,2016,3,0,2016-01-07,0,0.5041378073847589
2016-01-08 08:00:00,17338.0,272.19,68.0,8,8,1,2016,4,0,2016-01-08,1,0.8894354210753996
2016-01-08 19:00:00,16261.0,279.43,65.0,19,8,1,2016,4,0,2016-01-08,0,0.5825256702446193
2016-01-09 19:00:00,14643.0,280.19,87.0,19,9,1,2016,5,1,2016-01-09,1,0.6971672941966836
2016-01-09 20:00:00,14446.0,280.821618658,88.0,20,9,1,2016,5,1,2016-01-09,0,0.47826431339272046
2016-01-10 20:00:00,17856.0,287.31,72.0,20,10,1,2016,6,1,2016-01-10,1,0.7366529281995885
2016-01-10 21:00:00,17838.0,287.007677086,76.0,21,10,1,2016,6,1,2016-01-10,0,0.5203394730767319
2016-01-11 08:00:00,20610.0,274.52,43.0,8,11,1,2016,0,0,2016-01-11,1,0.8278446973327921
2016-01-11 20:00:00,19583.0,273.9,24.0,20,11,1,2016,0,0,2016-01-11,0,0.47531383061635846
2016-01-12 20:00:00,19947.0,278.6,69.0,20,12,1,2016,1,0,2016-01-12,1,0.8236671496103544
2016-01-12 08:00:00,19123.0,266.73,49.0,8,12,1,2016,1,0,2016-01-12,0,0.7163597668582302
2016-01-13 08:00:00,21177.0,269.479668362,62.0,8,13,1,2016,2,0,2016-01-13,1,0.9392910951651896
2016-01-13 20:00:00,19797.0,271.426827436,50.0,20,13,1,2016,2,0,2016-01-13,0,0.5537696941896548
2016-01-14 08:00:00,19088.0,267.382501246,60.0,8,14,1,2016,3,0,2016-01-14,1,0.8747259153743463
2016-01-14 20:00:00,16916.0,275.104226234,58.0,20,14,1,2016,3,0,2016-01-14,0,0.5117114425910393
2016-01-15 08:00:00,17869.0,272.367833631,97.0,8,15,1,2016,4,0,2016-01-15,1,0.8647779135402893
2016-01-15 19:00:00,16522.0,282.09,73.0,19,15,1,2016,4,0,2016-01-15,0,0.6373460192067156
2016-01-16 19:00:00,16468.0,283.17,50.0,19,16,1,2016,5,1,2016-01-16,1,0.8142334772025983
2016-01-16 20:00:00,16294.0,282.404819398,64.0,20,16,1,2016,5,1,2016-01-16,0,0.6259114998926002
2016-01-17 21:00:00,18333.0,272.44,97.0,21,17,1,2016,6,1,2016-01-17,1,0.6580112307924862
2016-01-17 19:00:00,18205.0,274.52,59.0,19,17,1,2016,6,1,2016-01-17,0,0.574632741304136
2016-01-18 08:00:00,20910.0,271.31,86.0,8,18,1,2016,0,0,2016-01-18,0,0.6943149075179775
2016-01-18 20:00:00,21594.0,269.814814093,56.0,20,18,1,2016,0,0,2016-01-18,0,0.6161187626570045
2016-01-19 08:00:00,22256.0,265.65093079,66.0,8,19,1,2016,1,0,2016-01-19,1,0.9349814396428643
2016-01-19 20:00:00,21178.0,270.645724414,56.0,20,19,1,2016,1,0,2016-01-19,0,0.6143805716444979
2016-01-20 08:00:00,21517.0,270.63,54.0,8,20,1,2016,2,0,2016-01-20,1,0.9041204183755839
2016-01-20 20:00:00,20283.0,275.18,40.0,20,20,1,2016,2,0,2016-01-20,0,0.5848848378264954
2016-01-21 08:00:00,20352.0,270.89,58.0,8,21,1,2016,3,0,2016-01-21,1,0.8583234142301006
2016-01-21 20:00:00,19591.0,274.374796962,53.0,20,21,1,2016,3,0,2016-01-21,0,0.5978698623014811
2016-01-22 08:00:00,19780.0,267.454151079,64.0,8,22,1,2016,4,0,2016-01-22,0,0.8347549490137492
2016-01-22 11:00:00,19960.0,265.6,53.0,11,22,1,2016,4,0,2016-01-22,1,0.5315657619934855
2016-01-23 09:00:00,17914.0,269.036491003,83.0,9,23,1,2016,5,1,2016-01-23,0,0.4077568080593634
2016-01-23 19:00:00,18294.0,270.32,100.0,19,23,1,2016,5,1,2016-01-23,1,0.3518747898745093
2016-01-24 09:00:00,18125.0,268.21,57.0,9,24,1,2016,6,1,2016-01-24,1,0.8017798222526146
2016-01-24 19:00:00,17424.0,273.076133223,85.0,19,24,1,2016,6,1,2016-01-24,0,0.5610811585142442
2016-01-25 08:00:00,19605.0,266.919424381,75.0,8,25,1,2016,0,0,2016-01-25,1,0.8871483105443195
2016-01-25 19:00:00,17768.0,275.63,51.0,19,25,1,2016,0,0,2016-01-25,0,0.5342637450328356
2016-01-26 08:00:00,17156.0,270.2,74.0,8,26,1,2016,1,0,2016-01-26,0,0.7937394288941289
2016-01-26 19:00:00,17747.0,280.55,97.0,19,26,1,2016,1,0,2016-01-26,1,0.6817128567499896
2016-01-27 20:00:00,18331.0,278.154670533,59.0,20,27,1,2016,2,0,2016-01-27,0,0.6903601383359255
2016-01-27 08:00:00,17976.0,278.32,80.0,8,27,1,2016,2,0,2016-01-27,0,0.5905856312665658
2016-01-28 08:00:00,19852.0,268.69,74.0,8,28,1,2016,3,0,2016-01-28,1,0.9481907737814721
2016-01-28 20:00:00,17448.0,278.1,48.0,20,28,1,2016,3,0,2016-01-28,0,0.5766188834205759
2016-01-29 08:00:00,17992.0,273.5,74.0,8,29,1,2016,4,0,2016-01-29,1,0.8831236955036317
2016-01-29 19:00:00,17398.0,277.2,64.0,19,29,1,2016,4,0,2016-01-29,0,0.6053811375515433
2016-01-30 09:00:00,16784.0,270.48,62.0,9,30,1,2016,5,1,2016-01-30,1,0.8361663865702472
2016-01-30 10:00:00,16354.0,270.26,63.0,10,30,1,2016,5,1,2016-01-30,0,0.4913247313064698
2016-01-31 19:00:00,14316.0,284.63,49.0,19,31,1,2016,6,1,2016-01-31,1,0.648318048187883
2016-01-31 21:00:00,14225.0,284.693528399,49.0,21,31,1,2016,6,1,2016-01-31,0,0.4863420539358887
2016-02-01 08:00:00,15741.0,276.46,86.0,8,1,2,2016,0,0,2016-02-01,0,0.722079549650919
2016-02-01 20:00:00,16227.0,283.567791475,68.0,20,1,2,2016,0,0,2016-02-01,1,0.6829500430445798
2016-02-02 08:00:00,17033.0,274.35,69.0,8,2,2,2016,1,0,2016-02-02,1,0.8751658341028579
2016-02-02 09:00:00,16608.0,274.159918769,69.0,9,2,2,2016,1,0,2016-02-02,0,0.555233301632995
2016-02-03 08:00:00,15212.0,275.43,75.0,8,3,2,2016,2,0,2016-02-03,0,0.7080396570781318
2016-02-03 20:00:00,15659.0,284.934222615,88.0,20,3,2,2016,2,0,2016-02-03,1,0.6894604200871522
2016-02-04 20:00:00,17683.0,283.062974013,62.0,20,4,2,2016,3,0,2016-02-04,1,0.6853346024451473
2016-02-04 19:00:00,17595.0,283.37,50.0,19,4,2,2016,3,0,2016-02-04,0,0.6143816746171834
2016-02-05 08:00:00,18831.0,276.18,100.0,8,5,2,2016,4,0,2016-02-05,1,0.6652287673823362
2016-02-05 20:00:00,16864.0,276.87,48.0,20,5,2,2016,4,0,2016-02-05,0,0.5871935078771776
2016-02-06 09:00:00,16895.0,269.21,63.0,9,6,2,2016,5,1,2016-02-06,1,0.8352290040964001
2016-02-06 21:00:00,15538.0,277.16,48.0,21,6,2,2016,5,1,2016-02-06,0,0.5782251363451144
2016-02-07 09:00:00,16068.0,271.44,92.0,9,7,2,2016,6,1,2016-02-07,1,0.724814888552865
2016-02-07 21:00:00,15048.0,280.14,39.0,21,7,2,2016,6,1,2016-02-07,0,0.5559755993199107
2016-02-08 08:00:00,17721.0,275.62,59.0,8,8,2,2016,0,0,2016-02-08,0,0.7989790303856198
2016-02-08 20:00:00,17940.0,274.05,55.0,20,8,2,2016,0,0,2016-02-08,1,0.6070738983273037
2016-02-09 08:00:00,18828.0,270.41,86.0,8,9,2,2016,1,0,2016-02-09,0,0.8088973274775353
2016-02-09 20:00:00,20014.0,274.15,55.0,20,9,2,2016,1,0,2016-02-09,1,0.7144418249004216
2016-02-10 08:00:00,20419.0,272.65,86.0,8,10,2,2016,2,0,2016-02-10,0,0.7901429008763401
2016-02-10 20:00:00,20796.0,275.741753261,64.0,20,10,2,2016,2,0,2016-02-10,1,0.7897359462423279
2016-02-11 08:00:00,21135.0,269.6,73.0,8,11,2,2016,3,0,2016-02-11,1,0.9060778946784134
2016-02-11 20:00:00,19863.0,268.81,62.0,20,11,2,2016,3,0,2016-02-11,0,0.5586328112874023
2016-02-12 08:00:00,20362.0,264.48,40.0,8,12,2,2016,4,0,2016-02-12,1,0.8639253913657394
2016-02-12 19:00:00,19139.0,269.32,38.0,19,12,2,2016,4,0,2016-02-12,0,0.4307623234428764
2016-02-13 20:00:00,18856.0,264.35,20.0,20,13,2,2016,5,1,2016-02-13,1,0.6060861878239778
2016-02-13 09:00:00,18684.0,266.045122651,71.0,9,13,2,2016,5,1,2016-02-13,0,0.5846796347968257
2016-02-14 20:00:00,18842.0,263.21569562,46.0,20,14,2,2016,6,1,2016-02-14,0,0.40521570278192454
2016-02-14 09:00:00,18958.0,257.63,38.0,9,14,2,2016,6,1,2016-02-14,1,0.3310617137164841
2016-02-15 08:00:00,18245.0,261.92,39.0,8,15,2,2016,0,0,2016-02-15,0,0.5239939141103099
2016-02-15 09:00:00,18394.0,261.8,77.0,9,15,2,2016,0,0,2016-02-15,0,0.3251631886461308
2016-02-16 08:00:00,17680.0,275.71,86.0,8,16,2,2016,1,0,2016-02-16,0,0.8040687108839151
2016-02-16 20:00:00,17982.0,284.76,93.0,20,16,2,2016,1,0,2016-02-16,1,0.671600858127628
2016-02-17 08:00:00,17822.0,275.82,64.0,8,17,2,2016,2,0,2016-02-17,0,0.8409899175932627
2016-02-17 20:00:00,17828.0,276.470659836,70.0,20,17,2,2016,2,0,2016-02-17,1,0.6606300741104362
2016-02-18 08:00:00,18479.0,272.37,100.0,8,18,2,2016,3,0,2016-02-18,1,0.876788906887041
2016-02-18 20:00:00,17411.0,274.385103179,40.0,20,18,2,2016,3,0,2016-02-18,0,0.44185004803435374
2016-02-19 08:00:00,17989.0,267.13,53.0,8,19,2,2016,4,0,2016-02-19,1,0.8408681037031037
2016-02-19 09:00:00,17598.0,266.954059627,55.0,9,19,2,2016,4,0,2016-02-19,0,0.3759303798539227
2016-02-20 10:00:00,13757.0,277.24,60.0,10,20,2,2016,5,1,2016-02-20,1,0.654467545262918
2016-02-20 21:00:00,13075.0,289.62,33.0,21,20,2,2016,5,1,2016-02-20,0,0.5065683312521797
2016-02-21 20:00:00,14425.0,285.51,41.0,20,21,2,2016,6,1,2016-02-21,1,0.4924095974239063
2016-02-21 21:00:00,14271.0,285.23,37.0,21,21,2,2016,6,1,2016-02-21,0,0.47167124518098363
2016-02-22 08:00:00,16273.0,276.62,97.0,8,22,2,2016,0,0,2016-02-22,1,0.8026499788561342
2016-02-22 09:00:00,16214.0,275.43,69.0,9,22,2,2016,0,0,2016-02-22,0,0.5804173568118542
2016-02-23 08:00:00,16759.0,274.39,96.0,8,23,2,2016,1,0,2016-02-23,1,0.9251840893589169
2016-02-23 20:00:00,15996.0,275.36,93.0,20,23,2,2016,1,0,2016-02-23,0,0.4573778989583435
2016-02-24 08:00:00,16424.0,275.2,93.0,8,24,2,2016,2,0,2016-02-24,1,0.8966377798148117
2016-02-24 21:00:00,15863.0,282.94,93.0,21,24,2,2016,2,0,2016-02-24,0,0.6018697606245746
2016-02-25 20:00:00,18222.0,280.948728348,91.0,20,25,2,2016,3,0,2016-02-25,1,0.7998157885591622
2016-02-25 19:00:00,18034.0,281.62,92.0,19,25,2,2016,3,0,2016-02-25,0,0.6302599208772016
2016-02-26 08:00:00,18238.0,274.91,64.0,8,26,2,2016,4,0,2016-02-26,1,0.8918214234648326
2016-02-26 20:00:00,17217.0,274.833192414,44.0,20,26,2,2016,4,0,2016-02-26,0,0.46441414305623097
2016-02-27 09:00:00,15903.0,269.7,58.0,9,27,2,2016,5,1,2016-02-27,1,0.8495381209929422
2016-02-27 21:00:00,14875.0,277.98,33.0,21,27,2,2016,5,1,2016-02-27,0,0.479005165011646
2016-02-28 09:00:00,14435.0,275.27,55.0,9,28,2,2016,6,1,2016-02-28,1,0.6872848762326345
2016-02-28 21:00:00,13616.0,289.06,29.0,21,28,2,2016,6,1,2016-02-28,0,0.5474956672796969
2016-02-29 08:00:00,15377.0,279.79535378,62.0,8,29,2,2016,0,0,2016-02-29,0,0.6524457751412891
2016-02-29 09:00:00,15489.0,277.26,70.0,9,29,2,2016,0,0,2016-02-29,1,0.6135699881186096
2016-03-01 08:00:00,16852.0,279.625921123,55.0,8,1,3,2016,1,0,2016-03-01,1,0.9062010652225405
2016-03-01 09:00:00,16490.0,279.0,56.0,9,1,3,2016,1,0,2016-03-01,0,0.5644223841806266
2016-03-02 08:00:00,17472.0,283.71,87.0,8,2,3,2016,2,0,2016-03-02,0,0.5352946959044682
2016-03-02 20:00:00,17791.0,277.57,26.0,20,2,3,2016,2,0,2016-03-02,0,0.4168539690508231
2016-03-03 08:00:00,18664.0,269.93,49.0,8,3,3,2016,3,0,2016-03-03,1,0.912777737408546
2016-03-03 19:00:00,18147.0,273.848695431,59.0,19,3,3,2016,3,0,2016-03-03,0,0.5098955283947034
2016-03-04 08:00:00,17644.0,271.62,86.0,8,4,3,2016,4,0,2016-03-04,1,0.8595426850208916
2016-03-04 20:00:00,16714.0,276.03,64.0,20,4,3,2016,4,0,2016-03-04,0,0.5294795462803535
2016-03-05 09:00:00,15840.0,271.069833585,54.0,9,5,3,2016,5,1,2016-03-05,1,0.8228082458114472
2016-03-05 10:00:00,15745.0,270.28,58.0,10,5,3,2016,5,1,2016-03-05,0,0.5950764416794952
2016-03-06 21:00:00,15218.0,279.62,31.0,21,6,3,2016,6,1,2016-03-06,1,0.73070339120631
2016-03-06 20:00:00,15164.0,278.713785432,47.0,20,6,3,2016,6,1,2016-03-06,0,0.6811996859047378
2016-03-07 08:00:00,16927.0,272.37,80.0,8,7,3,2016,0,0,2016-03-07,1,0.9295925743938911
2016-03-07 21:00:00,14897.0,288.509960635,35.0,21,7,3,2016,0,0,2016-03-07,0,0.6083308020488345
2016-03-08 08:00:00,15353.0,279.178058589,64.0,8,8,3,2016,1,0,2016-03-08,1,0.9157234068667464
2016-03-08 09:00:00,15171.0,279.09,61.0,9,8,3,2016,1,0,2016-03-08,0,0.5747153003146245
2016-03-09 08:00:00,14679.0,278.698214286,85.0,8,9,3,2016,2,0,2016-03-09,1,0.7597121486210895
2016-03-09 20:00:00,14676.0,295.474178265,33.0,20,9,3,2016,2,0,2016-03-09,0,0.5486034962443536
2016-03-10 20:00:00,14951.0,297.78,31.0,20,10,3,2016,3,0,2016-03-10,1,0.6243072529422343
2016-03-10 21:00:00,14707.0,297.54,30.0,21,10,3,2016,3,0,2016-03-10,0,0.5359883725136804
2016-03-11 10:00:00,14378.0,286.13,87.0,10,11,3,2016,4,0,2016-03-11,1,0.5652855448149707
2016-03-11 11:00:00,14362.0,286.009075472,86.0,11,11,3,2016,4,0,2016-03-11,0,0.4543355032241081
2016-03-12 20:00:00,12901.0,287.65,55.0,20,12,3,2016,5,1,2016-03-12,1,0.5868325880211472
2016-03-12 21:00:00,12749.0,287.23,54.0,21,12,3,2016,5,1,2016-03-12,0,0.5216661360384682
2016-03-13 21:00:00,13634.0,288.99,27.0,21,13,3,2016,6,1,2016-03-13,1,0.7535508111915918
2016-03-13 20:00:00,13312.0,288.032472403,37.0,20,13,3,2016,6,1,2016-03-13,0,0.4808055091673302
2016-03-14 21:00:00,14487.0,278.37,87.0,21,14,3,2016,0,0,2016-03-14,1,0.7131281019627761
2016-03-14 09:00:00,14369.0,282.185988275,57.0,9,14,3,2016,0,0,2016-03-14,0,0.3870106864665644
2016-03-15 21:00:00,14475.0,285.665993621,65.0,21,15,3,2016,1,0,2016-03-15,1,0.4498371236812356
2016-03-15 11:00:00,14367.0,280.25,100.0,11,15,3,2016,1,0,2016-03-15,0,0.25810575537794905
2016-03-16 21:00:00,14517.0,289.452643564,56.0,21,16,3,2016,2,0,2016-03-16,1,0.5529091718642118
2016-03-16 13:00:00,14144.0,282.54,76.0,13,16,3,2016,2,0,2016-03-16,0,0.2155551102751082
2016-03-17 08:00:00,15078.0,281.0,93.0,8,17,3,2016,3,0,2016-03-17,1,0.5746577741292183
2016-03-17 09:00:00,14756.0,280.34,81.0,9,17,3,2016,3,0,2016-03-17,0,0.4597778926534178
2016-03-18 08:00:00,15566.0,278.7,65.0,8,18,3,2016,4,0,2016-03-18,1,0.9071209111841645
2016-03-18 09:00:00,15403.0,278.74,60.0,9,18,3,2016,4,0,2016-03-18,0,0.5817730401221657
2016-03-19 21:00:00,14371.0,280.520608398,21.0,21,19,3,2016,5,1,2016-03-19,1,0.42281359423736226
2016-03-19 09:00:00,13468.0,275.27,59.0,9,19,3,2016,5,1,2016-03-19,0,0.33017969049106155
2016-03-20 21:00:00,14990.0,277.3,52.0,21,20,3,2016,6,1,2016-03-20,1,0.6979994199354462
2016-03-20 20:00:00,14315.0,276.994950359,59.0,20,20,3,2016,6,1,2016-03-20,0,0.33744319964787317
2016-03-21 08:00:00,17330.0,273.77,80.0,8,21,3,2016,0,0,2016-03-21,1,0.9324260427064776
2016-03-21 09:00:00,17029.0,273.26,74.0,9,21,3,2016,0,0,2016-03-21,0,0.444737820157818
2016-03-22 08:00:00,16812.0,274.05,81.0,8,22,3,2016,1,0,2016-03-22,1,0.9136106128996445
2016-03-22 09:00:00,16455.0,273.95115807,74.0,9,22,3,2016,1,0,2016-03-22,0,0.5128100685833866
2016-03-23 08:00:00,14825.0,280.37,61.0,8,23,3,2016,2,0,2016-03-23,1,0.8559928474615386
2016-03-23 09:00:00,14616.0,280.571472081,60.0,9,23,3,2016,2,0,2016-03-23,0,0.5749273643644383
2016-03-24 09:00:00,14550.0,279.3,70.0,9,24,3,2016,3,0,2016-03-24,1,0.6356119873208338
2016-03-24 11:00:00,14391.0,278.72,70.0,11,24,3,2016,3,0,2016-03-24,0,0.41940865892014456
2016-03-25 12:00:00,14009.0,283.89,87.0,12,25,3,2016,4,0,2016-03-25,1,0.5703562223749423
2016-03-25 11:00:00,13984.0,282.69,93.0,11,25,3,2016,4,0,2016-03-25,0,0.3410274984792028
2016-03-26 21:00:00,12378.0,283.56,61.0,21,26,3,2016,5,1,2016-03-26,0,0.44245567427550603
2016-03-26 11:00:00,13064.0,275.769953642,66.0,11,26,3,2016,5,1,2016-03-26,0,0.4153667597695287
2016-03-27 21:00:00,12299.0,282.66,65.0,21,27,3,2016,6,1,2016-03-27,1,0.6232050851280934
2016-03-27 10:00:00,12285.0,278.43,75.0,10,27,3,2016,6,1,2016-03-27,0,0.07435127152498669
2016-03-28 21:00:00,14714.0,289.01,39.0,21,28,3,2016,0,0,2016-03-28,1,0.5923195141608394
2016-03-28 20:00:00,14349.0,285.836582834,83.0,20,28,3,2016,0,0,2016-03-28,0,0.3464229599248994
2016-03-29 08:00:00,15302.0,280.388720293,55.0,8,29,3,2016,1,0,2016-03-29,1,0.8836210153518903
2016-03-29 09:00:00,15249.0,280.1,49.0,9,29,3,2016,1,0,2016-03-29,0,0.5341904169885541
2016-03-30 08:00:00,15805.0,273.38,34.0,8,30,3,2016,2,0,2016-03-30,1,0.8858859225159686
2016-03-30 09:00:00,15597.0,273.315439636,35.0,9,30,3,2016,2,0,2016-03-30,0,0.42655287787811824
2016-03-31 11:00:00,14377.0,280.56,71.0,11,31,3,2016,3,0,2016-03-31,1,0.5342662705727869
2016-03-31 13:00:00,14285.0,286.96,62.0,13,31,3,2016,3,0,2016-03-31,0,0.30409405497929165
2016-04-01 11:00:00,13883.0,290.42,88.0,11,1,4,2016,4,0,2016-04-01,1,0.5502547279249547
2016-04-01 12:00:00,13836.0,290.32,93.0,12,1,4,2016,4,0,2016-04-01,0,0.2713506104880168
2016-04-02 21:00:00,14022.0,285.56,54.0,21,2,4,2016,5,1,2016-04-02,1,0.7053828177125164
2016-04-02 20:00:00,13424.0,284.830206249,63.0,20,2,4,2016,5,1,2016-04-02,0,0.6327343516886814
2016-04-03 09:00:00,14257.0,277.12189121,61.0,9,3,4,2016,6,1,2016-04-03,1,0.7329901384128842
2016-04-03 10:00:00,14223.0,275.57,69.0,10,3,4,2016,6,1,2016-04-03,0,0.4832220740471371
2016-04-04 08:00:00,14992.0,275.02,51.0,8,4,4,2016,0,0,2016-04-04,0,0.7184140069855488
2016-04-04 21:00:00,15395.0,276.925526935,90.0,21,4,4,2016,0,0,2016-04-04,1,0.6567061153758063
2016-04-05 08:00:00,16784.0,270.2,54.0,8,5,4,2016,1,0,2016-04-05,1,0.9413037593047154
2016-04-05 09:00:00,16702.0,269.55,46.0,9,5,4,2016,1,0,2016-04-05,0,0.45835364040318993
2016-04-06 08:00:00,16863.0,270.5,39.0,8,6,4,2016,2,0,2016-04-06,1,0.9191499058861287
2016-04-06 21:00:00,14710.0,280.832358213,37.0,21,6,4,2016,2,0,2016-04-06,0,0.5352596914191511
2016-04-07 20:00:00,15309.0,285.68028913,89.0,20,7,4,2016,3,0,2016-04-07,0,0.702148012820846
2016-04-07 19:00:00,15025.0,286.04,87.0,19,7,4,2016,3,0,2016-04-07,0,0.6786125406794653
2016-04-08 08:00:00,15930.0,280.44,70.0,8,8,4,2016,4,0,2016-04-08,0,0.8878600218138711
2016-04-08 09:00:00,16014.0,280.29,57.0,9,8,4,2016,4,0,2016-04-08,1,0.7055590238877975
2016-04-09 11:00:00,15744.0,272.29,85.0,11,9,4,2016,5,1,2016-04-09,1,0.6037652349678877
2016-04-09 09:00:00,15262.0,272.71,55.0,9,9,4,2016,5,1,2016-04-09,0,0.5664581541266448
2016-04-10 09:00:00,15322.0,272.84,91.0,9,10,4,2016,6,1,2016-04-10,1,0.5758264601186744
2016-04-10 21:00:00,13996.0,281.78,39.0,21,10,4,2016,6,1,2016-04-10,0,0.5581841623666667
2016-04-11 08:00:00,14918.0,278.887910112,66.0,8,11,4,2016,0,0,2016-04-11,0,0.870401495182709
2016-04-11 21:00:00,14540.0,288.639790685,35.0,21,11,4,2016,0,0,2016-04-11,0,0.6849165285771973
2016-04-12 08:00:00,14914.0,285.5,71.0,8,12,4,2016,1,0,2016-04-12,1,0.8041436756473925
2016-04-12 12:00:00,14592.0,285.8,87.0,12,12,4,2016,1,0,2016-04-12,0,0.5455637794486075
2016-04-13 08:00:00,16077.0,275.98,48.0,8,13,4,2016,2,0,2016-04-13,1,0.9287656548462203
2016-04-13 09:00:00,15603.0,276.03,55.0,9,13,4,2016,2,0,2016-04-13,0,0.5490789217492096
2016-04-14 08:00:00,15717.0,276.854462585,70.0,8,14,4,2016,3,0,2016-04-14,1,0.9430116172414914
2016-04-14 09:00:00,15379.0,276.53,48.0,9,14,4,2016,3,0,2016-04-14,0,0.5292347638444501
2016-04-15 08:00:00,14827.0,276.95,70.0,8,15,4,2016,4,0,2016-04-15,1,0.8746425546239937
2016-04-15 09:00:00,14513.0,276.88,95.0,9,15,4,2016,4,0,2016-04-15,0,0.4930462797345328
2016-04-16 21:00:00,12415.0,291.11699115,15.0,21,16,4,2016,5,1,2016-04-16,1,0.6489204417316524
2016-04-16 22:00:00,12389.0,290.64,15.0,22,16,4,2016,5,1,2016-04-16,0,0.26419543173630194
2016-04-17 21:00:00,13398.0,294.930376344,17.0,21,17,4,2016,6,1,2016-04-17,1,0.7197359026228635
2016-04-17 22:00:00,13163.0,294.2,19.0,22,17,4,2016,6,1,2016-04-17,0,0.44568264212236036
2016-04-18 16:00:00,15262.0,296.43,17.0,16,18,4,2016,0,0,2016-04-18,0,0.5637329255760518
2016-04-18 15:00:00,15149.0,293.66,20.0,15,18,4,2016,0,0,2016-04-18,0,0.5026681314663783
2016-04-19 21:00:00,14636.0,293.88,33.0,21,19,4,2016,1,0,2016-04-19,0,0.7433317698950459
2016-04-19 16:00:00,14692.0,293.19,30.0,16,19,4,2016,1,0,2016-04-19,1,0.6954211407122709
2016-04-20 16:00:00,14574.0,289.57,14.0,16,20,4,2016,2,0,2016-04-20,1,0.6134859569716491
2016-04-20 21:00:00,14557.0,292.60028274,11.0,21,20,4,2016,2,0,2016-04-20,0,0.4734073676347886
2016-04-21 21:00:00,14279.0,291.65,47.0,21,21,4,2016,3,0,2016-04-21,1,0.5808134833290844
2016-04-21 13:00:00,14013.0,283.28,62.0,13,21,4,2016,3,0,2016-04-21,0,0.4986624250836929
2016-04-22 12:00:00,14021.0,290.45,74.0,12,22,4,2016,4,0,2016-04-22,1,0.5883688489917471
2016-04-22 13:00:00,13962.0,291.35,71.0,13,22,4,2016,4,0,2016-04-22,0,0.3689304218756937
2016-04-23 11:00:00,12344.0,289.05,100.0,11,23,4,2016,5,1,2016-04-23,1,0.5849853594401695
2016-04-23 12:00:00,12323.0,289.18,87.0,12,23,4,2016,5,1,2016-04-23,0,0.14448728117893597
2016-04-24 21:00:00,12951.0,292.13,20.0,21,24,4,2016,6,1,2016-04-24,1,0.8300982312818929
2016-04-24 22:00:00,12877.0,290.72,27.0,22,24,4,2016,6,1,2016-04-24,0,0.35071135961019473
2016-04-25 21:00:00,14514.0,292.6,45.0,21,25,4,2016,0,0,2016-04-25,0,0.689827923202568
2016-04-25 15:00:00,14778.0,289.63,34.0,15,25,4,2016,0,0,2016-04-25,1,0.6592535849583478
2016-04-26 21:00:00,14993.0,286.25,87.0,21,26,4,2016,1,0,2016-04-26,0,0.7499446851043606
2016-04-26 15:00:00,15346.0,285.98914141,81.0,15,26,4,2016,1,0,2016-04-26,1,0.708939717157573
2016-04-27 21:00:00,14371.0,288.28,51.0,21,27,4,2016,2,0,2016-04-27,1,0.5370886350818775
2016-04-27 14:00:00,14123.0,283.36,66.0,14,27,4,2016,2,0,2016-04-27,0,0.49676894925532156
2016-04-28 21:00:00,14530.0,286.26,46.0,21,28,4,2016,3,0,2016-04-28,0,0.6774698641474153
2016-04-28 16:00:00,14564.0,286.09,30.0,16,28,4,2016,3,0,2016-04-28,0,0.5279821605821029
2016-04-29 14:00:00,14106.0,283.35,50.0,14,29,4,2016,4,0,2016-04-29,1,0.47275224420107453
2016-04-29 12:00:00,13943.0,282.14,53.0,12,29,4,2016,4,0,2016-04-29,0,0.2842518200136832
2016-04-30 21:00:00,12647.0,288.99,53.0,21,30,4,2016,5,1,2016-04-30,1,0.716549522656165
2016-04-30 22:00:00,12467.0,288.17,41.0,22,30,4,2016,5,1,2016-04-30,0,0.4474993487895973
2016-05-01 21:00:00,13166.0,282.1,93.0,21,1,5,2016,6,1,2016-05-01,1,0.7058557320065886
2016-05-01 22:00:00,13024.0,281.96,87.0,22,1,5,2016,6,1,2016-05-01,0,0.3160827568975254
2016-05-02 14:00:00,14664.0,282.1,87.0,14,2,5,2016,0,0,2016-05-02,1,0.6455171734958292
2016-05-02 15:00:00,14633.0,282.7,81.0,15,2,5,2016,0,0,2016-05-02,0,0.5353351141911118
2016-05-03 14:00:00,14079.0,284.54,81.0,14,3,5,2016,1,0,2016-05-03,1,0.595851240215088
2016-05-03 11:00:00,13945.0,284.41,87.0,11,3,5,2016,1,0,2016-05-03,0,0.473213030975891
2016-05-04 21:00:00,14159.0,283.2,46.0,21,4,5,2016,2,0,2016-05-04,1,0.5605652066294934
2016-05-04 11:00:00,13769.0,282.41,87.0,11,4,5,2016,2,0,2016-05-04,0,0.26569857278923953
2016-05-05 14:00:00,14205.0,282.43,71.0,14,5,5,2016,3,0,2016-05-05,0,0.456901932949271
2016-05-05 11:00:00,14322.0,281.19,100.0,11,5,5,2016,3,0,2016-05-05,0,0.3116043599461621
2016-05-06 11:00:00,14008.0,282.28,100.0,11,6,5,2016,4,0,2016-05-06,1,0.5882931661019148
2016-05-06 10:00:00,13964.0,282.71,93.0,10,6,5,2016,4,0,2016-05-06,0,0.1859198136253009
2016-05-07 22:00:00,12267.0,286.98,81.0,22,7,5,2016,5,1,2016-05-07,1,0.6248994965554961
2016-05-07 10:00:00,12263.0,282.2,93.0,10,7,5,2016,5,1,2016-05-07,0,0.07626446722110793
2016-05-08 22:00:00,12563.0,290.82,61.0,22,8,5,2016,6,1,2016-05-08,1,0.6954501787122909
2016-05-08 21:00:00,12449.0,291.14,24.0,21,8,5,2016,6,1,2016-05-08,0,0.39260601617996826
2016-05-09 21:00:00,14400.0,295.08,30.0,21,9,5,2016,0,0,2016-05-09,1,0.6210869842863085
2016-05-09 12:00:00,14232.0,283.47,67.0,12,9,5,2016,0,0,2016-05-09,0,0.5727062538112324
2016-05-10 15:00:00,14477.0,287.4,93.0,15,10,5,2016,1,0,2016-05-10,1,0.6980938920526026
2016-05-10 14:00:00,14389.0,286.42,93.0,14,10,5,2016,1,0,2016-05-10,0,0.6294790837159301
2016-05-11 18:00:00,14765.0,294.95,24.0,18,11,5,2016,2,0,2016-05-11,1,0.7373865857238603
2016-05-11 16:00:00,14670.0,293.4,37.0,16,11,5,2016,2,0,2016-05-11,0,0.6604106364553103
2016-05-12 18:00:00,15221.0,296.01,32.0,18,12,5,2016,3,0,2016-05-12,0,0.7618833275521922
2016-05-12 17:00:00,15385.0,295.64,25.0,17,12,5,2016,3,0,2016-05-12,0,0.7462257888117848
2016-05-13 13:00:00,14098.0,289.4,68.0,13,13,5,2016,4,0,2016-05-13,1,0.5858848343932168
2016-05-13 14:00:00,14053.0,290.04,68.0,14,13,5,2016,4,0,2016-05-13,0,0.4269775931437853
2016-05-14 21:00:00,12560.0,293.93,68.0,21,14,5,2016,5,1,2016-05-14,1,0.6813961395630015
2016-05-14 11:00:00,12520.0,285.24,93.0,11,14,5,2016,5,1,2016-05-14,0,0.5081113957245309
2016-05-15 22:00:00,13008.0,285.86,41.0,22,15,5,2016,6,1,2016-05-15,1,0.778546362001144
2016-05-15 21:00:00,12644.0,286.06,46.0,21,15,5,2016,6,1,2016-05-15,0,0.4615316695541847
2016-05-16 08:00:00,14636.0,278.45,60.0,8,16,5,2016,0,0,2016-05-16,1,0.775533058102498
2016-05-16 09:00:00,14622.0,277.9,64.0,9,16,5,2016,0,0,2016-05-16,0,0.5195947713868374
2016-05-17 11:00:00,14230.0,284.34,81.0,11,17,5,2016,1,0,2016-05-17,1,0.5729677416677956
2016-05-17 10:00:00,14108.0,283.93,75.0,10,17,5,2016,1,0,2016-05-17,0,0.276809830490484
2016-05-18 12:00:00,13994.0,284.68,54.0,12,18,5,2016,2,0,2016-05-18,1,0.6082817172516206
2016-05-18 11:00:00,13977.0,283.76,93.0,11,18,5,2016,2,0,2016-05-18,0,0.4990042899692686
2016-05-19 11:00:00,14063.0,284.83,81.0,11,19,5,2016,3,0,2016-05-19,1,0.6252609844186261
2016-05-19 12:00:00,13968.0,285.67,62.0,12,19,5,2016,3,0,2016-05-19,0,0.41528606389850964
2016-05-20 12:00:00,13978.0,284.21,62.0,12,20,5,2016,4,0,2016-05-20,1,0.6888015571636228
2016-05-20 11:00:00,13774.0,282.73,93.0,11,20,5,2016,4,0,2016-05-20,0,0.2811552819507865
2016-05-21 12:00:00,12488.0,286.12,87.0,12,21,5,2016,5,1,2016-05-21,1,0.5700309266132496
2016-05-21 11:00:00,12482.0,284.14,87.0,11,21,5,2016,5,1,2016-05-21,0,0.5174465895509441
2016-05-22 22:00:00,12674.0,292.95,64.0,22,22,5,2016,6,1,2016-05-22,1,0.715142520462592
2016-05-22 21:00:00,12533.0,293.32,49.0,21,22,5,2016,6,1,2016-05-22,0,0.4716709388044968
2016-05-23 17:00:00,14713.0,295.72,46.0,17,23,5,2016,0,0,2016-05-23,1,0.7908888122629689
2016-05-23 18:00:00,14682.0,296.63,56.0,18,23,5,2016,0,0,2016-05-23,0,0.6934412653313465
2016-05-24 17:00:00,15809.0,292.89,77.0,17,24,5,2016,1,0,2016-05-24,1,0.7203948326663918
2016-05-24 16:00:00,15567.0,291.55,82.0,16,24,5,2016,1,0,2016-05-24,0,0.6893207523369614
2016-05-25 18:00:00,16560.0,302.61,28.0,18,25,5,2016,2,0,2016-05-25,1,0.8388866666815444
2016-05-25 17:00:00,16524.0,301.32,32.0,17,25,5,2016,2,0,2016-05-25,0,0.7895343868653003
2016-05-26 17:00:00,17337.0,302.87,35.0,17,26,5,2016,3,0,2016-05-26,1,0.707727691513239
2016-05-26 16:00:00,17232.0,302.02,42.0,16,26,5,2016,3,0,2016-05-26,0,0.6431418452269868
2016-05-27 17:00:00,18402.0,302.07,48.0,17,27,5,2016,4,0,2016-05-27,1,0.8786310003663715
2016-05-27 18:00:00,18390.0,302.47,58.0,18,27,5,2016,4,0,2016-05-27,0,0.7563516710203061
2016-05-28 17:00:00,16712.0,303.7,55.0,17,28,5,2016,5,1,2016-05-28,0,0.6294045734450973
2016-05-28 18:00:00,16554.0,304.99,52.0,18,28,5,2016,5,1,2016-05-28,0,0.6141881752280204
2016-05-29 18:00:00,15286.0,302.76,43.0,18,29,5,2016,6,1,2016-05-29,0,0.6044960569689641
2016-05-29 17:00:00,15289.0,302.57,48.0,17,29,5,2016,6,1,2016-05-29,1,0.5866171677152856
2016-05-30 18:00:00,16699.0,299.05,78.0,18,30,5,2016,0,0,2016-05-30,1,0.6756805719031195
2016-05-30 16:00:00,16137.0,296.92,69.0,16,30,5,2016,0,0,2016-05-30,0,0.5899950323983695
2016-05-31 17:00:00,19271.0,300.0,54.0,17,31,5,2016,1,0,2016-05-31,1,0.8823376627072094
2016-05-31 18:00:00,19060.0,300.47,35.0,18,31,5,2016,1,0,2016-05-31,0,0.8108125988311887
2016-06-01 17:00:00,19252.0,299.97,50.0,17,1,6,2016,2,0,2016-06-01,1,0.8992887246433793
2016-06-01 18:00:00,18881.0,300.14,47.0,18,1,6,2016,2,0,2016-06-01,0,0.8392342730912382
2016-06-02 18:00:00,17979.0,296.66,56.0,18,2,6,2016,3,0,2016-06-02,0,0.7507972763597449
2016-06-02 17:00:00,18225.0,295.84,72.0,17,2,6,2016,3,0,2016-06-02,0,0.7053031341462952
2016-06-03 18:00:00,18315.0,292.35,73.0,18,3,6,2016,4,0,2016-06-03,0,0.6686794001010554
2016-06-03 17:00:00,18455.0,292.15,82.0,17,3,6,2016,4,0,2016-06-03,1,0.6586988151445203
2016-06-04 18:00:00,15458.0,300.15,57.0,18,4,6,2016,5,1,2016-06-04,0,0.6614836593578924
2016-06-04 17:00:00,15602.0,298.79,61.0,17,4,6,2016,5,1,2016-06-04,0,0.6261979602747882
2016-06-05 18:00:00,15016.0,292.37,88.0,18,5,6,2016,6,1,2016-06-05,1,0.5892396662689753
2016-06-05 17:00:00,14970.0,292.49,88.0,17,5,6,2016,6,1,2016-06-05,0,0.5235596716520814
2016-06-06 17:00:00,17746.0,299.64,39.0,17,6,6,2016,0,0,2016-06-06,1,0.8578780444626011
2016-06-06 18:00:00,17633.0,300.49,37.0,18,6,6,2016,0,0,2016-06-06,0,0.8301897526650113
2016-06-07 17:00:00,15648.0,300.95,42.0,17,7,6,2016,1,0,2016-06-07,0,0.6645961782982226
2016-06-07 18:00:00,15641.0,301.27,34.0,18,7,6,2016,1,0,2016-06-07,0,0.6407982874901667
2016-06-08 17:00:00,14691.0,290.27,70.0,17,8,6,2016,2,0,2016-06-08,1,0.7089625226945864
2016-06-08 16:00:00,14550.0,292.26,48.0,16,8,6,2016,2,0,2016-06-08,0,0.486384296590047
2016-06-09 18:00:00,15683.0,293.69,30.0,18,9,6,2016,3,0,2016-06-09,1,0.7785525841215238
2016-06-09 17:00:00,15661.0,292.7,33.0,17,9,6,2016,3,0,2016-06-09,0,0.7468719977282834
2016-06-10 18:00:00,17719.0,296.07,25.0,18,10,6,2016,4,0,2016-06-10,1,0.8048927219921426
2016-06-10 17:00:00,17515.0,295.07,29.0,17,10,6,2016,4,0,2016-06-10,0,0.7271842625954575
2016-06-11 18:00:00,19381.0,298.72,51.0,18,11,6,2016,5,1,2016-06-11,1,0.8708374068704966
2016-06-11 17:00:00,19358.0,297.37,51.0,17,11,6,2016,5,1,2016-06-11,0,0.7253644036235724
2016-06-12 18:00:00,17349.0,301.19,22.0,18,12,6,2016,6,1,2016-06-12,1,0.8378363805201491
2016-06-12 17:00:00,17339.0,301.47,23.0,17,12,6,2016,6,1,2016-06-12,0,0.7557852123453873
2016-06-13 18:00:00,18093.0,295.59,45.0,18,13,6,2016,0,0,2016-06-13,1,0.7912113134007892
2016-06-13 17:00:00,17950.0,294.4,48.0,17,13,6,2016,0,0,2016-06-13,0,0.7779453657230446
2016-06-14 18:00:00,18569.0,297.31,29.0,18,14,6,2016,1,0,2016-06-14,1,0.7812913914009827
2016-06-14 17:00:00,18479.0,295.69,31.0,17,14,6,2016,1,0,2016-06-14,0,0.7378153343072418
2016-06-15 18:00:00,20132.0,298.914,41.0,18,15,6,2016,2,0,2016-06-15,1,0.8063193102796492
2016-06-15 17:00:00,20109.0,299.55,26.0,17,15,6,2016,2,0,2016-06-15,0,0.6143123436668696
2016-06-16 18:00:00,18673.0,294.97,53.0,18,16,6,2016,3,0,2016-06-16,0,0.768850198755816
2016-06-16 17:00:00,19087.0,294.45,69.0,17,16,6,2016,3,0,2016-06-16,0,0.7681781985214364
2016-06-17 18:00:00,17882.0,296.6,43.0,18,17,6,2016,4,0,2016-06-17,0,0.7914741183128368
2016-06-17 17:00:00,17917.0,296.4,66.0,17,17,6,2016,4,0,2016-06-17,1,0.7780208201979809
2016-06-18 18:00:00,17393.0,300.79,28.0,18,18,6,2016,5,1,2016-06-18,1,0.8882966084721573
2016-06-18 17:00:00,17385.0,299.45,32.0,17,18,6,2016,5,1,2016-06-18,0,0.7402161174830515
2016-06-19 18:00:00,17574.0,301.07,49.0,18,19,6,2016,6,1,2016-06-19,1,0.8559637080761129
2016-06-19 17:00:00,17341.0,301.72,42.0,17,19,6,2016,6,1,2016-06-19,0,0.8326253349441469
2016-06-20 17:00:00,20199.0,299.97,54.0,17,20,6,2016,0,0,2016-06-20,0,0.8930141390790854
2016-06-20 18:00:00,20023.0,300.27,59.0,18,20,6,2016,0,0,2016-06-20,0,0.8738212865525782
2016-06-21 17:00:00,18919.0,301.21,34.0,17,21,6,2016,1,0,2016-06-21,0,0.7997759408766812
2016-06-21 18:00:00,18806.0,301.92,32.0,18,21,6,2016,1,0,2016-06-21,0,0.7807380598571266
2016-06-22 18:00:00,17049.0,302.61,27.0,18,22,6,2016,2,0,2016-06-22,0,0.8061253929615099
2016-06-22 17:00:00,16987.0,302.61,29.0,17,22,6,2016,2,0,2016-06-22,0,0.7213744806828024
2016-06-23 17:00:00,18572.0,298.08,53.0,17,23,6,2016,3,0,2016-06-23,1,0.8235923711448102
2016-06-23 18:00:00,18490.0,298.47,53.0,18,23,6,2016,3,0,2016-06-23,0,0.817367122201432
2016-06-24 18:00:00,18353.0,300.12,41.0,18,24,6,2016,4,0,2016-06-24,1,0.831585851702546
2016-06-24 17:00:00,18334.0,299.66,41.0,17,24,6,2016,4,0,2016-06-24,0,0.8275807536271148
2016-06-25 18:00:00,18375.0,300.38,36.0,18,25,6,2016,5,1,2016-06-25,1,0.8203822698342417
2016-06-25 17:00:00,18180.0,299.82,44.0,17,25,6,2016,5,1,2016-06-25,0,0.7340794507174089
2016-06-26 18:00:00,19260.0,301.73,47.0,18,26,6,2016,6,1,2016-06-26,1,0.8680571782869296
2016-06-26 17:00:00,19038.0,300.89,74.0,17,26,6,2016,6,1,2016-06-26,0,0.564857238649202
2016-06-27 18:00:00,20242.0,301.02,69.0,18,27,6,2016,0,0,2016-06-27,0,0.7688169529264792
2016-06-27 17:00:00,20319.0,299.96,69.0,17,27,6,2016,0,0,2016-06-27,0,0.763696437654398
2016-06-28 16:00:00,18602.0,295.36,94.0,16,28,6,2016,1,0,2016-06-28,1,0.7059637697268797
2016-06-28 17:00:00,18576.0,295.41,88.0,17,28,6,2016,1,0,2016-06-28,0,0.6720141682557587
2016-06-29 18:00:00,17275.0,300.24,54.0,18,29,6,2016,2,0,2016-06-29,1,0.8187218074048965
2016-06-29 17:00:00,17205.0,299.39,57.0,17,29,6,2016,2,0,2016-06-29,0,0.7974496553441679
2016-06-30 17:00:00,17707.0,300.04,54.0,17,30,6,2016,3,0,2016-06-30,1,0.8499831941915413
2016-06-30 18:00:00,17590.0,300.74,45.0,18,30,6,2016,3,0,2016-06-30,0,0.8040256910738454
2016-07-01 17:00:00,17196.0,298.87,61.0,17,1,7,2016,4,0,2016-07-01,1,0.8335781937265757
2016-07-01 18:00:00,17145.0,299.17,73.0,18,1,7,2016,4,0,2016-07-01,0,0.6536030857196379
2016-07-02 17:00:00,14719.0,296.06,44.0,17,2,7,2016,5,1,2016-07-02,1,0.7582566939785714
2016-07-02 18:00:00,14608.0,296.6,44.0,18,2,7,2016,5,1,2016-07-02,0,0.7086112936602877
2016-07-03 16:00:00,13056.0,298.0,36.0,16,3,7,2016,6,1,2016-07-03,1,0.5830025077469517
2016-07-03 18:00:00,12893.0,299.11,44.0,18,3,7,2016,6,1,2016-07-03,0,0.18109071484603034
2016-07-04 17:00:00,13918.0,300.37,51.0,17,4,7,2016,0,0,2016-07-04,1,0.6039635258345448
2016-07-04 18:00:00,13884.0,300.87,47.0,18,4,7,2016,0,0,2016-07-04,0,0.24400768066966716
2016-07-05 18:00:00,19066.0,300.41,65.0,18,5,7,2016,1,0,2016-07-05,1,0.8552324000609987
2016-07-05 17:00:00,18928.0,299.22,65.0,17,5,7,2016,1,0,2016-07-05,0,0.8003847385845115
2016-07-06 17:00:00,19231.0,304.83,48.0,17,6,7,2016,2,0,2016-07-06,0,0.8002126098033421
2016-07-06 15:00:00,19409.0,303.03,52.0,15,6,7,2016,2,0,2016-07-06,0,0.7656957607334298
2016-07-07 17:00:00,19263.0,304.45,59.0,17,7,7,2016,3,0,2016-07-07,1,0.8670956454308351
2016-07-07 16:00:00,19243.0,304.11,55.0,16,7,7,2016,3,0,2016-07-07,0,0.7605487528101084
2016-07-08 15:00:00,19257.0,301.04,62.0,15,8,7,2016,4,0,2016-07-08,1,0.8489976857641386
2016-07-08 18:00:00,18923.0,301.93,66.0,18,8,7,2016,4,0,2016-07-08,0,0.7954652211000973
2016-07-09 18:00:00,17003.0,294.05,88.0,18,9,7,2016,5,1,2016-07-09,1,0.6382954675862333
2016-07-09 17:00:00,16937.0,293.76,88.0,17,9,7,2016,5,1,2016-07-09,0,0.5915116855560637
2016-07-10 18:00:00,17597.0,299.19,57.0,18,10,7,2016,6,1,2016-07-10,0,0.7987468326309088
2016-07-10 17:00:00,17339.0,298.65,61.0,17,10,7,2016,6,1,2016-07-10,0,0.7956799897479532
2016-07-11 18:00:00,20984.0,298.15,50.0,18,11,7,2016,0,0,2016-07-11,1,0.8616042763895873
2016-07-11 17:00:00,20860.0,297.53,57.0,17,11,7,2016,0,0,2016-07-11,0,0.7736577872945664
2016-07-12 17:00:00,20797.0,299.85,61.0,17,12,7,2016,1,0,2016-07-12,0,0.8565070038511697
2016-07-12 15:00:00,21235.0,298.28,69.0,15,12,7,2016,1,0,2016-07-12,1,0.840848423276296
2016-07-13 17:00:00,21002.0,300.76,63.0,17,13,7,2016,2,0,2016-07-13,0,0.8848423154681129
2016-07-13 15:00:00,21160.0,299.53,66.0,15,13,7,2016,2,0,2016-07-13,1,0.842501575713582
2016-07-14 15:00:00,20535.0,298.268,97.0,15,14,7,2016,3,0,2016-07-14,1,0.6836059665962937
2016-07-14 16:00:00,20387.0,298.268,97.0,16,14,7,2016,3,0,2016-07-14,0,0.5558396244890025
2016-07-15 17:00:00,19861.0,301.645,69.0,17,15,7,2016,4,0,2016-07-15,1,0.8682024383278538
2016-07-15 18:00:00,19624.0,301.645,69.0,18,15,7,2016,4,0,2016-07-15,0,0.7957186263980208
2016-07-16 18:00:00,17284.0,293.864,100.0,18,16,7,2016,5,1,2016-07-16,1,0.6503038989692143
2016-07-16 17:00:00,17246.0,293.864,100.0,17,16,7,2016,5,1,2016-07-16,0,0.5290560630964205
2016-07-17 18:00:00,18619.0,299.845,67.0,18,17,7,2016,6,1,2016-07-17,0,0.7717252370583384
2016-07-17 17:00:00,18394.0,299.845,67.0,17,17,7,2016,6,1,2016-07-17,0,0.7416729272601771
2016-07-18 17:00:00,20573.0,303.392,51.0,17,18,7,2016,0,0,2016-07-18,0,0.9018594799836849
2016-07-18 18:00:00,20585.0,303.392,51.0,18,18,7,2016,0,0,2016-07-18,1,0.8569052202707408
2016-07-19 17:00:00,21061.0,299.388,66.0,17,19,7,2016,1,0,2016-07-19,1,0.8760166361412445
2016-07-19 18:00:00,20953.0,299.388,66.0,18,19,7,2016,1,0,2016-07-19,0,0.799025282073682
2016-07-20 17:00:00,21110.0,299.388,66.0,17,20,7,2016,2,0,2016-07-20,1,0.8760166361412445
2016-07-20 15:00:00,20553.0,299.388,66.0,15,20,7,2016,2,0,2016-07-20,0,0.8202988958467463
2016-07-21 15:00:00,21045.0,300.88,51.0,15,21,7,2016,3,0,2016-07-21,1,0.8044912236599362
2016-07-21 17:00:00,20954.0,303.1,31.0,17,21,7,2016,3,0,2016-07-21,0,0.7472008688936885
2016-07-22 17:00:00,20468.0,304.82,43.0,17,22,7,2016,4,0,2016-07-22,1,0.8999152361057372
2016-07-22 15:00:00,20110.0,301.41,54.0,15,22,7,2016,4,0,2016-07-22,0,0.811032259703464
2016-07-23 18:00:00,21261.0,306.91,32.0,18,23,7,2016,5,1,2016-07-23,1,0.7449412549099076
2016-07-23 17:00:00,21195.0,306.1,33.0,17,23,7,2016,5,1,2016-07-23,0,0.6932309199438528
2016-07-24 17:00:00,20510.0,304.37,38.0,17,24,7,2016,6,1,2016-07-24,1,0.8825626194555156
2016-07-24 18:00:00,20335.0,304.8,48.0,18,24,7,2016,6,1,2016-07-24,0,0.7941001254784701
2016-07-25 16:00:00,22281.0,301.89,66.0,16,25,7,2016,0,0,2016-07-25,1,0.8411701687771566
2016-07-25 17:00:00,22257.0,303.47,62.0,17,25,7,2016,0,0,2016-07-25,0,0.7818835016851646
2016-07-26 17:00:00,21066.0,303.72,45.0,17,26,7,2016,1,0,2016-07-26,0,0.8830072255012874
2016-07-26 15:00:00,21277.0,301.2,61.0,15,26,7,2016,1,0,2016-07-26,1,0.8710915075527527
2016-07-27 17:00:00,21050.0,302.95,45.0,17,27,7,2016,2,0,2016-07-27,0,0.8998186734558172
2016-07-27 16:00:00,21065.0,302.03,45.0,16,27,7,2016,2,0,2016-07-27,0,0.7798139850122512
2016-07-28 17:00:00,19451.0,304.91,36.0,17,28,7,2016,3,0,2016-07-28,0,0.8406184961979029
2016-07-28 16:00:00,19498.0,304.32,41.0,16,28,7,2016,3,0,2016-07-28,1,0.7611625867279187
2016-07-29 17:00:00,19701.0,298.8,61.0,17,29,7,2016,4,0,2016-07-29,0,0.8615929024519388
2016-07-29 18:00:00,19325.0,299.86,69.0,18,29,7,2016,4,0,2016-07-29,0,0.7528741358752586
2016-07-30 18:00:00,18485.0,301.12,69.0,18,30,7,2016,5,1,2016-07-30,1,0.8895968151286057
2016-07-30 17:00:00,18461.0,301.13,65.0,17,30,7,2016,5,1,2016-07-30,0,0.8398673271997077
2016-07-31 18:00:00,18857.0,298.28,88.0,18,31,7,2016,6,1,2016-07-31,1,0.6433581381879011
2016-07-31 17:00:00,18761.0,297.75,88.0,17,31,7,2016,6,1,2016-07-31,0,0.5218673610642963
2016-08-01 16:00:00,20933.0,295.84,83.0,16,1,8,2016,0,0,2016-08-01,1,0.5961174369844154
2016-08-01 15:00:00,20779.0,295.21,73.0,15,1,8,2016,0,0,2016-08-01,0,0.5927538832015383
2016-08-02 17:00:00,20953.0,297.19,64.0,17,2,8,2016,1,0,2016-08-02,1,0.8319737067418054
2016-08-02 18:00:00,20818.0,297.19,69.0,18,2,8,2016,1,0,2016-08-02,0,0.7250751200350405
2016-08-03 17:00:00,20979.0,298.73,54.0,17,3,8,2016,2,0,2016-08-03,1,0.8815417854234411
2016-08-03 18:00:00,20904.0,298.89,48.0,18,3,8,2016,2,0,2016-08-03,0,0.8383798012817664
2016-08-04 17:00:00,21245.0,299.39,50.0,17,4,8,2016,3,0,2016-08-04,1,0.9178808752700582
2016-08-04 18:00:00,21107.0,300.2,47.0,18,4,8,2016,3,0,2016-08-04,0,0.7926100371302635
2016-08-05 17:00:00,21127.0,300.29,52.0,17,5,8,2016,4,0,2016-08-05,1,0.9163095221516339
2016-08-05 18:00:00,20892.0,300.89,56.0,18,5,8,2016,4,0,2016-08-05,0,0.8331989027218308
2016-08-06 17:00:00,19043.0,302.42,68.0,17,6,8,2016,5,1,2016-08-06,1,0.8582285831552197
2016-08-06 18:00:00,18955.0,303.74,62.0,18,6,8,2016,5,1,2016-08-06,0,0.7791287300484359
2016-08-07 17:00:00,18100.0,302.58,36.0,17,7,8,2016,6,1,2016-08-07,0,0.8376945354571
2016-08-07 18:00:00,18280.0,303.12,38.0,18,7,8,2016,6,1,2016-08-07,1,0.8118390750235258
2016-08-08 17:00:00,19645.0,300.91,45.0,17,8,8,2016,0,0,2016-08-08,1,0.9027934357153548
2016-08-08 18:00:00,19614.0,301.65,39.0,18,8,8,2016,0,0,2016-08-08,0,0.8561129779401699
2016-08-09 17:00:00,21458.0,303.088,41.0,17,9,8,2016,1,0,2016-08-09,1,0.931271676433335
2016-08-09 15:00:00,21038.0,302.001,45.0,15,9,8,2016,1,0,2016-08-09,0,0.8017669264805041
2016-08-10 17:00:00,21242.0,300.78,74.0,17,10,8,2016,2,0,2016-08-10,0,0.7008556285172521
2016-08-10 16:00:00,21129.0,300.47,76.0,16,10,8,2016,2,0,2016-08-10,0,0.5218559656218356
2016-08-11 15:00:00,22488.0,303.61,69.0,15,11,8,2016,3,0,2016-08-11,1,0.7693155174035521
2016-08-11 16:00:00,22477.0,304.94,61.0,16,11,8,2016,3,0,2016-08-11,0,0.6495029704793565
2016-08-12 15:00:00,22295.0,302.89,70.0,15,12,8,2016,4,0,2016-08-12,1,0.7956310625446912
2016-08-12 16:00:00,22182.0,304.74,64.0,16,12,8,2016,4,0,2016-08-12,0,0.7284738698181026
2016-08-13 15:00:00,20349.0,305.41,62.0,15,13,8,2016,5,1,2016-08-13,1,0.7898854728146735
2016-08-13 16:00:00,20292.0,306.53,53.0,16,13,8,2016,5,1,2016-08-13,0,0.5049883701986925
2016-08-14 18:00:00,17915.0,307.69,48.0,18,14,8,2016,6,1,2016-08-14,1,0.7575774796901907
2016-08-14 17:00:00,17749.0,307.07,47.0,17,14,8,2016,6,1,2016-08-14,0,0.6881816932969801
2016-08-15 15:00:00,19760.0,301.78,61.0,15,15,8,2016,0,0,2016-08-15,1,0.8526414094952317
2016-08-15 17:00:00,19581.0,304.05,46.0,17,15,8,2016,0,0,2016-08-15,0,0.8354348423654008
2016-08-16 15:00:00,20295.0,302.28,61.0,15,16,8,2016,1,0,2016-08-16,1,0.8739410086665339
2016-08-16 17:00:00,20123.0,303.56,62.0,17,16,8,2016,1,0,2016-08-16,0,0.8382373133265638
2016-08-17 17:00:00,19278.0,301.32,52.0,17,17,8,2016,2,0,2016-08-17,1,0.901881357608953
2016-08-17 18:00:00,19214.0,301.7,49.0,18,17,8,2016,2,0,2016-08-17,0,0.8511375217388166
2016-08-18 17:00:00,20343.0,299.48,65.0,17,18,8,2016,3,0,2016-08-18,1,0.8755533623962353
2016-08-18 18:00:00,20205.0,300.51,64.0,18,18,8,2016,3,0,2016-08-18,0,0.8264942139241049
2016-08-19 17:00:00,19999.0,302.03,54.0,17,19,8,2016,4,0,2016-08-19,0,0.8952281940254803
2016-08-19 16:00:00,20069.0,301.52,58.0,16,19,8,2016,4,0,2016-08-19,1,0.8489132560939868
2016-08-20 17:00:00,18195.0,301.97,69.0,17,20,8,2016,5,1,2016-08-20,0,0.7879822214472374
2016-08-20 16:00:00,18201.0,301.27,69.0,16,20,8,2016,5,1,2016-08-20,1,0.6795206408187674
2016-08-21 18:00:00,16283.0,302.69,48.0,18,21,8,2016,6,1,2016-08-21,1,0.8321985125894027
2016-08-21 17:00:00,16160.0,302.39,58.0,17,21,8,2016,6,1,2016-08-21,0,0.7170061914530851
2016-08-22 18:00:00,17931.0,298.62,47.0,18,22,8,2016,0,0,2016-08-22,1,0.8549041745558121
2016-08-22 17:00:00,17917.0,297.9,50.0,17,22,8,2016,0,0,2016-08-22,0,0.8087163663349487
2016-08-23 17:00:00,18680.0,298.22,34.0,17,23,8,2016,1,0,2016-08-23,0,0.8801698070358063
2016-08-23 18:00:00,18685.0,298.71,34.0,18,23,8,2016,1,0,2016-08-23,1,0.8754993457120931
2016-08-24 17:00:00,19200.0,301.63,39.0,17,24,8,2016,2,0,2016-08-24,0,0.8691133586323017
2016-08-24 18:00:00,19291.0,302.2,37.0,18,24,8,2016,2,0,2016-08-24,1,0.8657652613284492
2016-08-25 17:00:00,22064.0,300.68,51.0,17,25,8,2016,3,0,2016-08-25,1,0.8516362200504255
2016-08-25 18:00:00,21993.0,301.54,48.0,18,25,8,2016,3,0,2016-08-25,0,0.72980119011673
2016-08-26 17:00:00,21781.0,304.36,55.0,17,26,8,2016,4,0,2016-08-26,1,0.873818444283527
2016-08-26 15:00:00,21534.0,301.93,69.0,15,26,8,2016,4,0,2016-08-26,0,0.8247292126981275
2016-08-27 17:00:00,20362.0,302.41,48.0,17,27,8,2016,5,1,2016-08-27,1,0.9104415593416999
2016-08-27 18:00:00,19958.0,303.0,43.0,18,27,8,2016,5,1,2016-08-27,0,0.7961061096057847
2016-08-28 17:00:00,20348.0,301.56,39.0,17,28,8,2016,6,1,2016-08-28,1,0.8462797895418024
2016-08-28 18:00:00,20208.0,302.55,35.0,18,28,8,2016,6,1,2016-08-28,0,0.8131481251682104
2016-08-29 17:00:00,21781.0,303.69,45.0,17,29,8,2016,0,0,2016-08-29,1,0.9078567474473271
2016-08-29 15:00:00,21325.0,301.31,61.0,15,29,8,2016,0,0,2016-08-29,0,0.8696861294596724
2016-08-30 17:00:00,21304.0,299.77,57.0,17,30,8,2016,1,0,2016-08-30,1,0.8998579136400244
2016-08-30 18:00:00,21142.0,300.35,51.0,18,30,8,2016,1,0,2016-08-30,0,0.8329235251921239
2016-08-31 17:00:00,20526.0,301.48,48.0,17,31,8,2016,2,0,2016-08-31,0,0.9033172705431747
2016-08-31 16:00:00,20734.0,300.95,58.0,16,31,8,2016,2,0,2016-08-31,1,0.8581298703048817
2016-09-01 17:00:00,17476.0,297.04,69.0,17,1,9,2016,3,0,2016-09-01,1,0.7864792462611644
2016-09-01 18:00:00,17329.0,296.350029888,76.0,18,1,9,2016,3,0,2016-09-01,0,0.6236668721057335
2016-09-02 18:00:00,16034.0,298.94,42.0,18,2,9,2016,4,0,2016-09-02,0,0.8499861926993849
2016-09-02 17:00:00,16107.0,297.84,50.0,17,2,9,2016,4,0,2016-09-02,1,0.8353274157270622
2016-09-03 18:00:00,15302.0,295.84,56.0,18,3,9,2016,5,1,2016-09-03,1,0.8222089351266415
2016-09-03 17:00:00,15201.0,295.56,68.0,17,3,9,2016,5,1,2016-09-03,0,0.7189344058652183
2016-09-04 18:00:00,16017.0,297.95,47.0,18,4,9,2016,6,1,2016-09-04,1,0.8628509113388964
2016-09-04 17:00:00,15895.0,296.88,53.0,17,4,9,2016,6,1,2016-09-04,0,0.7513617882457916
2016-09-05 18:00:00,18234.0,297.89,47.0,18,5,9,2016,0,0,2016-09-05,1,0.8580544245153763
2016-09-05 17:00:00,17975.0,296.51,49.0,17,5,9,2016,0,0,2016-09-05,0,0.7771144234504791
2016-09-06 17:00:00,21580.0,298.67,61.0,17,6,9,2016,1,0,2016-09-06,1,0.9067820998582562
2016-09-06 18:00:00,21490.0,299.45,61.0,18,6,9,2016,1,0,2016-09-06,0,0.7688683526694866
2016-09-07 17:00:00,22021.0,299.95,61.0,17,7,9,2016,2,0,2016-09-07,1,0.9044858772411629
2016-09-07 16:00:00,21778.0,298.61,57.0,16,7,9,2016,2,0,2016-09-07,0,0.8109560321247777
2016-09-08 17:00:00,21185.0,301.68,54.0,17,8,9,2016,3,0,2016-09-08,1,0.9199980606239007
2016-09-08 16:00:00,21109.0,300.55,61.0,16,8,9,2016,3,0,2016-09-08,0,0.8213282620340219
2016-09-09 17:00:00,20204.0,304.51,49.0,17,9,9,2016,4,0,2016-09-09,1,0.8519489025782435
2016-09-09 15:00:00,19957.0,302.31,62.0,15,9,9,2016,4,0,2016-09-09,0,0.8380392042280634
2016-09-10 16:00:00,19071.0,301.71,69.0,16,10,9,2016,5,1,2016-09-10,1,0.7780858635765011
2016-09-10 17:00:00,19011.0,303.15,66.0,17,10,9,2016,5,1,2016-09-10,0,0.7267358512800413
2016-09-11 18:00:00,15784.0,300.05,47.0,18,11,9,2016,6,1,2016-09-11,1,0.8068946765951074
2016-09-11 17:00:00,15727.0,299.56,42.0,17,11,9,2016,6,1,2016-09-11,0,0.7247451950582419
2016-09-12 18:00:00,17901.0,296.81,47.0,18,12,9,2016,0,0,2016-09-12,1,0.8057415996241488
2016-09-12 17:00:00,17891.0,296.25,53.0,17,12,9,2016,0,0,2016-09-12,0,0.7707017037289421
2016-09-13 17:00:00,18972.0,298.57,50.0,17,13,9,2016,1,0,2016-09-13,1,0.8795912841511776
2016-09-13 18:00:00,18956.0,299.51,44.0,18,13,9,2016,1,0,2016-09-13,0,0.8140902873449979
2016-09-14 17:00:00,18174.0,302.49,31.0,17,14,9,2016,2,0,2016-09-14,1,0.8066095366660225
2016-09-14 18:00:00,17991.0,303.43,35.0,18,14,9,2016,2,0,2016-09-14,0,0.6551791822533342
2016-09-15 17:00:00,17082.0,294.43,40.0,17,15,9,2016,3,0,2016-09-15,1,0.8350477420356042
2016-09-15 18:00:00,17040.0,295.0,37.0,18,15,9,2016,3,0,2016-09-15,0,0.8159540293423375
2016-09-16 17:00:00,18265.0,294.76,56.0,17,16,9,2016,4,0,2016-09-16,1,0.8115168375420992
2016-09-16 18:00:00,18157.0,295.35,49.0,18,16,9,2016,4,0,2016-09-16,0,0.7732152399313361
2016-09-17 17:00:00,16618.0,296.36,50.0,17,17,9,2016,5,1,2016-09-17,1,0.8068969597339921
2016-09-17 18:00:00,16447.0,297.36,44.0,18,17,9,2016,5,1,2016-09-17,0,0.7639594961972489
2016-09-18 17:00:00,16105.0,297.96,69.0,17,18,9,2016,6,1,2016-09-18,1,0.6782129331654762
2016-09-18 18:00:00,16048.0,299.38,69.0,18,18,9,2016,6,1,2016-09-18,0,0.6691986087250289
2016-09-19 17:00:00,19027.0,295.08,90.0,17,19,9,2016,0,0,2016-09-19,1,0.7745650032610628
2016-09-19 18:00:00,18890.0,295.56,87.0,18,19,9,2016,0,0,2016-09-19,0,0.6406740220801622
2016-09-20 17:00:00,19498.0,298.87,67.0,17,20,9,2016,1,0,2016-09-20,1,0.834334458361827
2016-09-20 18:00:00,19330.0,299.44,62.0,18,20,9,2016,1,0,2016-09-20,0,0.8167408841898198
2016-09-21 18:00:00,19122.0,298.446,61.0,18,21,9,2016,2,0,2016-09-21,0,0.8332721337241128
2016-09-21 17:00:00,19261.0,297.55,49.0,17,21,9,2016,2,0,2016-09-21,1,0.8238047153551915
2016-09-22 17:00:00,19674.0,300.63,31.0,17,22,9,2016,3,0,2016-09-22,1,0.7482580091379413
2016-09-22 16:00:00,19381.0,299.9,45.0,16,22,9,2016,3,0,2016-09-22,0,0.7224947650916625
2016-09-23 17:00:00,19885.0,298.93,36.0,17,23,9,2016,4,0,2016-09-23,1,0.8902125951865243
2016-09-23 18:00:00,19506.0,302.41,31.0,18,23,9,2016,4,0,2016-09-23,0,0.7310910998089207
2016-09-24 18:00:00,16594.0,293.21,41.0,18,24,9,2016,5,1,2016-09-24,0,0.8264818325788299
2016-09-24 17:00:00,16642.0,292.19,50.0,17,24,9,2016,5,1,2016-09-24,1,0.7944998382674059
2016-09-25 18:00:00,16223.0,292.39,26.0,18,25,9,2016,6,1,2016-09-25,1,0.809677940369924
2016-09-25 17:00:00,16031.0,291.68,34.0,17,25,9,2016,6,1,2016-09-25,0,0.724449426428495
2016-09-26 17:00:00,15262.0,293.05,48.0,17,26,9,2016,0,0,2016-09-26,0,0.7945100579247221
2016-09-26 21:00:00,15002.0,294.4,52.0,21,26,9,2016,0,0,2016-09-26,0,0.7701356427599076
2016-09-27 17:00:00,15195.0,295.0,62.0,17,27,9,2016,1,0,2016-09-27,1,0.7699156913867911
2016-09-27 18:00:00,15067.0,295.64,50.0,18,27,9,2016,1,0,2016-09-27,0,0.7416035350054695
2016-09-28 20:00:00,14734.0,291.79,71.0,20,28,9,2016,2,0,2016-09-28,1,0.7728398117792539
2016-09-28 19:00:00,14536.0,292.5,70.0,19,28,9,2016,2,0,2016-09-28,0,0.5651668139392528
2016-09-29 20:00:00,14569.0,290.99,66.0,20,29,9,2016,3,0,2016-09-29,1,0.7457481493567657
2016-09-29 21:00:00,14568.0,290.82,68.0,21,29,9,2016,3,0,2016-09-29,0,0.6890150401982578
2016-09-30 14:00:00,14198.0,287.69,80.0,14,30,9,2016,4,0,2016-09-30,0,0.17690833122718672
2016-09-30 13:00:00,14238.0,287.11,79.0,13,30,9,2016,4,0,2016-09-30,0,0.1517718163942762
2016-10-01 20:00:00,12744.0,289.42,85.0,20,1,10,2016,5,1,2016-10-01,1,0.6102815582023998
2016-10-01 21:00:00,12729.0,289.46,85.0,21,1,10,2016,5,1,2016-10-01,0,0.43563426427035745
2016-10-02 21:00:00,13059.0,290.19,84.0,21,2,10,2016,6,1,2016-10-02,1,0.8514024620354854
2016-10-02 20:00:00,13018.0,290.18,85.0,20,2,10,2016,6,1,2016-10-02,0,0.7501202066663857
2016-10-03 20:00:00,14581.0,294.36,60.0,20,3,10,2016,0,0,2016-10-03,0,0.7290579613398925
2016-10-03 21:00:00,14501.0,294.27,61.0,21,3,10,2016,0,0,2016-10-03,0,0.5945551054948249
2016-10-04 20:00:00,15125.0,292.88,60.0,20,4,10,2016,1,0,2016-10-04,0,0.7984028562272563
2016-10-04 17:00:00,15254.0,291.94,65.0,17,4,10,2016,1,0,2016-10-04,1,0.7832036502467302
2016-10-05 20:00:00,15371.0,291.924,66.0,20,5,10,2016,2,0,2016-10-05,0,0.8228841629020675
2016-10-05 21:00:00,15183.0,291.924,66.0,21,5,10,2016,2,0,2016-10-05,0,0.7660431310932094
2016-10-06 20:00:00,15623.0,294.294,63.0,20,6,10,2016,3,0,2016-10-06,0,0.8015692663979731
2016-10-06 17:00:00,15891.0,294.171,68.0,17,6,10,2016,3,0,2016-10-06,1,0.7987130632599222
2016-10-07 17:00:00,15280.0,295.065,62.0,17,7,10,2016,4,0,2016-10-07,0,0.7782492635918632
2016-10-07 20:00:00,14741.0,294.159,59.0,20,7,10,2016,4,0,2016-10-07,0,0.7768583731837947
2016-10-08 13:00:00,12590.0,289.916,97.0,13,8,10,2016,5,1,2016-10-08,1,0.5165371845347562
2016-10-08 12:00:00,12544.0,289.916,97.0,12,8,10,2016,5,1,2016-10-08,0,0.2596252807382287
2016-10-09 21:00:00,13041.0,287.114,83.0,21,9,10,2016,6,1,2016-10-09,1,0.8270604727733784
2016-10-09 20:00:00,13003.0,287.114,83.0,20,9,10,2016,6,1,2016-10-09,0,0.7199811335868408
2016-10-10 20:00:00,14415.0,288.063,72.0,20,10,10,2016,0,0,2016-10-10,1,0.675331206690065
2016-10-10 21:00:00,14225.0,288.063,72.0,21,10,10,2016,0,0,2016-10-10,0,0.4281369915675476
2016-10-11 20:00:00,14090.0,290.208,59.0,20,11,10,2016,1,0,2016-10-11,0,0.29809836629977843
2016-10-11 21:00:00,14058.0,290.208,59.0,21,11,10,2016,1,0,2016-10-11,0,0.2773382561952952
2016-10-12 20:00:00,14521.0,291.807,67.0,20,12,10,2016,2,0,2016-10-12,1,0.7398455101943823
2016-10-12 21:00:00,14281.0,291.807,67.0,21,12,10,2016,2,0,2016-10-12,0,0.4282808866772104
2016-10-13 21:00:00,14080.0,294.184,68.0,21,13,10,2016,3,0,2016-10-13,1,0.572584422392605
2016-10-13 11:00:00,13889.0,284.069,100.0,11,13,10,2016,3,0,2016-10-13,0,0.3570716722116883
2016-10-14 11:00:00,13874.0,283.429,90.0,11,14,10,2016,4,0,2016-10-14,1,0.5558989269941522
2016-10-14 12:00:00,13743.0,283.429,90.0,12,14,10,2016,4,0,2016-10-14,0,0.23234846466743392
2016-10-15 20:00:00,12938.0,290.381,65.0,20,15,10,2016,5,1,2016-10-15,1,0.8281802387471372
2016-10-15 21:00:00,12770.0,290.381,65.0,21,15,10,2016,5,1,2016-10-15,0,0.4819417319846947
2016-10-16 20:00:00,13728.0,294.622,64.0,20,16,10,2016,6,1,2016-10-16,1,0.7890704795735506
2016-10-16 21:00:00,13489.0,294.622,64.0,21,16,10,2016,6,1,2016-10-16,0,0.7681839218415826
2016-10-17 20:00:00,16098.0,296.723,64.0,20,17,10,2016,0,0,2016-10-17,1,0.8026914421223253
2016-10-17 17:00:00,16053.0,296.594,69.0,17,17,10,2016,0,0,2016-10-17,0,0.7478282392055223
2016-10-18 20:00:00,16022.0,297.834,63.0,20,18,10,2016,1,0,2016-10-18,1,0.7459170689825381
2016-10-18 17:00:00,15722.0,297.352,67.0,17,18,10,2016,1,0,2016-10-18,0,0.713616325476425
2016-10-19 17:00:00,16102.0,298.739,62.0,17,19,10,2016,2,0,2016-10-19,1,0.749112843204975
2016-10-19 18:00:00,15823.0,298.739,62.0,18,19,10,2016,2,0,2016-10-19,0,0.6298182013444555
2016-10-20 20:00:00,15046.0,295.137,75.0,20,20,10,2016,3,0,2016-10-20,0,0.7290035962055756
2016-10-20 17:00:00,15036.0,296.376,66.0,17,20,10,2016,3,0,2016-10-20,0,0.7268919942332401
2016-10-21 11:00:00,14081.0,292.139,97.0,11,21,10,2016,4,0,2016-10-21,1,0.4848278335394404
2016-10-21 12:00:00,14074.0,292.139,97.0,12,21,10,2016,4,0,2016-10-21,0,0.2675788199401375
2016-10-22 20:00:00,13086.0,281.592,100.0,20,22,10,2016,5,1,2016-10-22,1,0.6395236436285588
2016-10-22 21:00:00,12993.0,281.592,100.0,21,22,10,2016,5,1,2016-10-22,0,0.38941423594249985
2016-10-23 20:00:00,13073.0,287.856,74.0,20,23,10,2016,6,1,2016-10-23,1,0.8285602748391858
2016-10-23 21:00:00,12954.0,287.856,74.0,21,23,10,2016,6,1,2016-10-23,0,0.6608293519148589
2016-10-24 20:00:00,14200.0,286.406,77.0,20,24,10,2016,0,0,2016-10-24,1,0.5620176921370308
2016-10-24 21:00:00,14086.0,286.406,77.0,21,24,10,2016,0,0,2016-10-24,0,0.29650141652464834
2016-10-25 08:00:00,14972.0,281.468,94.0,8,25,10,2016,1,0,2016-10-25,1,0.8088980456163125
2016-10-25 20:00:00,14453.0,283.449,79.0,20,25,10,2016,1,0,2016-10-25,0,0.43179969159026965
2016-10-26 08:00:00,14963.0,277.851,100.0,8,26,10,2016,2,0,2016-10-26,1,0.8064714774129739
2016-10-26 20:00:00,14488.0,282.075,85.0,20,26,10,2016,2,0,2016-10-26,0,0.496666238064169
2016-10-27 20:00:00,14469.0,283.214,100.0,20,27,10,2016,3,0,2016-10-27,1,0.29008441707128463
2016-10-27 09:00:00,14346.0,278.57,100.0,9,27,10,2016,3,0,2016-10-27,0,0.21969076127859397
2016-10-28 09:00:00,14333.0,285.29,100.0,9,28,10,2016,4,0,2016-10-28,1,0.46475958327530364
2016-10-28 10:00:00,14291.0,285.29,100.0,10,28,10,2016,4,0,2016-10-28,0,0.20961927822743134
2016-10-29 20:00:00,13078.0,289.111,71.0,20,29,10,2016,5,1,2016-10-29,1,0.7553605447782015
2016-10-29 21:00:00,12799.0,289.111,71.0,21,29,10,2016,5,1,2016-10-29,0,0.3627554747976265
2016-10-30 20:00:00,13139.0,291.562,81.0,20,30,10,2016,6,1,2016-10-30,1,0.7720704629905257
2016-10-30 21:00:00,12979.0,291.562,81.0,21,30,10,2016,6,1,2016-10-30,0,0.6210895016108151
2016-10-31 11:00:00,14101.0,278.677,100.0,11,31,10,2016,0,0,2016-10-31,0,0.13605951963552734
2016-10-31 20:00:00,14016.0,282.982,97.0,20,31,10,2016,0,0,2016-10-31,0,0.1119215948941493
2016-11-01 20:00:00,14885.0,287.6,47.0,20,1,11,2016,1,0,2016-11-01,1,0.7325125370562086
2016-11-01 21:00:00,14576.0,287.46,58.0,21,1,11,2016,1,0,2016-11-01,0,0.591081433913437
2016-11-02 20:00:00,15014.0,294.37,53.0,20,2,11,2016,2,0,2016-11-02,1,0.7898637879785215
2016-11-02 19:00:00,14719.0,293.53,56.0,19,2,11,2016,2,0,2016-11-02,0,0.7114070268366597
2016-11-03 20:00:00,14337.0,295.53,60.0,20,3,11,2016,3,0,2016-11-03,1,0.32403434993690355
2016-11-03 21:00:00,14216.0,295.3,60.0,21,3,11,2016,3,0,2016-11-03,0,0.3045798862730011
2016-11-04 12:00:00,14008.0,282.68,66.0,12,4,11,2016,4,0,2016-11-04,1,0.4832560807339107
2016-11-04 11:00:00,13973.0,283.92,62.0,11,4,11,2016,4,0,2016-11-04,0,0.45965461858344325
2016-11-05 10:00:00,13553.0,276.8,69.0,10,5,11,2016,5,1,2016-11-05,1,0.5539019319432333
2016-11-05 20:00:00,12916.0,289.68,39.0,20,5,11,2016,5,1,2016-11-05,0,0.49471794369299743
2016-11-06 19:00:00,13178.0,287.07,35.0,19,6,11,2016,6,1,2016-11-06,1,0.6888391087767965
2016-11-06 20:00:00,13098.0,286.76,35.0,20,6,11,2016,6,1,2016-11-06,0,0.6327061969539713
2016-11-07 08:00:00,14879.0,276.16,74.0,8,7,11,2016,0,0,2016-11-07,1,0.764545133550291
2016-11-07 09:00:00,14785.0,275.51,69.0,9,7,11,2016,0,0,2016-11-07,0,0.5191527319459888
2016-11-08 19:00:00,14828.0,291.45,57.0,19,8,11,2016,1,0,2016-11-08,1,0.8021336443316891
2016-11-08 08:00:00,14701.0,276.23,69.0,8,8,11,2016,1,0,2016-11-08,0,0.6009111595472117
2016-11-09 20:00:00,15257.0,285.48,93.0,20,9,11,2016,2,0,2016-11-09,1,0.8114613931728141
2016-11-09 19:00:00,15238.0,285.23,93.0,19,9,11,2016,2,0,2016-11-09,0,0.7824132256151307
2016-11-10 08:00:00,15848.0,279.61,70.0,8,10,11,2016,3,0,2016-11-10,1,0.8840660108004369
2016-11-10 21:00:00,14799.0,286.65,35.0,21,10,11,2016,3,0,2016-11-10,0,0.549743384803167
2016-11-11 08:00:00,14957.0,282.0,75.0,8,11,11,2016,4,0,2016-11-11,1,0.8357766514483072
2016-11-11 09:00:00,14957.0,281.53,75.0,9,11,11,2016,4,0,2016-11-11,1,0.5291173893319876
2016-11-12 21:00:00,14008.0,283.29,31.0,21,12,11,2016,5,1,2016-11-12,0,0.5219274605816107
2016-11-12 09:00:00,14461.0,275.85,47.0,9,12,11,2016,5,1,2016-11-12,1,0.494551140460015
2016-11-13 09:00:00,14585.0,275.01,55.0,9,13,11,2016,6,1,2016-11-13,1,0.7303416449524933
2016-11-13 19:00:00,13872.0,288.68,24.0,19,13,11,2016,6,1,2016-11-13,0,0.466961720508171
2016-11-14 08:00:00,16621.0,276.21,41.0,8,14,11,2016,0,0,2016-11-14,1,0.8923383070470697
2016-11-14 09:00:00,16436.0,276.15,48.0,9,14,11,2016,0,0,2016-11-14,0,0.6746973916066171
2016-11-15 08:00:00,16502.0,282.93,50.0,8,15,11,2016,1,0,2016-11-15,1,0.8097920415802712
2016-11-15 19:00:00,15012.0,282.47,87.0,19,15,11,2016,1,0,2016-11-15,0,0.7153828451423777
2016-11-16 08:00:00,15665.0,279.9,70.0,8,16,11,2016,2,0,2016-11-16,1,0.8780312787532206
2016-11-16 19:00:00,14838.0,288.98,36.0,19,16,11,2016,2,0,2016-11-16,0,0.6594643533318469
2016-11-17 08:00:00,15929.0,281.23,81.0,8,17,11,2016,3,0,2016-11-17,1,0.862561715470851
2016-11-17 19:00:00,14561.0,289.42,45.0,19,17,11,2016,3,0,2016-11-17,0,0.5963088714408821
2016-11-18 08:00:00,15004.0,279.01,100.0,8,18,11,2016,4,0,2016-11-18,1,0.8063928994863804
2016-11-18 09:00:00,14970.0,278.4,100.0,9,18,11,2016,4,0,2016-11-18,0,0.36418755264320235
2016-11-19 19:00:00,15566.0,289.82,71.0,19,19,11,2016,5,1,2016-11-19,1,0.7870197818213883
2016-11-19 20:00:00,15151.0,289.49,59.0,20,19,11,2016,5,1,2016-11-19,0,0.765677858562227
2016-11-20 19:00:00,16182.0,277.78,56.0,19,20,11,2016,6,1,2016-11-20,1,0.7946408669835867
2016-11-20 20:00:00,16044.0,277.65,69.0,20,20,11,2016,6,1,2016-11-20,0,0.6201163023449041
2016-11-21 08:00:00,17150.0,275.73,59.0,8,21,11,2016,0,0,2016-11-21,0,0.877039190076776
2016-11-21 19:00:00,17052.0,277.15,41.0,19,21,11,2016,0,0,2016-11-21,0,0.6714244016992571
2016-11-22 08:00:00,17809.0,275.57,44.0,8,22,11,2016,1,0,2016-11-22,1,0.9124401560518544
2016-11-22 20:00:00,16536.0,278.07,44.0,20,22,11,2016,1,0,2016-11-22,0,0.6772344698245264
2016-11-23 08:00:00,16672.0,274.82,64.0,8,23,11,2016,2,0,2016-11-23,0,0.8890339351947154
2016-11-23 09:00:00,16899.0,274.53,100.0,9,23,11,2016,2,0,2016-11-23,1,0.6212741457470019
2016-11-24 12:00:00,13702.0,275.985115374,57.0,12,24,11,2016,3,0,2016-11-24,1,0.4632346216735037
2016-11-24 11:00:00,13696.0,276.14,56.0,11,24,11,2016,3,0,2016-11-24,0,0.34991229359605436
2016-11-25 18:00:00,13789.0,284.06,66.0,18,25,11,2016,4,0,2016-11-25,1,0.49749967702971054
2016-11-25 19:00:00,13700.0,284.53,62.0,19,25,11,2016,4,0,2016-11-25,0,0.20892936083516944
2016-11-26 19:00:00,14447.0,282.22,57.0,19,26,11,2016,5,1,2016-11-26,1,0.734628185277098
2016-11-26 20:00:00,14356.0,282.36,53.0,20,26,11,2016,5,1,2016-11-26,0,0.5660025676325664
2016-11-27 20:00:00,14876.0,282.31,45.0,20,27,11,2016,6,1,2016-11-27,0,0.6664322936210155
2016-11-27 19:00:00,14644.0,282.61,42.0,19,27,11,2016,6,1,2016-11-27,0,0.6135372348369655
2016-11-28 08:00:00,16175.0,274.01,74.0,8,28,11,2016,0,0,2016-11-28,0,0.8429010014544525
2016-11-28 09:00:00,16217.0,273.43,74.0,9,28,11,2016,0,0,2016-11-28,1,0.7321622610354203
2016-11-29 19:00:00,15066.0,286.84,87.0,19,29,11,2016,1,0,2016-11-29,1,0.8029867114901986
2016-11-29 20:00:00,14983.0,287.53,93.0,20,29,11,2016,1,0,2016-11-29,0,0.732399282709354
2016-11-30 19:00:00,15249.0,285.45,87.0,19,30,11,2016,2,0,2016-11-30,1,0.8137179822302446
2016-11-30 20:00:00,15121.0,285.38,93.0,20,30,11,2016,2,0,2016-11-30,0,0.747510111605196
2016-12-01 20:00:00,16483.0,283.3,94.0,20,1,12,2016,3,0,2016-12-01,0,0.7215227237921744
2016-12-01 19:00:00,16622.0,284.08,95.0,19,1,12,2016,3,0,2016-12-01,1,0.6968109089251956
2016-12-02 19:00:00,16272.0,283.39,43.0,19,2,12,2016,4,0,2016-12-02,0,0.704930336216058
2016-12-02 08:00:00,16934.0,276.24,74.0,8,2,12,2016,4,0,2016-12-02,1,0.6853608954820024
2016-12-03 19:00:00,15383.0,281.31,49.0,19,3,12,2016,5,1,2016-12-03,0,0.6985586657570404
2016-12-03 20:00:00,15352.0,281.06,48.0,20,3,12,2016,5,1,2016-12-03,0,0.680678187604416
2016-12-04 19:00:00,16005.0,280.61,36.0,19,4,12,2016,6,1,2016-12-04,1,0.5357682474050539
2016-12-04 21:00:00,15707.0,280.57,41.0,21,4,12,2016,6,1,2016-12-04,0,0.5072100179238541
2016-12-05 20:00:00,16624.0,282.07,57.0,20,5,12,2016,0,0,2016-12-05,1,0.7549359517632881
2016-12-05 19:00:00,16479.0,281.45,70.0,19,5,12,2016,0,0,2016-12-05,0,0.7422547174591229
2016-12-06 19:00:00,17089.0,280.31,61.0,19,6,12,2016,1,0,2016-12-06,0,0.7238265676882524
2016-12-06 20:00:00,16948.0,280.07,60.0,20,6,12,2016,1,0,2016-12-06,0,0.694681410363288
2016-12-07 20:00:00,16987.0,280.3,70.0,20,7,12,2016,2,0,2016-12-07,0,0.7312995073449732
2016-12-07 19:00:00,17054.0,279.68,81.0,19,7,12,2016,2,0,2016-12-07,0,0.7247377722788567
2016-12-08 20:00:00,18911.0,279.15,44.0,20,8,12,2016,3,0,2016-12-08,1,0.7770097567581132
2016-12-08 19:00:00,18808.0,278.73,44.0,19,8,12,2016,3,0,2016-12-08,0,0.7613944414111348
2016-12-09 19:00:00,18866.0,276.39,37.0,19,9,12,2016,4,0,2016-12-09,0,0.649171140134087
2016-12-09 09:00:00,19079.0,272.73,98.0,9,9,12,2016,4,0,2016-12-09,1,0.6474159503791731
2016-12-10 09:00:00,17874.0,269.42,68.0,9,10,12,2016,5,1,2016-12-10,1,0.7966855005462646
2016-12-10 19:00:00,17635.0,274.3,47.0,19,10,12,2016,5,1,2016-12-10,0,0.623944185428053
2016-12-11 09:00:00,16465.0,268.99,63.0,9,11,12,2016,6,1,2016-12-11,0,0.7201433732980534
2016-12-11 19:00:00,16997.0,273.65,98.0,19,11,12,2016,6,1,2016-12-11,1,0.6761884161188757
2016-12-12 19:00:00,17563.0,279.14,87.0,19,12,12,2016,0,0,2016-12-12,1,0.7978444161152288
2016-12-12 20:00:00,17525.0,279.45,81.0,20,12,12,2016,0,0,2016-12-12,0,0.7155048531800241
2016-12-13 19:00:00,17773.0,278.14,48.0,19,13,12,2016,1,0,2016-12-13,1,0.7779953800072176
2016-12-13 20:00:00,17700.0,278.53,52.0,20,13,12,2016,1,0,2016-12-13,0,0.7235378692489758
2016-12-14 08:00:00,18529.0,275.38,69.0,8,14,12,2016,2,0,2016-12-14,0,0.6548167932960339
2016-12-14 21:00:00,18878.0,277.69,32.0,21,14,12,2016,2,0,2016-12-14,1,0.6537367510081522
2016-12-15 08:00:00,20598.0,272.48,54.0,8,15,12,2016,3,0,2016-12-15,0,0.7528392424647901
2016-12-15 19:00:00,21293.0,268.07,29.0,19,15,12,2016,3,0,2016-12-15,1,0.7236546842572659
2016-12-16 08:00:00,21194.0,265.07,44.0,8,16,12,2016,4,0,2016-12-16,1,0.8710400956748654
2016-12-16 20:00:00,19521.0,269.76,45.0,20,16,12,2016,4,0,2016-12-16,0,0.5035513409771067
2016-12-17 00:00:00,16918.0,268.3,62.0,0,17,12,2016,5,1,2016-12-17,1,0.6242813626851476
2016-12-17 09:00:00,16413.0,268.68,79.0,9,17,12,2016,5,1,2016-12-17,0,0.46644717460587626
2016-12-18 19:00:00,17534.0,285.92,93.0,19,18,12,2016,6,1,2016-12-18,0,0.7615353793343453
2016-12-18 21:00:00,17657.0,279.92,93.0,21,18,12,2016,6,1,2016-12-18,1,0.7443148340364116
2016-12-19 08:00:00,19015.0,271.38,46.0,8,19,12,2016,0,0,2016-12-19,0,0.7028784226288923
2016-12-19 19:00:00,19340.0,271.07,42.0,19,19,12,2016,0,0,2016-12-19,0,0.5657678587248924
2016-12-20 08:00:00,20366.0,264.86,44.0,8,20,12,2016,1,0,2016-12-20,1,0.8987172017289713
2016-12-20 19:00:00,18688.0,271.91,100.0,19,20,12,2016,1,0,2016-12-20,0,0.44449931821514643
2016-12-21 08:00:00,19087.0,269.84,73.0,8,21,12,2016,2,0,2016-12-21,1,0.6645167397171464
2016-12-21 19:00:00,17616.0,276.48,44.0,19,21,12,2016,2,0,2016-12-21,0,0.6536994949755663
2016-12-22 08:00:00,16865.0,272.79,59.0,8,22,12,2016,3,0,2016-12-22,0,0.6663675311540079
2016-12-22 20:00:00,16901.0,282.15,39.0,20,22,12,2016,3,0,2016-12-22,0,0.6541875860388252
2016-12-23 08:00:00,16782.0,276.91,55.0,8,23,12,2016,4,0,2016-12-23,0,0.6775699771077486
2016-12-23 09:00:00,16967.0,276.15,59.0,9,23,12,2016,4,0,2016-12-23,1,0.6767379969531975
2016-12-24 11:00:00,14076.0,276.72,60.0,11,24,12,2016,5,1,2016-12-24,1,0.2753138251929446
2016-12-24 10:00:00,13959.0,276.21,52.0,10,24,12,2016,5,1,2016-12-24,0,0.2576952123706608
2016-12-25 19:00:00,12728.0,282.68,46.0,19,25,12,2016,6,1,2016-12-25,0,0.1852801029539436
2016-12-25 21:00:00,12711.0,282.92,45.0,21,25,12,2016,6,1,2016-12-25,0,0.17807457549273234
2016-12-26 19:00:00,13568.0,276.24,74.0,19,26,12,2016,0,0,2016-12-26,1,0.6572477639089205
2016-12-26 18:00:00,13338.0,275.96,69.0,18,26,12,2016,0,0,2016-12-26,0,0.15134971014111256
2016-12-27 19:00:00,15498.0,288.6,48.0,19,27,12,2016,1,0,2016-12-27,1,0.7716826795068823
2016-12-27 20:00:00,15422.0,288.76,36.0,20,27,12,2016,1,0,2016-12-27,0,0.6444778666457184
2016-12-28 09:00:00,16567.0,275.07,64.0,9,28,12,2016,2,0,2016-12-28,1,0.7596428487206068
2016-12-28 08:00:00,16338.0,274.76,64.0,8,28,12,2016,2,0,2016-12-28,0,0.6573573435225412
2016-12-29 19:00:00,16408.0,278.69,93.0,19,29,12,2016,3,0,2016-12-29,1,0.7389036166107821
2016-12-29 20:00:00,16386.0,278.41,93.0,20,29,12,2016,3,0,2016-12-29,0,0.6469089582197998
2016-12-30 19:00:00,16837.0,276.84,48.0,19,30,12,2016,4,0,2016-12-30,1,0.7069887250033574
2016-12-30 09:00:00,16328.0,273.61,69.0,9,30,12,2016,4,0,2016-12-30,0,0.6876037348501451
2016-12-31 09:00:00,15699.0,272.07,90.0,9,31,12,2016,5,1,2016-12-31,1,0.6920341276183706
2016-12-31 19:00:00,15376.0,277.79,33.0,19,31,12,2016,5,1,2016-12-31,0,0.46886942371257617
2017-01-01 19:00:00,13997.0,281.3,31.0,19,1,1,2017,6,1,2017-01-01,1,0.635562023369063
2017-01-01 20:00:00,13962.0,281.61,31.0,20,1,1,2017,6,1,2017-01-01,0,0.46205414940867096
2017-01-02 19:00:00,14995.0,276.93,86.0,19,2,1,2017,0,0,2017-01-02,1,0.5757614730456858
2017-01-02 20:00:00,14832.0,276.85,93.0,20,2,1,2017,0,0,2017-01-02,0,0.45175576363258324
2017-01-03 19:00:00,16011.0,278.8,93.0,19,3,1,2017,1,0,2017-01-03,1,0.5247239818627059
2017-01-03 21:00:00,15542.0,279.3,93.0,21,3,1,2017,1,0,2017-01-03,0,0.4660916379782771
2017-01-04 20:00:00,18277.0,283.68,43.0,20,4,1,2017,2,0,2017-01-04,1,0.7441750756141946
2017-01-04 19:00:00,18166.0,283.38,61.0,19,4,1,2017,2,0,2017-01-04,0,0.6504098057072594
2017-01-05 19:00:00,19497.0,272.38,93.0,19,5,1,2017,3,0,2017-01-05,1,0.6189958875915671
2017-01-05 08:00:00,19060.0,271.99,36.0,8,5,1,2017,3,0,2017-01-05,0,0.5879346714657145
2017-01-06 19:00:00,19935.0,272.99,100.0,19,6,1,2017,4,0,2017-01-06,1,0.7477929402709992
2017-01-06 20:00:00,19810.0,273.07,95.0,20,6,1,2017,4,0,2017-01-06,0,0.6602640667412958
2017-01-07 19:00:00,20031.0,266.38,79.0,19,7,1,2017,5,1,2017-01-07,1,0.7060997301926218
2017-01-07 20:00:00,19982.0,266.61,85.0,20,7,1,2017,5,1,2017-01-07,0,0.5845833348867749
2017-01-08 09:00:00,19663.0,264.76,61.0,9,8,1,2017,6,1,2017-01-08,0,0.5925913059539041
2017-01-08 10:00:00,19618.0,264.45,56.0,10,8,1,2017,6,1,2017-01-08,0,0.45456445120043376
2017-01-09 08:00:00,21614.0,263.51,51.0,8,9,1,2017,0,0,2017-01-09,1,0.9430935417606715
2017-01-09 19:00:00,19837.0,266.53,48.0,19,9,1,2017,0,0,2017-01-09,0,0.4318265765012842
2017-01-10 08:00:00,18815.0,262.57,72.0,8,10,1,2017,1,0,2017-01-10,1,0.8796162323940248
2017-01-10 19:00:00,17799.0,273.02,68.0,19,10,1,2017,1,0,2017-01-10,0,0.5331251874613365
2017-01-11 08:00:00,17155.0,278.39,93.0,8,11,1,2017,2,0,2017-01-11,1,0.7577073354757026
2017-01-11 19:00:00,16444.0,282.84,61.0,19,11,1,2017,2,0,2017-01-11,0,0.6300117416753653
2017-01-12 19:00:00,15656.0,289.36,59.0,19,12,1,2017,3,0,2017-01-12,1,0.5485178399859205
2017-01-12 20:00:00,15594.0,290.13,59.0,20,12,1,2017,3,0,2017-01-12,0,0.5433333168368286
2017-01-13 19:00:00,16462.0,280.91,36.0,19,13,1,2017,4,0,2017-01-13,1,0.6397652463098562
2017-01-13 20:00:00,16255.0,280.23,36.0,20,13,1,2017,4,0,2017-01-13,0,0.5299283401061825
2017-01-14 11:00:00,15800.0,271.0,50.0,11,14,1,2017,5,1,2017-01-14,1,0.47664502324193386
2017-01-14 19:00:00,15633.0,273.23,87.0,19,14,1,2017,5,1,2017-01-14,0,0.431832816073751
2017-01-15 19:00:00,15498.0,275.92,55.0,19,15,1,2017,6,1,2017-01-15,1,0.5888016219794191
2017-01-15 21:00:00,15206.0,276.5,51.0,21,15,1,2017,6,1,2017-01-15,0,0.46626505734617857
2017-01-16 08:00:00,16082.0,269.01,73.0,8,16,1,2017,0,0,2017-01-16,0,0.6704986333229364
2017-01-16 19:00:00,16424.0,277.43,41.0,19,16,1,2017,0,0,2017-01-16,0,0.5340200158314563
2017-01-17 08:00:00,15767.0,276.38,64.0,8,17,1,2017,1,0,2017-01-17,1,0.7982314976851379
2017-01-17 19:00:00,15511.0,276.51,86.0,19,17,1,2017,1,0,2017-01-17,0,0.4723159955456054
2017-01-18 08:00:00,15715.0,275.99,93.0,8,18,1,2017,2,0,2017-01-18,0,0.5747073073138435
2017-01-18 20:00:00,16343.0,278.15,86.0,20,18,1,2017,2,0,2017-01-18,1,0.522599596817433
2017-01-19 08:00:00,16819.0,275.74,93.0,8,19,1,2017,3,0,2017-01-19,1,0.7810485173581918
2017-01-19 20:00:00,16192.0,280.46,65.0,20,19,1,2017,3,0,2017-01-19,0,0.5903836185912583
2017-01-20 08:00:00,15985.0,276.77,95.0,8,20,1,2017,4,0,2017-01-20,1,0.6711844380591745
2017-01-20 19:00:00,14786.0,279.36,65.0,19,20,1,2017,4,0,2017-01-20,0,0.4363313975656029
2017-01-21 11:00:00,13758.0,278.45,93.0,11,21,1,2017,5,1,2017-01-21,1,0.5717390851767852
2017-01-21 10:00:00,13738.0,278.66,93.0,10,21,1,2017,5,1,2017-01-21,0,0.33743646198664684
2017-01-22 19:00:00,13850.0,281.68,87.0,19,22,1,2017,6,1,2017-01-22,1,0.3020735297241132
2017-01-22 21:00:00,13615.0,281.89,81.0,21,22,1,2017,6,1,2017-01-22,0,0.2890475558536233
2017-01-23 19:00:00,16300.0,277.38,69.0,19,23,1,2017,0,0,2017-01-23,1,0.6465708696483327
2017-01-23 21:00:00,15919.0,277.22,69.0,21,23,1,2017,0,0,2017-01-23,0,0.493291404657814
2017-01-24 19:00:00,16456.0,279.814,96.0,19,24,1,2017,1,0,2017-01-24,1,0.6433119024004494
2017-01-24 08:00:00,16197.0,276.15,93.0,8,24,1,2017,1,0,2017-01-24,0,0.6247920052419674
2017-01-25 08:00:00,16892.0,275.649,97.0,8,25,1,2017,2,0,2017-01-25,1,0.8554160152713949
2017-01-25 19:00:00,15505.0,281.34,88.0,19,25,1,2017,2,0,2017-01-25,0,0.5405967567747271
2017-01-26 19:00:00,17424.0,283.97,43.0,19,26,1,2017,3,0,2017-01-26,1,0.7025864041580556
2017-01-26 20:00:00,17358.0,283.89,43.0,20,26,1,2017,3,0,2017-01-26,0,0.6537318942143567
2017-01-27 08:00:00,17814.0,278.06,64.0,8,27,1,2017,4,0,2017-01-27,0,0.6717577722755399
2017-01-27 19:00:00,17971.0,278.51,48.0,19,27,1,2017,4,0,2017-01-27,1,0.660557901752567
2017-01-28 09:00:00,16618.0,274.9,59.0,9,28,1,2017,5,1,2017-01-28,0,0.7004858310922687
2017-01-28 10:00:00,16674.0,274.56,59.0,10,28,1,2017,5,1,2017-01-28,1,0.5697887791796519
2017-01-29 20:00:00,16964.0,278.89,28.0,20,29,1,2017,6,1,2017-01-29,1,0.7606867218959811
2017-01-29 19:00:00,16952.0,278.81,33.0,19,29,1,2017,6,1,2017-01-29,0,0.6669338850290027
2017-01-30 08:00:00,18695.0,272.38,50.0,8,30,1,2017,0,0,2017-01-30,1,0.8868855724215335
2017-01-30 19:00:00,18482.0,275.15,40.0,19,30,1,2017,0,0,2017-01-30,0,0.47038024628851766
2017-01-31 08:00:00,18221.0,269.56,79.0,8,31,1,2017,1,0,2017-01-31,1,0.7900421608250727
2017-01-31 20:00:00,16678.0,271.79,80.0,20,31,1,2017,1,0,2017-01-31,0,0.4544630034070016
2017-02-01 08:00:00,16873.0,271.23,92.0,8,1,2,2017,2,0,2017-02-01,1,0.840844434800574
2017-02-01 20:00:00,16486.0,280.49,39.0,20,1,2,2017,2,0,2017-02-01,0,0.5796572043964826
2017-02-02 08:00:00,17863.0,272.07,100.0,8,2,2,2017,3,0,2017-02-02,1,0.8966496585109638
2017-02-02 20:00:00,17498.0,278.99,41.0,20,2,2,2017,3,0,2017-02-02,0,0.5482180790823413
2017-02-03 08:00:00,18558.0,271.06,49.0,8,3,2,2017,4,0,2017-02-03,1,0.9187710864717533
2017-02-03 20:00:00,18220.0,273.06,37.0,20,3,2,2017,4,0,2017-02-03,0,0.48380232679003926
2017-02-04 09:00:00,18636.0,267.65,48.0,9,4,2,2017,5,1,2017-02-04,1,0.7941106850701112
2017-02-04 19:00:00,16656.0,272.68,83.0,19,4,2,2017,5,1,2017-02-04,0,0.6133247427697692
2017-02-05 00:00:00,15328.0,272.99,39.0,0,5,2,2017,6,1,2017-02-05,1,0.6215179900328637
2017-02-05 21:00:00,14930.0,277.23,51.0,21,5,2,2017,6,1,2017-02-05,0,0.5086810953245267
2017-02-06 08:00:00,17964.0,277.56,51.0,8,6,2,2017,0,0,2017-02-06,1,0.8540750964427605
2017-02-06 21:00:00,15156.0,281.91,34.0,21,6,2,2017,0,0,2017-02-06,0,0.46461975705866854
2017-02-07 08:00:00,15290.0,274.61,92.0,8,7,2,2017,1,0,2017-02-07,1,0.8308759909374247
2017-02-07 21:00:00,14764.0,276.45,93.0,21,7,2,2017,1,0,2017-02-07,0,0.45715426893903327
2017-02-08 08:00:00,15162.0,276.39,93.0,8,8,2,2017,2,0,2017-02-08,0,0.6591161623227653
2017-02-08 20:00:00,16171.0,288.98,36.0,20,8,2,2017,2,0,2017-02-08,1,0.6535483647398982
2017-02-09 08:00:00,17681.0,276.4,60.0,8,9,2,2017,3,0,2017-02-09,0,0.8174386083580734
2017-02-09 20:00:00,19291.0,270.06,46.0,20,9,2,2017,3,0,2017-02-09,1,0.5822841394204814
2017-02-10 08:00:00,19692.0,265.32,61.0,8,10,2,2017,4,0,2017-02-10,1,0.8924429256278991
2017-02-10 20:00:00,16895.0,272.31,46.0,20,10,2,2017,4,0,2017-02-10,0,0.40187490896970146
2017-02-11 10:00:00,14793.0,272.46,79.0,10,11,2,2017,5,1,2017-02-11,1,0.5366601974769128
2017-02-11 09:00:00,14608.0,272.31,79.0,9,11,2,2017,5,1,2017-02-11,0,0.4244140847371996
2017-02-12 20:00:00,14365.0,273.57,86.0,20,12,2,2017,6,1,2017-02-12,1,0.2182937586407889
2017-02-12 11:00:00,12697.0,274.31,69.0,11,12,2,2017,6,1,2017-02-12,0,0.21208767727617261
2017-02-13 08:00:00,17174.0,275.9,74.0,8,13,2,2017,0,0,2017-02-13,1,0.8887241312886677
2017-02-13 20:00:00,16454.0,275.95,48.0,20,13,2,2017,0,0,2017-02-13,0,0.5068412593793721
2017-02-14 08:00:00,17376.0,268.661,100.0,8,14,2,2017,1,0,2017-02-14,1,0.7531698756907862
2017-02-14 19:00:00,15853.0,272.578,100.0,19,14,2,2017,1,0,2017-02-14,0,0.29664495853817036
2017-02-15 08:00:00,16652.0,271.204,95.0,8,15,2,2017,2,0,2017-02-15,0,0.817343822686668
2017-02-15 21:00:00,17232.0,276.439,93.0,21,15,2,2017,2,0,2017-02-15,1,0.6152338765920782
2017-02-16 08:00:00,18143.0,271.564,100.0,8,16,2,2017,3,0,2017-02-16,1,0.8624045239297159
2017-02-16 20:00:00,17286.0,273.355,97.0,20,16,2,2017,3,0,2017-02-16,0,0.46864415999182946
2017-02-17 08:00:00,17319.0,269.031,100.0,8,17,2,2017,4,0,2017-02-17,1,0.8623989741235617
2017-02-17 09:00:00,17059.0,269.031,100.0,9,17,2,2017,4,0,2017-02-17,0,0.27713806349534964
2017-02-18 09:00:00,13992.0,270.616,90.0,9,18,2,2017,5,1,2017-02-18,1,0.5713394641706562
2017-02-18 10:00:00,13898.0,270.616,90.0,10,18,2,2017,5,1,2017-02-18,0,0.3509246712693182
2017-02-19 21:00:00,13542.0,285.09,86.0,21,19,2,2017,6,1,2017-02-19,1,0.5808290866146003
2017-02-19 20:00:00,13538.0,285.09,86.0,20,19,2,2017,6,1,2017-02-19,0,0.4408795496714123
2017-02-20 08:00:00,15542.0,275.372,94.0,8,20,2,2017,0,0,2017-02-20,0,0.7845189961306477
2017-02-20 09:00:00,15720.0,275.372,94.0,9,20,2,2017,0,0,2017-02-20,1,0.57393797092785
2017-02-21 08:00:00,15148.0,270.643,95.0,8,21,2,2017,1,0,2017-02-21,0,0.6400727504025823
2017-02-21 09:00:00,15164.0,270.806950626,95.0,9,21,2,2017,1,0,2017-02-21,1,0.5860574334804257
2017-02-22 20:00:00,14820.0,285.22,50.0,20,22,2,2017,2,0,2017-02-22,1,0.6652086174258675
2017-02-22 21:00:00,14587.0,286.15,47.0,21,22,2,2017,2,0,2017-02-22,0,0.5412635148190759
2017-02-23 08:00:00,14531.0,278.53,100.0,8,23,2,2017,3,0,2017-02-23,1,0.641391650969077
2017-02-23 20:00:00,14458.0,290.15,72.0,20,23,2,2017,3,0,2017-02-23,0,0.4061123910273736
2017-02-24 11:00:00,14106.0,282.32,100.0,11,24,2,2017,4,0,2017-02-24,0,0.22871022727514378
2017-02-24 13:00:00,14035.0,282.56,87.0,13,24,2,2017,4,0,2017-02-24,0,0.16824948596826247
2017-02-25 20:00:00,15007.0,291.83,82.0,20,25,2,2017,5,1,2017-02-25,1,0.6244796451960596
2017-02-25 21:00:00,14851.0,291.91,72.0,21,25,2,2017,5,1,2017-02-25,0,0.4876472905073569
2017-02-26 21:00:00,15121.0,278.61,35.0,21,26,2,2017,6,1,2017-02-26,1,0.6806039460200977
2017-02-26 20:00:00,15070.0,278.38,35.0,20,26,2,2017,6,1,2017-02-26,0,0.5302671770745091
2017-02-27 08:00:00,16615.0,272.15,92.0,8,27,2,2017,0,0,2017-02-27,1,0.8613112978802985
2017-02-27 20:00:00,15877.0,284.15,32.0,20,27,2,2017,0,0,2017-02-27,0,0.5011503140015111
2017-02-28 08:00:00,16359.0,279.07,86.0,8,28,2,2017,1,0,2017-02-28,1,0.7999874075807171
2017-02-28 19:00:00,15316.0,288.3,51.0,19,28,2,2017,1,0,2017-02-28,0,0.5562402909831551
2017-03-01 20:00:00,14957.0,291.13,73.0,20,1,3,2017,2,0,2017-03-01,1,0.7031909851741648
2017-03-01 19:00:00,14556.0,289.57,82.0,19,1,3,2017,2,0,2017-03-01,0,0.5804510057334284
2017-03-02 20:00:00,16805.0,280.55,33.0,20,2,3,2017,3,0,2017-03-02,1,0.5795589944007183
2017-03-02 21:00:00,16791.0,280.14,31.0,21,2,3,2017,3,0,2017-03-02,0,0.465362781548924
2017-03-03 08:00:00,17385.0,272.8,40.0,8,3,3,2017,4,0,2017-03-03,1,0.9270739924294529
2017-03-03 09:00:00,17140.0,271.75,43.0,9,3,3,2017,4,0,2017-03-03,0,0.40707615035116956
2017-03-04 08:00:00,16530.0,267.45,45.0,8,4,3,2017,5,1,2017-03-04,1,0.7275416166838453
2017-03-04 09:00:00,16520.0,267.31,45.0,9,4,3,2017,5,1,2017-03-04,0,0.7229153583086358
2017-03-05 09:00:00,15364.0,263.92,40.0,9,5,3,2017,6,1,2017-03-05,1,0.68759347363489
2017-03-05 08:00:00,15350.0,263.92,40.0,8,5,3,2017,6,1,2017-03-05,0,0.3323710786062029
2017-03-06 08:00:00,15852.0,266.92,36.0,8,6,3,2017,0,0,2017-03-06,1,0.8481756470395014
2017-03-06 21:00:00,15160.0,279.65,35.0,21,6,3,2017,0,0,2017-03-06,0,0.46870495578158095
2017-03-07 08:00:00,14977.0,277.89,65.0,8,7,3,2017,1,0,2017-03-07,0,0.8255986325979824
2017-03-07 21:00:00,15053.0,283.98,81.0,21,7,3,2017,1,0,2017-03-07,0,0.6520941647972675
2017-03-08 08:00:00,15733.0,284.23,76.0,8,8,3,2017,2,0,2017-03-08,1,0.7627880444820632
2017-03-08 09:00:00,15319.0,285.06,81.0,9,8,3,2017,2,0,2017-03-08,0,0.45562448917646065
2017-03-09 08:00:00,16109.0,284.81,22.0,8,9,3,2017,3,0,2017-03-09,1,0.50461133354464
2017-03-09 21:00:00,14748.0,289.14,18.0,21,9,3,2017,3,0,2017-03-09,0,0.356705198510356
2017-03-10 08:00:00,15791.0,279.52,42.0,8,10,3,2017,4,0,2017-03-10,0,0.8569548307271992
2017-03-10 20:00:00,16478.0,274.68,74.0,20,10,3,2017,4,0,2017-03-10,1,0.5997542115987861
2017-03-11 09:00:00,16349.0,265.72,37.0,9,11,3,2017,5,1,2017-03-11,1,0.7431919525731643
2017-03-11 08:00:00,16113.0,266.22,34.0,8,11,3,2017,5,1,2017-03-11,0,0.3549436083259437
2017-03-12 09:00:00,15829.0,266.71,48.0,9,12,3,2017,6,1,2017-03-12,0,0.7160366204773913
2017-03-12 22:00:00,15831.0,271.6,94.0,22,12,3,2017,6,1,2017-03-12,1,0.5893673557602647
2017-03-13 08:00:00,18578.0,266.45,44.0,8,13,3,2017,0,0,2017-03-13,1,0.9078676447709684
2017-03-13 09:00:00,18463.0,266.14,44.0,9,13,3,2017,0,0,2017-03-13,0,0.3266691638089077
2017-03-14 08:00:00,18014.0,270.71,92.0,8,14,3,2017,1,0,2017-03-14,0,0.7633986128357819
2017-03-14 20:00:00,18637.0,271.47,86.0,20,14,3,2017,1,0,2017-03-14,0,0.5215787954321137
2017-03-15 08:00:00,20694.0,266.53,57.0,8,15,3,2017,2,0,2017-03-15,1,0.9456944884546581
2017-03-15 20:00:00,18332.0,269.23,62.0,20,15,3,2017,2,0,2017-03-15,0,0.43282058777612314
2017-03-16 08:00:00,19899.0,269.14,49.0,8,16,3,2017,3,0,2017-03-16,1,0.9068500888054071
2017-03-16 21:00:00,17166.0,276.83,32.0,21,16,3,2017,3,0,2017-03-16,0,0.4106759171247764
2017-03-17 08:00:00,18926.0,272.06,50.0,8,17,3,2017,4,0,2017-03-17,1,0.9624289149260317
2017-03-17 21:00:00,16630.0,280.31,26.0,21,17,3,2017,4,0,2017-03-17,0,0.47165101952518684
2017-03-18 10:00:00,14901.0,271.93,95.0,10,18,3,2017,5,1,2017-03-18,1,0.6711862850029398
2017-03-18 11:00:00,14776.0,272.08,94.0,11,18,3,2017,5,1,2017-03-18,0,0.530524214366785
2017-03-19 21:00:00,14893.0,281.31,29.0,21,19,3,2017,6,1,2017-03-19,1,0.708535904671738
2017-03-19 10:00:00,14406.0,274.13,64.0,10,19,3,2017,6,1,2017-03-19,0,0.358596841303582
2017-03-20 08:00:00,17649.0,273.57,55.0,8,20,3,2017,0,0,2017-03-20,1,0.9374625928708052
2017-03-20 09:00:00,17371.0,272.97,59.0,9,20,3,2017,0,0,2017-03-20,0,0.43434576458243723
2017-03-21 08:00:00,15496.0,278.2,45.0,8,21,3,2017,1,0,2017-03-21,0,0.8570245513733187
2017-03-21 21:00:00,14918.0,287.3,68.0,21,21,3,2017,1,0,2017-03-21,0,0.6380491114347929
2017-03-22 08:00:00,16538.0,278.05,45.0,8,22,3,2017,2,0,2017-03-22,1,0.9032523721649968
2017-03-22 09:00:00,16326.0,278.98,45.0,9,22,3,2017,2,0,2017-03-22,0,0.5331952887621833
2017-03-23 08:00:00,18287.0,267.64,45.0,8,23,3,2017,3,0,2017-03-23,1,0.8779945419785844
2017-03-23 09:00:00,17889.0,267.45,45.0,9,23,3,2017,3,0,2017-03-23,0,0.3597972152872854
2017-03-24 08:00:00,15546.0,271.6,91.0,8,24,3,2017,4,0,2017-03-24,1,0.8561164281141954
2017-03-24 09:00:00,15381.0,271.45,91.0,9,24,3,2017,4,0,2017-03-24,0,0.4641911007496462
2017-03-25 11:00:00,12681.0,281.08,61.0,11,25,3,2017,5,1,2017-03-25,1,0.6007852546402449
2017-03-25 21:00:00,12651.0,284.36,58.0,21,25,3,2017,5,1,2017-03-25,0,0.5125990778175287
2017-03-26 21:00:00,13151.0,278.37,70.0,21,26,3,2017,6,1,2017-03-26,1,0.6966217947377628
2017-03-26 20:00:00,12636.0,278.14,70.0,20,26,3,2017,6,1,2017-03-26,0,0.22645289243440672
2017-03-27 21:00:00,14521.0,284.14,87.0,21,27,3,2017,0,0,2017-03-27,1,0.7813076627046825
2017-03-27 11:00:00,14283.0,276.73,100.0,11,27,3,2017,0,0,2017-03-27,0,0.2018099663067191
2017-03-28 21:00:00,14490.0,280.73,87.0,21,28,3,2017,1,0,2017-03-28,1,0.7625405937442661
2017-03-28 11:00:00,14342.0,279.81,100.0,11,28,3,2017,1,0,2017-03-28,0,0.2506156443714741
2017-03-29 09:00:00,14503.0,280.91,93.0,9,29,3,2017,2,0,2017-03-29,1,0.6154661219141796
2017-03-29 10:00:00,14501.0,280.84,87.0,10,29,3,2017,2,0,2017-03-29,0,0.5034941267420748
2017-03-30 08:00:00,14781.0,275.43,92.0,8,30,3,2017,3,0,2017-03-30,1,0.773594597355292
2017-03-30 09:00:00,14745.0,274.94,92.0,9,30,3,2017,3,0,2017-03-30,0,0.4582674303573814
2017-03-31 11:00:00,14554.0,276.3,100.0,11,31,3,2017,4,0,2017-03-31,1,0.5186602654614514
2017-03-31 10:00:00,14458.0,276.22,93.0,10,31,3,2017,4,0,2017-03-31,0,0.3255864875555838
2017-04-01 11:00:00,13625.0,275.65,93.0,11,1,4,2017,5,1,2017-04-01,1,0.7428925718257063
2017-04-01 21:00:00,13291.0,281.54,65.0,21,1,4,2017,5,1,2017-04-01,0,0.6028169572898362
2017-04-02 09:00:00,12886.0,278.3,65.0,9,2,4,2017,6,1,2017-04-02,1,0.683944490472524
2017-04-02 10:00:00,12860.0,277.79,65.0,10,2,4,2017,6,1,2017-04-02,0,0.6239953384164678
2017-04-03 21:00:00,14486.0,288.66,36.0,21,3,4,2017,0,0,2017-04-03,1,0.6812599293428753
2017-04-03 14:00:00,14388.0,282.45,57.0,14,3,4,2017,0,0,2017-04-03,0,0.4636740940276164
2017-04-04 11:00:00,14178.0,283.14,87.0,11,4,4,2017,1,0,2017-04-04,0,0.42134318796753645
2017-04-04 12:00:00,14213.0,282.91,100.0,12,4,4,2017,1,0,2017-04-04,0,0.3238861620632726
2017-04-05 21:00:00,14493.0,288.87,48.0,21,5,4,2017,2,0,2017-04-05,1,0.7458605263738584
2017-04-05 09:00:00,14450.0,281.15,87.0,9,5,4,2017,2,0,2017-04-05,0,0.3753396582602971
2017-04-06 21:00:00,15948.0,280.24,93.0,21,6,4,2017,3,0,2017-04-06,1,0.7468318256224612
2017-04-06 20:00:00,15411.0,279.61,87.0,20,6,4,2017,3,0,2017-04-06,0,0.6316018542253989
2017-04-07 08:00:00,16278.0,281.69,65.0,8,7,4,2017,4,0,2017-04-07,0,0.8417955043346806
2017-04-07 09:00:00,16406.0,281.07,61.0,9,7,4,2017,4,0,2017-04-07,1,0.6826508008978791
2017-04-08 09:00:00,14429.0,277.43,48.0,9,8,4,2017,5,1,2017-04-08,1,0.7852884385189547
2017-04-08 11:00:00,13782.0,276.76,51.0,11,8,4,2017,5,1,2017-04-08,0,0.5644747503374385
2017-04-09 09:00:00,12844.0,276.87,51.0,9,9,4,2017,6,1,2017-04-09,1,0.6153364240469669
2017-04-09 21:00:00,12803.0,292.14,16.0,21,9,4,2017,6,1,2017-04-09,0,0.4646072939425917
2017-04-10 21:00:00,14499.0,298.08,24.0,21,10,4,2017,0,0,2017-04-10,1,0.643783753941527
2017-04-10 13:00:00,14182.0,283.66,50.0,13,10,4,2017,0,0,2017-04-10,0,0.4117511886888896
2017-04-11 11:00:00,14017.0,284.57,93.0,11,11,4,2017,1,0,2017-04-11,0,0.46799212059764905
2017-04-11 12:00:00,14123.0,285.12,67.0,12,11,4,2017,1,0,2017-04-11,0,0.4326097117832844
2017-04-12 21:00:00,13895.0,295.99,33.0,21,12,4,2017,2,0,2017-04-12,1,0.4975710261356452
2017-04-12 14:00:00,13869.0,290.89,68.0,14,12,4,2017,2,0,2017-04-12,0,0.3168562713524907
2017-04-13 11:00:00,13972.0,282.606333333,60.0,11,13,4,2017,3,0,2017-04-13,1,0.6253014721756415
2017-04-13 12:00:00,13859.0,283.636,58.0,12,13,4,2017,3,0,2017-04-13,0,0.42044504472494637
2017-04-14 11:00:00,12963.0,279.47,40.0,11,14,4,2017,4,0,2017-04-14,0,0.12230638081134364
2017-04-14 21:00:00,12876.0,290.81,25.0,21,14,4,2017,4,0,2017-04-14,0,0.10520819496668425
2017-04-15 21:00:00,12915.0,290.7,59.0,21,15,4,2017,5,1,2017-04-15,1,0.8229063987137186
2017-04-15 22:00:00,12782.0,290.53,59.0,22,15,4,2017,5,1,2017-04-15,0,0.5822699659792805
2017-04-16 22:00:00,12817.0,299.65,37.0,22,16,4,2017,6,1,2017-04-16,1,0.6609250776145649
2017-04-16 21:00:00,12675.0,299.02,47.0,21,16,4,2017,6,1,2017-04-16,0,0.2456163569851551
2017-04-17 14:00:00,14496.0,292.0,48.0,14,17,4,2017,0,0,2017-04-17,1,0.5861253735307801
2017-04-17 11:00:00,14088.0,290.28,64.0,11,17,4,2017,0,0,2017-04-17,0,0.48974951970557484
2017-04-18 15:00:00,14214.0,286.52,41.0,15,18,4,2017,1,0,2017-04-18,1,0.41108063123081534
2017-04-18 12:00:00,13965.0,282.49,50.0,12,18,4,2017,1,0,2017-04-18,0,0.3314115072044105
2017-04-19 21:00:00,14648.0,284.03,66.0,21,19,4,2017,2,0,2017-04-19,1,0.6222992425919763
2017-04-19 14:00:00,14470.0,281.76,66.0,14,19,4,2017,2,0,2017-04-19,0,0.4357546942010056
2017-04-20 16:00:00,15525.0,286.29,81.0,16,20,4,2017,3,0,2017-04-20,1,0.730757003650755
2017-04-20 21:00:00,15048.0,290.99,59.0,21,20,4,2017,3,0,2017-04-20,0,0.7148672064335274
2017-04-21 14:00:00,14301.0,283.38,81.0,14,21,4,2017,4,0,2017-04-21,1,0.5939907591079342
2017-04-21 11:00:00,14070.0,282.37,87.0,11,21,4,2017,4,0,2017-04-21,0,0.36681309146430985
2017-04-22 12:00:00,12859.0,283.98,76.0,12,22,4,2017,5,1,2017-04-22,1,0.6168547517210531
2017-04-22 11:00:00,12708.0,283.84,87.0,11,22,4,2017,5,1,2017-04-22,0,0.6001758853587911
2017-04-23 22:00:00,13000.0,290.24,54.0,22,23,4,2017,6,1,2017-04-23,1,0.8381408807763325
2017-04-23 21:00:00,12974.0,290.22,44.0,21,23,4,2017,6,1,2017-04-23,0,0.7915445488389865
2017-04-24 14:00:00,14245.0,283.41,66.0,14,24,4,2017,0,0,2017-04-24,1,0.629500699524344
2017-04-24 13:00:00,14245.0,282.25,71.0,13,24,4,2017,0,0,2017-04-24,1,0.556510531969661
2017-04-25 21:00:00,14378.0,285.68,93.0,21,25,4,2017,1,0,2017-04-25,1,0.6398294904504755
2017-04-25 11:00:00,14011.0,283.58,87.0,11,25,4,2017,1,0,2017-04-25,0,0.5073810020492489
2017-04-26 18:00:00,15639.0,289.0,87.0,18,26,4,2017,2,0,2017-04-26,1,0.6987304882884153
2017-04-26 15:00:00,15219.0,286.38,87.0,15,26,4,2017,2,0,2017-04-26,0,0.6830719764229748
2017-04-27 14:00:00,14535.0,289.29,82.0,14,27,4,2017,3,0,2017-04-27,1,0.7345559989697779
2017-04-27 15:00:00,14532.0,290.53,77.0,15,27,4,2017,3,0,2017-04-27,0,0.681443422733279
2017-04-28 16:00:00,14382.0,296.67,64.0,16,28,4,2017,4,0,2017-04-28,1,0.5997892833215066
2017-04-28 14:00:00,14179.0,291.29,82.0,14,28,4,2017,4,0,2017-04-28,0,0.4323011085641529
2017-04-29 11:00:00,13078.0,289.98,88.0,11,29,4,2017,5,1,2017-04-29,0,0.46503023357646306
2017-04-29 12:00:00,13414.0,290.2,88.0,12,29,4,2017,5,1,2017-04-29,0,0.3714231885702533
2017-04-30 21:00:00,14566.0,287.08,47.0,21,30,4,2017,6,1,2017-04-30,0,0.6949532894695323
2017-04-30 18:00:00,14761.0,288.54,44.0,18,30,4,2017,6,1,2017-04-30,1,0.6641701957339312
2017-05-01 14:00:00,14472.0,284.23,87.0,14,1,5,2017,0,0,2017-05-01,0,0.6181790123620893
2017-05-01 13:00:00,14609.0,283.28,87.0,13,1,5,2017,0,0,2017-05-01,1,0.5910455796144857
2017-05-02 14:00:00,13632.0,293.5,60.0,14,2,5,2017,1,0,2017-05-02,1,0.5112498529497452
2017-05-02 13:00:00,13576.0,292.58,64.0,13,2,5,2017,1,0,2017-05-02,0,0.2929494632228
2017-05-03 22:00:00,13556.0,290.37,50.0,22,3,5,2017,2,0,2017-05-03,1,0.4680524888107576
2017-05-03 21:00:00,13549.0,290.69,50.0,21,3,5,2017,2,0,2017-05-03,0,0.2184443960024935
2017-05-04 11:00:00,14007.0,278.56,66.0,11,4,5,2017,3,0,2017-05-04,1,0.6321884930736518
2017-05-04 12:00:00,13969.0,280.26,66.0,12,4,5,2017,3,0,2017-05-04,0,0.3391803511615088
2017-05-05 11:00:00,14182.0,284.07,76.0,11,5,5,2017,4,0,2017-05-05,1,0.675490485298758
2017-05-05 13:00:00,14081.0,284.6,82.0,13,5,5,2017,4,0,2017-05-05,0,0.5006881859020474
2017-05-06 11:00:00,12682.0,288.62,93.0,11,6,5,2017,5,1,2017-05-06,1,0.6987694438531139
2017-05-06 12:00:00,12615.0,288.69,100.0,12,6,5,2017,5,1,2017-05-06,0,0.48461116371506
2017-05-07 21:00:00,12353.0,284.15,62.0,21,7,5,2017,6,1,2017-05-07,0,0.37820462238037095
2017-05-07 22:00:00,12712.0,283.53,57.0,22,7,5,2017,6,1,2017-05-07,1,0.35307372330091885
2017-05-08 08:00:00,14841.0,279.35,75.0,8,8,5,2017,0,0,2017-05-08,1,0.6940263006422863
2017-05-08 09:00:00,14720.0,279.14,70.0,9,8,5,2017,0,0,2017-05-08,0,0.5489296067570217
2017-05-09 14:00:00,14198.0,283.68,54.0,14,9,5,2017,1,0,2017-05-09,0,0.4913358537255535
2017-05-09 11:00:00,14393.0,278.92,57.0,11,9,5,2017,1,0,2017-05-09,0,0.4293960916949753
2017-05-10 21:00:00,14638.0,289.46,47.0,21,10,5,2017,2,0,2017-05-10,1,0.7019397171585178
2017-05-10 18:00:00,14589.0,288.91,33.0,18,10,5,2017,2,0,2017-05-10,0,0.634725177885231
2017-05-11 15:00:00,14589.0,286.39,41.0,15,11,5,2017,3,0,2017-05-11,1,0.5926555321035469
2017-05-11 16:00:00,14588.0,286.76,59.0,16,11,5,2017,3,0,2017-05-11,0,0.5385871859545905
2017-05-12 13:00:00,13889.0,283.62,66.0,13,12,5,2017,4,0,2017-05-12,1,0.5873137503008874
2017-05-12 11:00:00,13835.0,280.05,71.0,11,12,5,2017,4,0,2017-05-12,0,0.3030726352922086
2017-05-13 11:00:00,12420.0,282.68,87.0,11,13,5,2017,5,1,2017-05-13,1,0.6098649862246988
2017-05-13 22:00:00,12293.0,282.64,93.0,22,13,5,2017,5,1,2017-05-13,0,0.21704328541448187
2017-05-14 21:00:00,13007.0,291.41,59.0,21,14,5,2017,6,1,2017-05-14,0,0.8192487304708466
2017-05-14 22:00:00,13336.0,290.06,48.0,22,14,5,2017,6,1,2017-05-14,1,0.7888394869416281
2017-05-15 18:00:00,15405.0,290.72,39.0,18,15,5,2017,0,0,2017-05-15,1,0.7506809936709524
2017-05-15 17:00:00,15321.0,290.3,45.0,17,15,5,2017,0,0,2017-05-15,0,0.734299464528532
2017-05-16 17:00:00,17221.0,295.22,43.0,17,16,5,2017,1,0,2017-05-16,0,0.797454108251421
2017-05-16 18:00:00,17267.0,296.68,38.0,18,16,5,2017,1,0,2017-05-16,1,0.7790897320078547
2017-05-17 17:00:00,18169.0,301.83,40.0,17,17,5,2017,2,0,2017-05-17,0,0.8285565416863229
2017-05-17 16:00:00,18215.0,299.91,42.0,16,17,5,2017,2,0,2017-05-17,1,0.7419960960382156
2017-05-18 17:00:00,18520.0,304.91,36.0,17,18,5,2017,3,0,2017-05-18,1,0.8082421106281792
2017-05-18 15:00:00,18322.0,301.9,48.0,15,18,5,2017,3,0,2017-05-18,0,0.6641138877492291
2017-05-19 15:00:00,16876.0,301.68,45.0,15,19,5,2017,4,0,2017-05-19,1,0.6688635068570844
2017-05-19 17:00:00,16585.0,304.38,40.0,17,19,5,2017,4,0,2017-05-19,0,0.6284082190123235
2017-05-20 17:00:00,14814.0,288.98,39.0,17,20,5,2017,5,1,2017-05-20,1,0.734152187773037
2017-05-20 18:00:00,14724.0,289.38,48.0,18,20,5,2017,5,1,2017-05-20,0,0.7246495679784661
2017-05-21 21:00:00,13525.0,291.84,29.0,21,21,5,2017,6,1,2017-05-21,1,0.7134280771909783
2017-05-21 19:00:00,13359.0,292.39,51.0,19,21,5,2017,6,1,2017-05-21,0,0.575109312655114
2017-05-22 15:00:00,14683.0,286.15,93.0,15,22,5,2017,0,0,2017-05-22,1,0.7558098200585022
2017-05-22 16:00:00,14540.0,286.23,93.0,16,22,5,2017,0,0,2017-05-22,0,0.7130648565138558
2017-05-23 17:00:00,14593.0,291.52,52.0,17,23,5,2017,1,0,2017-05-23,1,0.6699940126782481
2017-05-23 14:00:00,14484.0,288.86,77.0,14,23,5,2017,1,0,2017-05-23,0,0.6621485828989933
2017-05-24 14:00:00,14412.0,289.14,77.0,14,24,5,2017,2,0,2017-05-24,1,0.6951539570210536
2017-05-24 13:00:00,14308.0,287.99,87.0,13,24,5,2017,2,0,2017-05-24,0,0.43225600031597516
2017-05-25 14:00:00,14343.0,286.57,100.0,14,25,5,2017,3,0,2017-05-25,1,0.6957329496263256
2017-05-25 13:00:00,14339.0,286.36,87.0,13,25,5,2017,3,0,2017-05-25,0,0.4944898505953493
2017-05-26 15:00:00,14398.0,291.56,77.0,15,26,5,2017,4,0,2017-05-26,1,0.6352621178952034
2017-05-26 14:00:00,14384.0,289.92,72.0,14,26,5,2017,4,0,2017-05-26,0,0.5281674957718621
2017-05-27 18:00:00,14386.0,294.61,56.0,18,27,5,2017,5,1,2017-05-27,1,0.7206985886783202
2017-05-27 21:00:00,13681.0,294.84,53.0,21,27,5,2017,5,1,2017-05-27,0,0.5915571785725803
2017-05-28 21:00:00,13102.0,294.01,60.0,21,28,5,2017,6,1,2017-05-28,0,0.7383010300239373
2017-05-28 22:00:00,13097.0,292.63,52.0,22,28,5,2017,6,1,2017-05-28,0,0.7168540930838486
2017-05-29 18:00:00,14475.0,287.53,87.0,18,29,5,2017,0,0,2017-05-29,1,0.6542078895075158
2017-05-29 17:00:00,14374.0,287.15,93.0,17,29,5,2017,0,0,2017-05-29,0,0.4344031070273546
2017-05-30 17:00:00,16419.0,288.14,72.0,17,30,5,2017,1,0,2017-05-30,1,0.7044583676115558
2017-05-30 15:00:00,16276.0,287.3,82.0,15,30,5,2017,1,0,2017-05-30,0,0.6766632072377016
2017-05-31 16:00:00,15894.0,291.36,82.0,16,31,5,2017,2,0,2017-05-31,1,0.7062046339936714
2017-05-31 17:00:00,15820.0,292.43,77.0,17,31,5,2017,2,0,2017-05-31,0,0.6989550509947375
2017-06-01 17:00:00,16169.0,297.35,31.0,17,1,6,2017,3,0,2017-06-01,1,0.6912107781388588
2017-06-01 18:00:00,16134.0,298.07,31.0,18,1,6,2017,3,0,2017-06-01,0,0.6826128549147448
2017-06-02 18:00:00,16524.0,296.72,27.0,18,2,6,2017,4,0,2017-06-02,1,0.80875536143942
2017-06-02 17:00:00,16513.0,295.99,35.0,17,2,6,2017,4,0,2017-06-02,0,0.7868385968710417
2017-06-03 18:00:00,16133.0,293.73,35.0,18,3,6,2017,5,1,2017-06-03,1,0.8387550977896769
2017-06-03 17:00:00,15915.0,292.8,37.0,17,3,6,2017,5,1,2017-06-03,0,0.7449560880020593
2017-06-04 17:00:00,16461.0,292.54,45.0,17,4,6,2017,6,1,2017-06-04,1,0.7819795856712909
2017-06-04 18:00:00,16376.0,292.0,52.0,18,4,6,2017,6,1,2017-06-04,0,0.7476473240266616
2017-06-05 17:00:00,16667.0,293.23,73.0,17,5,6,2017,0,0,2017-06-05,0,0.6970936571173394
2017-06-05 15:00:00,16970.0,290.84,82.0,15,5,6,2017,0,0,2017-06-05,1,0.6621186126912706
2017-06-06 16:00:00,15551.0,286.15,93.0,16,6,6,2017,1,0,2017-06-06,1,0.7014876898044281
2017-06-06 17:00:00,15535.0,286.23,87.0,17,6,6,2017,1,0,2017-06-06,0,0.6325351237740618
2017-06-07 14:00:00,14324.0,287.36,59.0,14,7,6,2017,2,0,2017-06-07,1,0.5559665535026272
2017-06-07 15:00:00,14324.0,288.37,59.0,15,7,6,2017,2,0,2017-06-07,1,0.331537577321534
2017-06-08 17:00:00,15167.0,293.93,56.0,17,8,6,2017,3,0,2017-06-08,0,0.7315945507446072
2017-06-08 18:00:00,15093.0,293.31,52.0,18,8,6,2017,3,0,2017-06-08,0,0.7094683241679155
2017-06-09 18:00:00,16185.0,298.3,36.0,18,9,6,2017,4,0,2017-06-09,1,0.7962486463745188
2017-06-09 17:00:00,16124.0,297.84,36.0,17,9,6,2017,4,0,2017-06-09,0,0.7485374135524516
2017-06-10 18:00:00,16944.0,301.36,32.0,18,10,6,2017,5,1,2017-06-10,1,0.8481834773826975
2017-06-10 17:00:00,16696.0,300.53,39.0,17,10,6,2017,5,1,2017-06-10,0,0.7974432256749069
2017-06-11 18:00:00,18110.0,304.52,35.0,18,11,6,2017,6,1,2017-06-11,1,0.8409452483017873
2017-06-11 17:00:00,17865.0,303.71,38.0,17,11,6,2017,6,1,2017-06-11,0,0.7791155146789837
2017-06-12 17:00:00,20482.0,304.93,31.0,17,12,6,2017,0,0,2017-06-12,1,0.8133685851120113
2017-06-12 15:00:00,20329.0,301.99,40.0,15,12,6,2017,0,0,2017-06-12,0,0.696524257912116
2017-06-13 15:00:00,19455.0,303.06,43.0,15,13,6,2017,1,0,2017-06-13,0,0.7579613021143519
2017-06-13 14:00:00,19679.0,301.34,51.0,14,13,6,2017,1,0,2017-06-13,1,0.6313112569590063
2017-06-14 17:00:00,19691.0,300.0,44.0,17,14,6,2017,2,0,2017-06-14,1,0.8829336547821989
2017-06-14 18:00:00,19544.0,300.23,54.0,18,14,6,2017,2,0,2017-06-14,0,0.8776905495148196
2017-06-15 17:00:00,19973.0,296.22,38.0,17,15,6,2017,3,0,2017-06-15,1,0.8167931561461895
2017-06-15 18:00:00,19844.0,296.5,49.0,18,15,6,2017,3,0,2017-06-15,0,0.7819491654269494
2017-06-16 17:00:00,19306.0,292.07,88.0,17,16,6,2017,4,0,2017-06-16,1,0.6776125378141934
2017-06-16 18:00:00,19262.0,292.22,88.0,18,16,6,2017,4,0,2017-06-16,0,0.6697213606679118
2017-06-17 18:00:00,18999.0,294.47,88.0,18,17,6,2017,5,1,2017-06-17,1,0.7827403643793898
2017-06-17 17:00:00,18964.0,294.32,88.0,17,17,6,2017,5,1,2017-06-17,0,0.6714124015457752
2017-06-18 17:00:00,17850.0,301.36,69.0,17,18,6,2017,6,1,2017-06-18,1,0.8275824707090554
2017-06-18 18:00:00,17812.0,301.75,55.0,18,18,6,2017,6,1,2017-06-18,0,0.7853801835453286
2017-06-19 15:00:00,17953.0,301.22,58.0,15,19,6,2017,0,0,2017-06-19,1,0.7441585848083345
2017-06-19 17:00:00,17093.0,303.03,62.0,17,19,6,2017,0,0,2017-06-19,0,0.7217583134339652
2017-06-20 17:00:00,17493.0,300.38,37.0,17,20,6,2017,1,0,2017-06-20,1,0.8440586357015307
2017-06-20 18:00:00,17489.0,300.98,37.0,18,20,6,2017,1,0,2017-06-20,0,0.8316013623968819
2017-06-21 17:00:00,18707.0,299.9,35.0,17,21,6,2017,2,0,2017-06-21,0,0.8431613814379658
2017-06-21 18:00:00,18837.0,302.15,35.0,18,21,6,2017,2,0,2017-06-21,1,0.8414424648115287
2017-06-22 17:00:00,19351.0,300.14,44.0,17,22,6,2017,3,0,2017-06-22,0,0.87440951475293
2017-06-22 18:00:00,19219.0,300.68,39.0,18,22,6,2017,3,0,2017-06-22,0,0.8427531050924109
2017-06-23 17:00:00,17201.0,300.14,69.0,17,23,6,2017,4,0,2017-06-23,0,0.7104040620849006
2017-06-23 18:00:00,16877.0,299.07,69.0,18,23,6,2017,4,0,2017-06-23,0,0.6832688323631214
2017-06-24 18:00:00,16188.0,301.56,37.0,18,24,6,2017,5,1,2017-06-24,1,0.8700634251867284
2017-06-24 17:00:00,16142.0,301.14,37.0,17,24,6,2017,5,1,2017-06-24,0,0.8181625962029928
2017-06-25 19:00:00,14549.0,299.79,33.0,19,25,6,2017,6,1,2017-06-25,1,0.6303633730239253
2017-06-25 18:00:00,14525.0,300.38,32.0,18,25,6,2017,6,1,2017-06-25,0,0.5276209646631819
2017-06-26 16:00:00,15428.0,296.55,33.0,16,26,6,2017,0,0,2017-06-26,1,0.6957267814213597
2017-06-26 17:00:00,15425.0,297.7,33.0,17,26,6,2017,0,0,2017-06-26,0,0.6833417798306232
2017-06-27 18:00:00,15589.0,296.42,47.0,18,27,6,2017,1,0,2017-06-27,1,0.7855998586573171
2017-06-27 17:00:00,15511.0,295.66,50.0,17,27,6,2017,1,0,2017-06-27,0,0.7536839989073961
2017-06-28 17:00:00,16266.0,296.67,33.0,17,28,6,2017,2,0,2017-06-28,0,0.7958508581584752
2017-06-28 18:00:00,16429.0,297.06,36.0,18,28,6,2017,2,0,2017-06-28,1,0.7766544365266725
2017-06-29 18:00:00,19466.0,300.45,51.0,18,29,6,2017,3,0,2017-06-29,1,0.8796930764230888
2017-06-29 17:00:00,19462.0,299.2,45.0,17,29,6,2017,3,0,2017-06-29,0,0.8343545197409243
2017-06-30 17:00:00,19119.0,302.21,45.0,17,30,6,2017,4,0,2017-06-30,0,0.8448828153763922
2017-06-30 16:00:00,19344.0,300.91,54.0,16,30,6,2017,4,0,2017-06-30,1,0.8368708324303714
2017-07-01 18:00:00,17613.0,301.07,62.0,18,1,7,2017,5,1,2017-07-01,0,0.8383771161824481
2017-07-01 17:00:00,17629.0,300.68,66.0,17,1,7,2017,5,1,2017-07-01,1,0.8087254302874339
2017-07-02 18:00:00,17743.0,302.91,45.0,18,2,7,2017,6,1,2017-07-02,1,0.8679258760075355
2017-07-02 17:00:00,17572.0,301.84,45.0,17,2,7,2017,6,1,2017-07-02,0,0.8305737736824915
2017-07-03 17:00:00,18940.0,302.67,38.0,17,3,7,2017,0,0,2017-07-03,1,0.7987212028074826
2017-07-03 18:00:00,18837.0,303.14,35.0,18,3,7,2017,0,0,2017-07-03,0,0.7471996895632464
2017-07-04 17:00:00,17188.0,300.0,37.0,17,4,7,2017,1,0,2017-07-04,0,0.845745961767509
2017-07-04 18:00:00,17225.0,300.69,48.0,18,4,7,2017,1,0,2017-07-04,1,0.8428940026220993
2017-07-05 17:00:00,19579.0,300.45,51.0,17,5,7,2017,2,0,2017-07-05,1,0.8920167987095913
2017-07-05 18:00:00,19451.0,301.15,44.0,18,5,7,2017,2,0,2017-07-05,0,0.8596059597653958
2017-07-06 17:00:00,18268.0,296.84,60.0,17,6,7,2017,3,0,2017-07-06,1,0.8204330106529178
2017-07-06 18:00:00,18232.0,297.07,64.0,18,6,7,2017,3,0,2017-07-06,0,0.7908593923862943
2017-07-07 17:00:00,17383.0,294.98,88.0,17,7,7,2017,4,0,2017-07-07,0,0.7030519226799444
2017-07-07 16:00:00,17432.0,294.0,94.0,16,7,7,2017,4,0,2017-07-07,0,0.5970915467850282
2017-07-08 17:00:00,16403.0,300.77,51.0,17,8,7,2017,5,1,2017-07-08,1,0.8302030026618179
2017-07-08 18:00:00,16370.0,301.58,51.0,18,8,7,2017,5,1,2017-07-08,0,0.7958163063377153
2017-07-09 18:00:00,16767.0,299.06,36.0,18,9,7,2017,6,1,2017-07-09,1,0.8588764320069749
2017-07-09 17:00:00,16426.0,298.69,36.0,17,9,7,2017,6,1,2017-07-09,0,0.8306994966443368
2017-07-10 17:00:00,18227.0,300.3,42.0,17,10,7,2017,0,0,2017-07-10,1,0.869883943984541
2017-07-10 18:00:00,18183.0,300.97,42.0,18,10,7,2017,0,0,2017-07-10,0,0.7852694587847884
2017-07-11 17:00:00,19287.0,300.99,54.0,17,11,7,2017,1,0,2017-07-11,0,0.8907751730290638
2017-07-11 18:00:00,18986.0,301.14,51.0,18,11,7,2017,1,0,2017-07-11,0,0.8330403231728877
2017-07-12 17:00:00,20483.0,303.07,55.0,17,12,7,2017,2,0,2017-07-12,1,0.9151503550805552
2017-07-12 15:00:00,20435.0,300.76,61.0,15,12,7,2017,2,0,2017-07-12,0,0.8157710405588215
2017-07-13 15:00:00,19362.0,303.91,49.0,15,13,7,2017,3,0,2017-07-13,1,0.7920927373990672
2017-07-13 17:00:00,19061.0,305.07,49.0,17,13,7,2017,3,0,2017-07-13,0,0.7743164262688729
2017-07-14 17:00:00,19716.0,292.92,88.0,17,14,7,2017,4,0,2017-07-14,0,0.6868803611778795
2017-07-14 18:00:00,19479.0,293.38,88.0,18,14,7,2017,4,0,2017-07-14,0,0.6477548784075912
2017-07-15 18:00:00,17864.0,300.99,51.0,18,15,7,2017,5,1,2017-07-15,1,0.882239555459235
2017-07-15 17:00:00,17661.0,300.07,61.0,17,15,7,2017,5,1,2017-07-15,0,0.803826563482434
2017-07-16 18:00:00,18450.0,301.22,51.0,18,16,7,2017,6,1,2017-07-16,1,0.8963472357063034
2017-07-16 17:00:00,18176.0,300.68,45.0,17,16,7,2017,6,1,2017-07-16,0,0.7765335052754309
2017-07-17 17:00:00,20350.0,301.53,54.0,17,17,7,2017,0,0,2017-07-17,0,0.8864648798416929
2017-07-17 18:00:00,20410.0,301.6,58.0,18,17,7,2017,0,0,2017-07-17,1,0.88207220761791
2017-07-18 17:00:00,21053.0,301.74,52.0,17,18,7,2017,1,0,2017-07-18,0,0.9106574722857975
2017-07-18 16:00:00,21173.0,300.96,58.0,16,18,7,2017,1,0,2017-07-18,1,0.86153993808852
2017-07-19 17:00:00,21678.0,304.65,38.0,17,19,7,2017,2,0,2017-07-19,1,0.8917523364756279
2017-07-19 15:00:00,21277.0,302.8,62.0,15,19,7,2017,2,0,2017-07-19,0,0.8468792963767947
2017-07-20 17:00:00,20998.0,306.23,49.0,17,20,7,2017,3,0,2017-07-20,1,0.8259299892813722
2017-07-20 15:00:00,20980.0,303.81,58.0,15,20,7,2017,3,0,2017-07-20,0,0.8154893383442345
2017-07-21 17:00:00,20096.0,303.96,40.0,17,21,7,2017,4,0,2017-07-21,0,0.8403178107790079
2017-07-21 15:00:00,19940.0,302.04,54.0,15,21,7,2017,4,0,2017-07-21,0,0.8292248334449347
2017-07-22 18:00:00,19344.0,303.78,40.0,18,22,7,2017,5,1,2017-07-22,0,0.8528907925903059
2017-07-22 17:00:00,19238.0,303.37,38.0,17,22,7,2017,5,1,2017-07-22,0,0.8018885916370221
2017-07-23 18:00:00,18308.0,298.24,88.0,18,23,7,2017,6,1,2017-07-23,1,0.7711753646828753
2017-07-23 17:00:00,18164.0,298.42,73.0,17,23,7,2017,6,1,2017-07-23,0,0.6501498250347
2017-07-24 16:00:00,19730.0,292.15,93.0,16,24,7,2017,0,0,2017-07-24,1,0.69481627656102
2017-07-24 17:00:00,19684.0,291.99,93.0,17,24,7,2017,0,0,2017-07-24,0,0.6680773264569032
2017-07-25 18:00:00,18480.0,294.07,68.0,18,25,7,2017,1,0,2017-07-25,1,0.8008155953075226
2017-07-25 17:00:00,18412.0,292.65,77.0,17,25,7,2017,1,0,2017-07-25,0,0.6808931482649571
2017-07-26 18:00:00,19673.0,296.53,53.0,18,26,7,2017,2,0,2017-07-26,1,0.813151688262851
2017-07-26 17:00:00,19552.0,296.15,64.0,17,26,7,2017,2,0,2017-07-26,0,0.7635248421252822
2017-07-27 15:00:00,18516.0,295.91,73.0,15,27,7,2017,3,0,2017-07-27,1,0.6789056963011055
2017-07-27 18:00:00,18079.0,297.9,69.0,18,27,7,2017,3,0,2017-07-27,0,0.6460468649993291
2017-07-28 17:00:00,18056.0,300.45,58.0,17,28,7,2017,4,0,2017-07-28,0,0.8392858970483499
2017-07-28 18:00:00,17938.0,300.65,54.0,18,28,7,2017,4,0,2017-07-28,0,0.8244197760169526
2017-07-29 18:00:00,15584.0,295.69,56.0,18,29,7,2017,5,1,2017-07-29,1,0.7206137921327657
2017-07-29 17:00:00,15376.0,294.98,53.0,17,29,7,2017,5,1,2017-07-29,0,0.6742424488216023
2017-07-30 17:00:00,16946.0,298.61,39.0,17,30,7,2017,6,1,2017-07-30,0,0.8429891111398898
2017-07-30 18:00:00,17206.0,299.56,32.0,18,30,7,2017,6,1,2017-07-30,0,0.8238469714413056
2017-07-31 17:00:00,19897.0,301.98,37.0,17,31,7,2017,0,0,2017-07-31,0,0.8822202531617908
2017-07-31 18:00:00,19992.0,302.84,35.0,18,31,7,2017,0,0,2017-07-31,1,0.859215172393035
2017-08-01 17:00:00,19617.0,303.73,40.0,17,1,8,2017,1,0,2017-08-01,0,0.8473881494681835
2017-08-01 16:00:00,19621.0,302.69,45.0,16,1,8,2017,1,0,2017-08-01,1,0.8226252710625874
2017-08-02 15:00:00,19797.0,301.22,58.0,15,2,8,2017,2,0,2017-08-02,0,0.8323218067916122
2017-08-02 16:00:00,19921.0,302.22,51.0,16,2,8,2017,2,0,2017-08-02,1,0.8197973467131401
2017-08-03 17:00:00,20036.0,301.45,54.0,17,3,8,2017,3,0,2017-08-03,0,0.9123792071940442
2017-08-03 18:00:00,19801.0,302.31,48.0,18,3,8,2017,3,0,2017-08-03,0,0.8394176902870489
2017-08-04 17:00:00,17096.0,301.38,69.0,17,4,8,2017,4,0,2017-08-04,0,0.7497492527385041
2017-08-04 18:00:00,16794.0,301.92,54.0,18,4,8,2017,4,0,2017-08-04,0,0.7253350552154053
2017-08-05 18:00:00,15180.0,297.76,73.0,18,5,8,2017,5,1,2017-08-05,1,0.7101195472519207
2017-08-05 17:00:00,15080.0,297.73,73.0,17,5,8,2017,5,1,2017-08-05,0,0.5602539496594663
2017-08-06 18:00:00,14330.0,296.98,41.0,18,6,8,2017,6,1,2017-08-06,1,0.6605651936804633
2017-08-06 19:00:00,14301.0,296.76,46.0,19,6,8,2017,6,1,2017-08-06,0,0.37138673811373946
2017-08-07 16:00:00,16245.0,292.69,93.0,16,7,8,2017,0,0,2017-08-07,1,0.6667027716727364
2017-08-07 17:00:00,16196.0,292.46,93.0,17,7,8,2017,0,0,2017-08-07,0,0.6542150675018863
2017-08-08 17:00:00,17537.0,296.98,64.0,17,8,8,2017,1,0,2017-08-08,0,0.7655707624591017
2017-08-08 18:00:00,17585.0,297.76,60.0,18,8,8,2017,1,0,2017-08-08,1,0.7392283622967757
2017-08-09 18:00:00,18392.0,300.73,39.0,18,9,8,2017,2,0,2017-08-09,1,0.8634083119966753
2017-08-09 17:00:00,18322.0,300.3,39.0,17,9,8,2017,2,0,2017-08-09,0,0.8630553068993891
2017-08-10 18:00:00,17629.0,301.32,48.0,18,10,8,2017,3,0,2017-08-10,1,0.8456330231989787
2017-08-10 17:00:00,17589.0,301.23,45.0,17,10,8,2017,3,0,2017-08-10,0,0.8324541811712132
2017-08-11 17:00:00,17825.0,299.9,51.0,17,11,8,2017,4,0,2017-08-11,0,0.8408166795182914
2017-08-11 18:00:00,17551.0,299.9,47.0,18,11,8,2017,4,0,2017-08-11,0,0.8334704388677352
2017-08-12 17:00:00,16591.0,295.89,78.0,17,12,8,2017,5,1,2017-08-12,1,0.5994534687152246
2017-08-12 18:00:00,16553.0,296.32,78.0,18,12,8,2017,5,1,2017-08-12,0,0.5845729645590474
2017-08-13 18:00:00,16869.0,300.48,45.0,18,13,8,2017,6,1,2017-08-13,1,0.8710794513870576
2017-08-13 17:00:00,16664.0,300.06,51.0,17,13,8,2017,6,1,2017-08-13,0,0.7961652011800786
2017-08-14 18:00:00,18706.0,299.61,51.0,18,14,8,2017,0,0,2017-08-14,1,0.8846770520848805
2017-08-14 17:00:00,18620.0,299.39,61.0,17,14,8,2017,0,0,2017-08-14,0,0.853253433284928
2017-08-15 18:00:00,20221.0,296.15,88.0,18,15,8,2017,1,0,2017-08-15,1,0.730218362387133
2017-08-15 15:00:00,19377.0,295.82,78.0,15,15,8,2017,1,0,2017-08-15,0,0.6193942041717032
2017-08-16 17:00:00,20945.0,301.63,45.0,17,16,8,2017,2,0,2017-08-16,1,0.9121459437918478
2017-08-16 18:00:00,20822.0,301.64,48.0,18,16,8,2017,2,0,2017-08-16,0,0.8425690949934925
2017-08-17 17:00:00,20795.0,299.14,54.0,17,17,8,2017,3,0,2017-08-17,0,0.8806236617803169
2017-08-17 18:00:00,20452.0,299.68,47.0,18,17,8,2017,3,0,2017-08-17,0,0.8430973263824942
2017-08-18 16:00:00,19847.0,297.98,94.0,16,18,8,2017,4,0,2017-08-18,1,0.46578875752552407
2017-08-18 15:00:00,19801.0,296.9,94.0,15,18,8,2017,4,0,2017-08-18,0,0.45694876507906024
2017-08-19 17:00:00,18293.0,301.9,48.0,17,19,8,2017,5,1,2017-08-19,1,0.8972806067799018
2017-08-19 18:00:00,18224.0,302.48,42.0,18,19,8,2017,5,1,2017-08-19,0,0.8670777697239526
2017-08-20 18:00:00,19249.0,299.48,47.0,18,20,8,2017,6,1,2017-08-20,1,0.905382694627155
2017-08-20 17:00:00,19069.0,299.15,47.0,17,20,8,2017,6,1,2017-08-20,0,0.8818314611156829
2017-08-21 17:00:00,20785.0,302.38,45.0,17,21,8,2017,0,0,2017-08-21,0,0.9061397683553064
2017-08-21 18:00:00,20893.0,302.45,51.0,18,21,8,2017,0,0,2017-08-21,0,0.8522302351586662
2017-08-22 17:00:00,19363.0,301.97,62.0,17,22,8,2017,1,0,2017-08-22,0,0.8687672572515568
2017-08-22 15:00:00,19839.0,299.38,74.0,15,22,8,2017,1,0,2017-08-22,1,0.7677305087104505
2017-08-23 17:00:00,18046.0,299.3,41.0,17,23,8,2017,2,0,2017-08-23,1,0.8461514958285913
2017-08-23 18:00:00,17856.0,299.69,39.0,18,23,8,2017,2,0,2017-08-23,0,0.8365560147363638
2017-08-24 17:00:00,16375.0,298.57,36.0,17,24,8,2017,3,0,2017-08-24,1,0.8527635566440012
2017-08-24 18:00:00,16236.0,299.07,31.0,18,24,8,2017,3,0,2017-08-24,0,0.7422366042957654
2017-08-25 17:00:00,15968.0,296.91,44.0,17,25,8,2017,4,0,2017-08-25,1,0.8093901888907257
2017-08-25 18:00:00,15806.0,297.9,41.0,18,25,8,2017,4,0,2017-08-25,0,0.7695238840874216
2017-08-26 18:00:00,15026.0,296.85,33.0,18,26,8,2017,5,1,2017-08-26,1,0.8079797278049706
2017-08-26 17:00:00,14920.0,295.81,35.0,17,26,8,2017,5,1,2017-08-26,0,0.7063278683451647
2017-08-27 18:00:00,15535.0,297.06,33.0,18,27,8,2017,6,1,2017-08-27,1,0.78862389493307
2017-08-27 17:00:00,15217.0,296.48,36.0,17,27,8,2017,6,1,2017-08-27,0,0.7444247170053576
2017-08-28 18:00:00,16082.0,296.15,38.0,18,28,8,2017,0,0,2017-08-28,0,0.7863742228689936
2017-08-28 17:00:00,16163.0,295.73,43.0,17,28,8,2017,0,0,2017-08-28,0,0.785096565892963
2017-08-29 17:00:00,16925.0,292.22,64.0,17,29,8,2017,1,0,2017-08-29,1,0.7616571567293969
2017-08-29 18:00:00,16897.0,291.82,82.0,18,29,8,2017,1,0,2017-08-29,0,0.5768633158262438
2017-08-30 17:00:00,17757.0,296.3,44.0,17,30,8,2017,2,0,2017-08-30,0,0.7906308743764793
2017-08-30 18:00:00,17772.0,297.23,44.0,18,30,8,2017,2,0,2017-08-30,1,0.7812031643910344
2017-08-31 18:00:00,16788.0,300.07,47.0,18,31,8,2017,3,0,2017-08-31,0,0.7976640183443696
2017-08-31 17:00:00,16934.0,299.4,54.0,17,31,8,2017,3,0,2017-08-31,1,0.7858939669002489
2017-09-01 13:00:00,14338.0,287.38,54.0,13,1,9,2017,4,0,2017-09-01,1,0.4779111200462504
2017-09-01 14:00:00,14314.0,287.38,44.0,14,1,9,2017,4,0,2017-09-01,0,0.288828203408473
2017-09-02 21:00:00,12427.0,291.53,52.0,21,2,9,2017,5,1,2017-09-02,1,0.6640540392646129
2017-09-02 22:00:00,12268.0,290.84,63.0,22,2,9,2017,5,1,2017-09-02,0,0.06400545081990984
2017-09-03 18:00:00,13727.0,292.23,93.0,18,3,9,2017,6,1,2017-09-03,1,0.5936970971188054
2017-09-03 21:00:00,13270.0,294.48,73.0,21,3,9,2017,6,1,2017-09-03,0,0.583439323849069
2017-09-04 18:00:00,16115.0,299.07,47.0,18,4,9,2017,0,0,2017-09-04,1,0.8533807013931254
2017-09-04 17:00:00,15998.0,297.14,47.0,17,4,9,2017,0,0,2017-09-04,0,0.7909084584860853
2017-09-05 15:00:00,16022.0,298.92,65.0,15,5,9,2017,1,0,2017-09-05,1,0.7006792558931594
2017-09-05 17:00:00,15770.0,300.56,54.0,17,5,9,2017,1,0,2017-09-05,0,0.6758511272631114
2017-09-06 13:00:00,14272.0,293.49,88.0,13,6,9,2017,2,0,2017-09-06,1,0.487701875378026
2017-09-06 14:00:00,14261.0,292.68,88.0,14,6,9,2017,2,0,2017-09-06,0,0.27613333714164406
2017-09-07 21:00:00,14255.0,295.15,52.0,21,7,9,2017,3,0,2017-09-07,1,0.6027682221593915
2017-09-07 13:00:00,14245.0,289.51,87.0,13,7,9,2017,3,0,2017-09-07,0,0.18535649966201612
2017-09-08 14:00:00,14354.0,291.6,59.0,14,8,9,2017,4,0,2017-09-08,1,0.4960854019857956
2017-09-08 13:00:00,14217.0,290.33,63.0,13,8,9,2017,4,0,2017-09-08,0,0.23410333883620532
2017-09-09 18:00:00,12963.0,293.32,46.0,18,9,9,2017,5,1,2017-09-09,1,0.6520203036619526
2017-09-09 21:00:00,12759.0,292.78,52.0,21,9,9,2017,5,1,2017-09-09,0,0.5010385290284638
2017-09-10 21:00:00,13240.0,295.51,37.0,21,10,9,2017,6,1,2017-09-10,1,0.7334765373672864
2017-09-10 20:00:00,12866.0,295.48,43.0,20,10,9,2017,6,1,2017-09-10,0,0.32246293431947265
2017-09-11 21:00:00,14550.0,297.72,33.0,21,11,9,2017,0,0,2017-09-11,1,0.4497844184526096
2017-09-11 14:00:00,14421.0,291.24,67.0,14,11,9,2017,0,0,2017-09-11,0,0.3250889286623801
2017-09-12 17:00:00,14778.0,297.78,50.0,17,12,9,2017,1,0,2017-09-12,0,0.6435033734296107
2017-09-12 18:00:00,14701.0,298.48,44.0,18,12,9,2017,1,0,2017-09-12,0,0.6051388389195066
2017-09-13 17:00:00,14979.0,299.05,50.0,17,13,9,2017,2,0,2017-09-13,0,0.7445316799141947
2017-09-13 20:00:00,14993.0,296.56,69.0,20,13,9,2017,2,0,2017-09-13,0,0.6313593282537657
2017-09-14 15:00:00,15156.0,296.14,78.0,15,14,9,2017,3,0,2017-09-14,1,0.6431553267172293
2017-09-14 17:00:00,15040.0,298.4,65.0,17,14,9,2017,3,0,2017-09-14,0,0.618235051713788
2017-09-15 17:00:00,15930.0,299.15,64.0,17,15,9,2017,4,0,2017-09-15,1,0.8176720367688034
2017-09-15 18:00:00,15764.0,299.51,57.0,18,15,9,2017,4,0,2017-09-15,0,0.6826899127687082
2017-09-16 18:00:00,15606.0,299.88,61.0,18,16,9,2017,5,1,2017-09-16,0,0.6636142343951247
2017-09-16 17:00:00,15621.0,299.15,65.0,17,16,9,2017,5,1,2017-09-16,1,0.6359145881016844
2017-09-17 18:00:00,16381.0,298.81,61.0,18,17,9,2017,6,1,2017-09-17,1,0.8080884096306785
2017-09-17 17:00:00,16202.0,298.05,65.0,17,17,9,2017,6,1,2017-09-17,0,0.763321541264333
2017-09-18 17:00:00,17788.0,295.6,73.0,17,18,9,2017,0,0,2017-09-18,1,0.765066567088318
2017-09-18 18:00:00,17711.0,296.07,78.0,18,18,9,2017,0,0,2017-09-18,0,0.652350668549571
2017-09-19 18:00:00,17133.0,298.43,57.0,18,19,9,2017,1,0,2017-09-19,1,0.8050621643204003
2017-09-19 17:00:00,17098.0,297.39,57.0,17,19,9,2017,1,0,2017-09-19,0,0.7460510518166523
2017-09-20 17:00:00,18787.0,298.73,57.0,17,20,9,2017,2,0,2017-09-20,1,0.8813838094222084
2017-09-20 18:00:00,18698.0,298.88,61.0,18,20,9,2017,2,0,2017-09-20,0,0.8313063105289834
2017-09-21 17:00:00,20190.0,298.901068453,64.0,17,21,9,2017,3,0,2017-09-21,1,0.8876493438880435
2017-09-21 18:00:00,20022.0,299.78,61.0,18,21,9,2017,3,0,2017-09-21,0,0.8328858419182673
2017-09-22 17:00:00,19995.0,299.56,42.0,17,22,9,2017,4,0,2017-09-22,1,0.891326921680665
2017-09-22 18:00:00,19675.0,300.56,39.0,18,22,9,2017,4,0,2017-09-22,0,0.781071779537614
2017-09-23 17:00:00,18889.0,301.56,37.0,17,23,9,2017,5,1,2017-09-23,1,0.8700917298936175
2017-09-23 18:00:00,18761.0,302.56,28.0,18,23,9,2017,5,1,2017-09-23,0,0.7633651291942714
2017-09-24 18:00:00,18548.0,304.85,43.0,18,24,9,2017,6,1,2017-09-24,1,0.8379947667741584
2017-09-24 17:00:00,18434.0,303.51,40.0,17,24,9,2017,6,1,2017-09-24,0,0.7709638045866459
2017-09-25 17:00:00,20046.0,301.87,48.0,17,25,9,2017,0,0,2017-09-25,1,0.9107654985762847
2017-09-25 16:00:00,19890.0,301.48,61.0,16,25,9,2017,0,0,2017-09-25,0,0.8255598537091581
2017-09-26 17:00:00,20554.0,299.7,61.0,17,26,9,2017,1,0,2017-09-26,1,0.8947132201017594
2017-09-26 18:00:00,20393.0,300.34,65.0,18,26,9,2017,1,0,2017-09-26,0,0.7863531604852609
2017-09-27 17:00:00,19380.0,301.88,66.0,17,27,9,2017,2,0,2017-09-27,1,0.8562354194704332
2017-09-27 16:00:00,19263.0,301.06,65.0,16,27,9,2017,2,0,2017-09-27,0,0.829934460490689
2017-09-28 17:00:00,16044.0,297.24,38.0,17,28,9,2017,3,0,2017-09-28,0,0.7573218668155994
2017-09-28 21:00:00,15213.0,296.69,38.0,21,28,9,2017,3,0,2017-09-28,0,0.7418507413898151
2017-09-29 17:00:00,14680.0,291.24,45.0,17,29,9,2017,4,0,2017-09-29,0,0.5791678956869761
2017-09-29 16:00:00,14702.0,290.23,42.0,16,29,9,2017,4,0,2017-09-29,1,0.4440244360577729
2017-09-30 18:00:00,12583.0,290.05,48.0,18,30,9,2017,5,1,2017-09-30,1,0.555421579468296
2017-09-30 21:00:00,12464.0,288.75,63.0,21,30,9,2017,5,1,2017-09-30,0,0.36726854400806874
2017-10-01 21:00:00,12989.0,292.48,39.0,21,1,10,2017,6,1,2017-10-01,1,0.8604926355410077
2017-10-01 20:00:00,12842.0,292.69,42.0,20,1,10,2017,6,1,2017-10-01,0,0.44591562185742556
2017-10-02 18:00:00,14794.0,294.6,30.0,18,2,10,2017,0,0,2017-10-02,0,0.561630047151434
2017-10-02 21:00:00,14683.0,295.23,26.0,21,2,10,2017,0,0,2017-10-02,0,0.5489027582033299
2017-10-03 20:00:00,15725.0,293.0,48.0,20,3,10,2017,1,0,2017-10-03,0,0.8019282003530308
2017-10-03 17:00:00,15945.0,293.4,49.0,17,3,10,2017,1,0,2017-10-03,1,0.78770119265766
2017-10-04 17:00:00,16160.0,293.91,64.0,17,4,10,2017,2,0,2017-10-04,1,0.7983632979654712
2017-10-04 18:00:00,16158.0,296.23,53.0,18,4,10,2017,2,0,2017-10-04,0,0.7438631372187436
2017-10-05 17:00:00,15448.0,299.53,47.0,17,5,10,2017,3,0,2017-10-05,0,0.6987738981859494
2017-10-05 18:00:00,15401.0,300.07,51.0,18,5,10,2017,3,0,2017-10-05,0,0.6373853034470862
2017-10-06 17:00:00,15263.0,297.73,50.0,17,6,10,2017,4,0,2017-10-06,1,0.8264517225876499
2017-10-06 18:00:00,15122.0,299.6,39.0,18,6,10,2017,4,0,2017-10-06,0,0.6410620352683286
2017-10-07 18:00:00,15456.0,299.73,54.0,18,7,10,2017,5,1,2017-10-07,1,0.7419796256695882
2017-10-07 17:00:00,15451.0,299.42,54.0,17,7,10,2017,5,1,2017-10-07,0,0.6325157385717346
2017-10-08 20:00:00,14488.0,298.48,83.0,20,8,10,2017,6,1,2017-10-08,1,0.6961389414459567
2017-10-08 21:00:00,14329.0,298.48,83.0,21,8,10,2017,6,1,2017-10-08,0,0.22156546284341652
2017-10-09 17:00:00,16944.0,296.15,94.0,17,9,10,2017,0,0,2017-10-09,1,0.6870289263256012
2017-10-09 16:00:00,16746.0,296.07,88.0,16,9,10,2017,0,0,2017-10-09,0,0.5828986994624096
2017-10-10 17:00:00,16793.0,298.84,47.0,17,10,10,2017,1,0,2017-10-10,0,0.8065954562528804
2017-10-10 18:00:00,16514.0,299.65,51.0,18,10,10,2017,1,0,2017-10-10,0,0.6764375118075755
2017-10-11 17:00:00,16397.0,295.82,64.0,17,11,10,2017,2,0,2017-10-11,1,0.8009252673619678
2017-10-11 20:00:00,15731.0,295.4,68.0,20,11,10,2017,2,0,2017-10-11,0,0.7992028093043015
2017-10-12 20:00:00,14732.0,290.48,55.0,20,12,10,2017,3,0,2017-10-12,1,0.8187182850060567
2017-10-12 21:00:00,14606.0,290.15,55.0,21,12,10,2017,3,0,2017-10-12,0,0.6889464271455417
2017-10-13 17:00:00,14907.0,290.53,63.0,17,13,10,2017,4,0,2017-10-13,1,0.7085727252508837
2017-10-13 18:00:00,14654.0,290.98,63.0,18,13,10,2017,4,0,2017-10-13,0,0.5644605690349491
2017-10-14 18:00:00,14396.0,294.73,73.0,18,14,10,2017,5,1,2017-10-14,1,0.6514401679296112
2017-10-14 21:00:00,13744.0,294.81,73.0,21,14,10,2017,5,1,2017-10-14,0,0.5657420978584059
2017-10-15 21:00:00,13611.0,294.98,73.0,21,15,10,2017,6,1,2017-10-15,0,0.5043276688038862
2017-10-15 20:00:00,13956.0,294.9,73.0,20,15,10,2017,6,1,2017-10-15,1,0.4968924652065656
2017-10-16 20:00:00,14458.0,286.65,54.0,20,16,10,2017,0,0,2017-10-16,1,0.6604621139816218
2017-10-16 21:00:00,14283.0,286.69,54.0,21,16,10,2017,0,0,2017-10-16,0,0.457251082894871
2017-10-17 08:00:00,14682.0,278.06,56.0,8,17,10,2017,1,0,2017-10-17,1,0.772467146982006
2017-10-17 21:00:00,14394.0,287.84,75.0,21,17,10,2017,1,0,2017-10-17,0,0.48585426203969173
2017-10-18 08:00:00,14885.0,280.67,57.0,8,18,10,2017,2,0,2017-10-18,1,0.8503666911656654
2017-10-18 09:00:00,14823.0,280.21,53.0,9,18,10,2017,2,0,2017-10-18,0,0.5554933521112505
2017-10-19 08:00:00,14497.0,283.06,62.0,8,19,10,2017,3,0,2017-10-19,1,0.650565493850266
2017-10-19 20:00:00,14390.0,295.24,37.0,20,19,10,2017,3,0,2017-10-19,0,0.45922971162828746
2017-10-20 14:00:00,14242.0,290.38,44.0,14,20,10,2017,4,0,2017-10-20,1,0.4151716230430134
2017-10-20 11:00:00,14082.0,283.75,67.0,11,20,10,2017,4,0,2017-10-20,0,0.4099698914656507
2017-10-21 20:00:00,12926.0,297.46,25.0,20,21,10,2017,5,1,2017-10-21,1,0.6946262837358228
2017-10-21 11:00:00,12697.0,282.13,50.0,11,21,10,2017,5,1,2017-10-21,0,0.2093359093275098
2017-10-22 21:00:00,13300.0,294.84,46.0,21,22,10,2017,6,1,2017-10-22,0,0.7426328461092736
2017-10-22 20:00:00,13492.0,296.48,33.0,20,22,10,2017,6,1,2017-10-22,1,0.5557580173310472
2017-10-23 14:00:00,14487.0,292.3,82.0,14,23,10,2017,0,0,2017-10-23,1,0.5692065425085078
2017-10-23 20:00:00,14465.0,295.23,64.0,20,23,10,2017,0,0,2017-10-23,0,0.568173089310043
2017-10-24 20:00:00,14549.0,294.69,88.0,20,24,10,2017,1,0,2017-10-24,1,0.7684307325876167
2017-10-24 21:00:00,14363.0,294.73,88.0,21,24,10,2017,1,0,2017-10-24,0,0.32684705198444697
2017-10-25 20:00:00,14945.0,290.81,48.0,20,25,10,2017,2,0,2017-10-25,1,0.8328500134738098
2017-10-25 21:00:00,14844.0,290.48,51.0,21,25,10,2017,2,0,2017-10-25,0,0.7438369604997058
2017-10-26 08:00:00,15666.0,285.39,54.0,8,26,10,2017,3,0,2017-10-26,1,0.8077213004868287
2017-10-26 09:00:00,15527.0,285.06,54.0,9,26,10,2017,3,0,2017-10-26,0,0.633911566269691
2017-10-27 08:00:00,15222.0,279.21,66.0,8,27,10,2017,4,0,2017-10-27,1,0.8472975140301596
2017-10-27 09:00:00,15056.0,278.9,61.0,9,27,10,2017,4,0,2017-10-27,0,0.5816736165368438
2017-10-28 21:00:00,13700.0,284.98,58.0,21,28,10,2017,5,1,2017-10-28,0,0.8094810089648875
2017-10-28 20:00:00,13945.0,284.98,58.0,20,28,10,2017,5,1,2017-10-28,1,0.7774398659890654
2017-10-29 20:00:00,14960.0,284.98,58.0,20,29,10,2017,6,1,2017-10-29,1,0.7369311378334225
2017-10-29 19:00:00,14445.0,284.98,58.0,19,29,10,2017,6,1,2017-10-29,0,0.6542378164267194
2017-10-30 08:00:00,16476.0,284.98,58.0,8,30,10,2017,0,0,2017-10-30,0,0.9015405812436421
2017-10-30 09:00:00,16518.0,284.98,58.0,9,30,10,2017,0,0,2017-10-30,1,0.7650144902741337
2017-10-31 08:00:00,16212.0,284.98,58.0,8,31,10,2017,1,0,2017-10-31,1,0.8969033307919416
2017-10-31 09:00:00,16114.0,284.98,58.0,9,31,10,2017,1,0,2017-10-31,0,0.7507459694182498
2017-11-01 08:00:00,15697.0,284.98,58.0,8,1,11,2017,2,0,2017-11-01,0,0.8567067694520499
2017-11-01 09:00:00,15699.0,284.98,58.0,9,1,11,2017,2,0,2017-11-01,1,0.7400403816283776
2017-11-02 08:00:00,14654.0,284.98,58.0,8,2,11,2017,3,0,2017-11-02,1,0.7326730871350995
2017-11-02 20:00:00,14649.0,284.98,58.0,20,2,11,2017,3,0,2017-11-02,0,0.6211120106957072
2017-11-03 08:00:00,14295.0,284.98,58.0,8,3,11,2017,4,0,2017-11-03,1,0.544755202985683
2017-11-03 11:00:00,14219.0,284.98,58.0,11,3,11,2017,4,0,2017-11-03,0,0.3656994390414278
2017-11-04 20:00:00,13135.0,284.98,58.0,20,4,11,2017,5,1,2017-11-04,0,0.6667030816386779
2017-11-04 19:00:00,12983.0,284.98,58.0,19,4,11,2017,5,1,2017-11-04,0,0.6302216893399022
2017-11-05 19:00:00,13452.0,284.98,58.0,19,5,11,2017,6,1,2017-11-05,1,0.7550856722712228
2017-11-05 20:00:00,13325.0,284.98,58.0,20,5,11,2017,6,1,2017-11-05,0,0.7145609141173275
2017-11-06 19:00:00,14941.0,284.98,58.0,19,6,11,2017,0,0,2017-11-06,1,0.7089820358109117
2017-11-06 20:00:00,14753.0,284.98,58.0,20,6,11,2017,0,0,2017-11-06,0,0.6476390473011628
2017-11-07 20:00:00,15539.0,284.98,58.0,20,7,11,2017,1,0,2017-11-07,0,0.731329537273162
2017-11-07 19:00:00,15695.0,284.98,58.0,19,7,11,2017,1,0,2017-11-07,1,0.7295864769933845
2017-11-08 08:00:00,15673.0,284.98,58.0,8,8,11,2017,2,0,2017-11-08,0,0.8567067694520499
2017-11-08 19:00:00,15860.0,284.98,58.0,19,8,11,2017,2,0,2017-11-08,1,0.7437070328759117
2017-11-09 08:00:00,16060.0,284.98,58.0,8,9,11,2017,3,0,2017-11-09,1,0.8777256636123932
2017-11-09 09:00:00,15773.0,284.98,58.0,9,9,11,2017,3,0,2017-11-09,0,0.7433153854282682
2017-11-10 08:00:00,16505.0,284.98,58.0,8,10,11,2017,4,0,2017-11-10,0,0.9026056335114085
2017-11-10 19:00:00,16547.0,284.98,58.0,19,10,11,2017,4,0,2017-11-10,1,0.7920212889356086
2017-11-11 09:00:00,16416.0,284.98,58.0,9,11,11,2017,5,1,2017-11-11,1,0.7803313009419394
2017-11-11 19:00:00,15456.0,284.98,58.0,19,11,11,2017,5,1,2017-11-11,0,0.7664594447050491
2017-11-12 19:00:00,14906.0,284.98,58.0,19,12,11,2017,6,1,2017-11-12,1,0.7056904937393392
2017-11-12 20:00:00,14789.0,284.98,58.0,20,12,11,2017,6,1,2017-11-12,0,0.6608637573399914
2017-11-13 08:00:00,15967.0,284.98,58.0,8,13,11,2017,0,0,2017-11-13,0,0.8628969147069152
2017-11-13 19:00:00,16510.0,284.98,58.0,19,13,11,2017,0,0,2017-11-13,1,0.7938885337206802
2017-11-14 08:00:00,16375.0,284.98,58.0,8,14,11,2017,1,0,2017-11-14,1,0.9027720670189626
2017-11-14 19:00:00,16262.0,284.98,58.0,19,14,11,2017,1,0,2017-11-14,0,0.7888529262156618
2017-11-15 08:00:00,17126.0,284.98,58.0,8,15,11,2017,2,0,2017-11-15,1,0.8852183586467944
2017-11-15 19:00:00,16154.0,284.98,58.0,19,15,11,2017,2,0,2017-11-15,0,0.7663792901330067
2017-11-16 08:00:00,15886.0,284.98,58.0,8,16,11,2017,3,0,2017-11-16,0,0.8671305263335789
2017-11-16 19:00:00,16324.0,284.98,58.0,19,16,11,2017,3,0,2017-11-16,1,0.7888529262156618
2017-11-17 08:00:00,16658.0,284.98,58.0,8,17,11,2017,4,0,2017-11-17,1,0.8883602209153472
2017-11-17 19:00:00,15392.0,284.98,58.0,19,17,11,2017,4,0,2017-11-17,0,0.7416205485874969
2017-11-18 21:00:00,13625.0,284.98,58.0,21,18,11,2017,5,1,2017-11-18,0,0.7377399455579023
2017-11-18 20:00:00,13917.0,284.98,58.0,20,18,11,2017,5,1,2017-11-18,0,0.6998329031575758
2017-11-19 19:00:00,15875.0,284.98,58.0,19,19,11,2017,6,1,2017-11-19,0,0.7342756060722704
2017-11-19 20:00:00,15917.0,284.98,58.0,20,19,11,2017,6,1,2017-11-19,1,0.7157032873590089
2017-11-20 08:00:00,17727.0,284.98,58.0,8,20,11,2017,0,0,2017-11-20,1,0.8560119769689115
2017-11-20 19:00:00,16491.0,284.98,58.0,19,20,11,2017,0,0,2017-11-20,0,0.7938885337206802
2017-11-21 08:00:00,17429.0,284.98,58.0,8,21,11,2017,1,0,2017-11-21,1,0.8765876038690104
2017-11-21 19:00:00,15514.0,284.98,58.0,19,21,11,2017,1,0,2017-11-21,0,0.7404569563291434
2017-11-22 08:00:00,15580.0,284.98,58.0,8,22,11,2017,2,0,2017-11-22,0,0.8449371154550236
2017-11-22 20:00:00,16156.0,284.98,58.0,20,22,11,2017,2,0,2017-11-22,1,0.7702009160481608
2017-11-23 08:00:00,15535.0,284.98,58.0,8,23,11,2017,3,0,2017-11-23,0,0.8452929442354652
2017-11-23 09:00:00,15912.0,284.98,58.0,9,23,11,2017,3,0,2017-11-23,1,0.7488963184165618
2017-11-24 08:00:00,15126.0,284.98,58.0,8,24,11,2017,4,0,2017-11-24,0,0.822687518620374
2017-11-24 09:00:00,15147.0,284.98,58.0,9,24,11,2017,4,0,2017-11-24,1,0.6696109395356887
2017-11-25 21:00:00,13765.0,284.98,58.0,21,25,11,2017,5,1,2017-11-25,1,0.7704059685512032
2017-11-25 19:00:00,13554.0,284.98,58.0,19,25,11,2017,5,1,2017-11-25,0,0.7580983451657766
2017-11-26 20:00:00,15366.0,284.98,58.0,20,26,11,2017,6,1,2017-11-26,0,0.7496397134716015
2017-11-26 19:00:00,15138.0,284.98,58.0,19,26,11,2017,6,1,2017-11-26,0,0.7317884588926121
2017-11-27 08:00:00,17421.0,284.98,58.0,8,27,11,2017,0,0,2017-11-27,1,0.8765876038690104
2017-11-27 20:00:00,16202.0,284.98,58.0,20,27,11,2017,0,0,2017-11-27,0,0.7779716709184745
2017-11-28 08:00:00,17091.0,284.98,58.0,8,28,11,2017,1,0,2017-11-28,1,0.8857796322450995
2017-11-28 19:00:00,15568.0,284.98,58.0,19,28,11,2017,1,0,2017-11-28,0,0.737113302968286
2017-11-29 08:00:00,16443.0,284.98,58.0,8,29,11,2017,2,0,2017-11-29,1,0.9030140482381137
2017-11-29 09:00:00,16103.0,284.98,58.0,9,29,11,2017,2,0,2017-11-29,0,0.7481978566175113
2017-11-30 00:00:00,13776.0,284.98,58.0,0,30,11,2017,3,0,2017-11-30,1,0.5281699740057985
